order_id,customer_id,order_date,total_amount_idr,shipping_city,shipping_province,shipping_cost_idr,payment_method,order_status,promo_code,discount_amount_idr,courier,year,month,month_num,year_month,is_cancelled,is_returned,is_delivered,used_discount
ORD000001,CUST0474,2023-03-23,1951591,Banjarmasin,Kalimantan Selatan,32066,Transfer Bank,shipped,WEEKEND25,44409.0,JNE,2023,March,3,2023-03,0,0,0,1
ORD000002,CUST0478,2025-02-26,507000,Palembang,Sumatera Selatan,33769,Kartu Kredit,delivered,No Promo,0.0,JNE,2025,February,2,2025-02,0,0,1,0
ORD000003,CUST0306,2022-07-13,199000,Tangerang,Banten,12060,Transfer Bank,delivered,No Promo,0.0,SiCepat,2022,July,7,2022-07,0,0,1,0
ORD000004,CUST0777,2024-11-26,119000,Medan,Sumatera Utara,29005,Transfer Bank,cancelled,No Promo,0.0,Anteraja,2024,November,11,2024-11,1,0,0,0
ORD000005,CUST0210,2023-07-31,358000,Bandung,Jawa Barat,11192,Kartu Kredit,cancelled,No Promo,0.0,JNE,2023,July,7,2023-07,1,0,0,0
ORD000006,CUST0444,2022-05-12,349000,Balikpapan,Kalimantan Timur,37816,Transfer Bank,returned,No Promo,0.0,SiCepat,2022,May,5,2022-05,0,1,0,0
ORD000007,CUST0170,2022-02-05,407000,Bekasi,Jawa Barat,13600,Transfer Bank,delivered,No Promo,0.0,JNE,2022,February,2,2022-02,0,0,1,0
ORD000008,CUST0637,2023-06-02,954364,Manado,Sulawesi Utara,34020,Kartu Kredit,processing,WEEKEND25,31636.0,J&T,2023,June,6,2023-06,0,0,0,1
ORD000009,CUST0677,2024-12-24,230288,Surabaya,Jawa Timur,13179,Transfer Bank,cancelled,HARBOLNAS22,18712.0,JNE,2024,December,12,2024-12,1,0,0,1
ORD000010,CUST0200,2023-04-14,264669,Pontianak,Kalimantan Barat,30484,GoPay,delivered,HARI BELANJA,14331.0,Pos Indonesia,2023,April,4,2023-04,0,0,1,1
ORD000011,CUST0225,2023-03-30,226000,Bekasi,Jawa Barat,9935,Transfer Bank,delivered,No Promo,0.0,Anteraja,2023,March,3,2023-03,0,0,1,0
ORD000012,CUST0760,2023-11-11,251162,Balikpapan,Kalimantan Timur,40940,OVO,shipped,HARI BELANJA,27838.0,J&T,2023,November,11,2023-11,0,0,0,1
ORD000013,CUST0337,2025-02-16,199000,Depok,Jawa Barat,9420,QRIS,delivered,No Promo,0.0,Anteraja,2025,February,2,2025-02,0,0,1,0
ORD000014,CUST0225,2024-04-15,334654,Medan,Sumatera Utara,36425,GoPay,delivered,HARI BELANJA,14346.0,SiCepat,2024,April,4,2024-04,0,0,1,1
ORD000015,CUST0794,2023-01-14,2537438,Pekanbaru,Riau,29080,Transfer Bank,delivered,NEWUSER,36562.0,JNE,2023,January,1,2023-01,0,0,1,1
ORD000016,CUST0441,2024-05-08,1746000,Manado,Sulawesi Utara,34701,GoPay,delivered,No Promo,0.0,J&T,2024,May,5,2024-05,0,0,1,0
ORD000017,CUST0715,2024-01-01,355448,Semarang,Jawa Tengah,12267,Transfer Bank,returned,RAMADAN23,12552.0,J&T,2024,January,1,2024-01,0,1,0,1
ORD000018,CUST0597,2022-01-20,119000,Bogor,Jawa Barat,11574,Kartu Kredit,cancelled,No Promo,0.0,SiCepat,2022,January,1,2022-01,1,0,0,0
ORD000019,CUST0539,2022-10-10,247331,Balikpapan,Kalimantan Timur,37574,OVO,delivered,FLASHSALE,20669.0,SiCepat,2022,October,10,2022-10,0,0,1,1
ORD000020,CUST0712,2023-08-12,377322,Malang,Jawa Timur,16405,OVO,processing,RAMADAN23,19678.0,J&T,2023,August,8,2023-08,0,0,0,1
ORD000021,CUST0111,2025-01-05,748000,Pontianak,Kalimantan Barat,32628,Kartu Kredit,shipped,No Promo,0.0,J&T,2025,January,1,2025-01,0,0,0,0
ORD000022,CUST0566,2024-05-30,279000,Malang,Jawa Timur,21336,GoPay,delivered,No Promo,0.0,JNE,2024,May,5,2024-05,0,0,1,0
ORD000023,CUST0259,2023-08-15,625000,Banjarmasin,Kalimantan Selatan,34512,Kartu Kredit,cancelled,No Promo,0.0,J&T,2023,August,8,2023-08,1,0,0,0
ORD000024,CUST0189,2022-03-31,744000,Tangerang,Banten,9763,GoPay,returned,No Promo,0.0,JNE,2022,March,3,2022-03,0,1,0,0
ORD000025,CUST0790,2022-06-23,288000,Balikpapan,Kalimantan Timur,40074,GoPay,delivered,No Promo,0.0,J&T,2022,June,6,2022-06,0,0,1,0
ORD000026,CUST0755,2024-05-17,549000,Tangerang,Banten,13331,QRIS,shipped,No Promo,0.0,SiCepat,2024,May,5,2024-05,0,0,0,0
ORD000027,CUST0561,2023-08-02,1098000,Yogyakarta,Di Yogyakarta,13146,GoPay,shipped,No Promo,0.0,SiCepat,2023,August,8,2023-08,0,0,0,0
ORD000028,CUST0624,2024-06-27,408558,Balikpapan,Kalimantan Timur,37360,Transfer Bank,cancelled,NEWUSER,39442.0,Anteraja,2024,June,6,2024-06,1,0,0,1
ORD000029,CUST0245,2023-07-02,298000,Denpasar,Bali,28769,Kartu Kredit,delivered,No Promo,0.0,J&T,2023,July,7,2023-07,0,0,1,0
ORD000030,CUST0566,2023-02-28,329000,Malang,Jawa Timur,17186,OVO,delivered,No Promo,0.0,J&T,2023,February,2,2023-02,0,0,1,0
ORD000031,CUST0492,2022-03-30,200075,Pekanbaru,Riau,26230,Transfer Bank,delivered,RAMADAN23,28925.0,JNE,2022,March,3,2022-03,0,0,1,1
ORD000032,CUST0317,2025-01-03,624526,Medan,Sumatera Utara,38976,QRIS,returned,HARI BELANJA,43474.0,JNE,2025,January,1,2025-01,0,1,0,1
ORD000033,CUST0126,2023-10-09,79000,Depok,Jawa Barat,11918,Kartu Kredit,delivered,No Promo,0.0,J&T,2023,October,10,2023-10,0,0,1,0
ORD000034,CUST0636,2024-02-03,279000,Yogyakarta,Di Yogyakarta,15802,Transfer Bank,processing,No Promo,0.0,J&T,2024,February,2,2024-02,0,0,0,0
ORD000035,CUST0775,2023-09-25,896000,Semarang,Jawa Tengah,13372,Transfer Bank,shipped,No Promo,0.0,SiCepat,2023,September,9,2023-09,0,0,0,0
ORD000036,CUST0571,2024-07-11,548000,Manado,Sulawesi Utara,35262,Kartu Kredit,delivered,No Promo,0.0,JNE,2024,July,7,2024-07,0,0,1,0
ORD000037,CUST0323,2024-02-05,218221,Pontianak,Kalimantan Barat,36528,OVO,delivered,HARBOLNAS22,30779.0,JNE,2024,February,2,2024-02,0,0,1,1
ORD000038,CUST0252,2023-07-10,798000,Balikpapan,Kalimantan Timur,31746,Transfer Bank,delivered,No Promo,0.0,Pos Indonesia,2023,July,7,2023-07,0,0,1,0
ORD000039,CUST0288,2023-07-03,329000,Tangerang,Banten,9615,GoPay,shipped,No Promo,0.0,J&T,2023,July,7,2023-07,0,0,0,0
ORD000040,CUST0141,2025-01-12,570879,Malang,Jawa Timur,21984,Transfer Bank,delivered,HARBOLNAS22,28121.0,Anteraja,2025,January,1,2025-01,0,0,1,1
ORD000041,CUST0319,2024-09-25,428000,Bandung,Jawa Barat,10652,Kartu Kredit,delivered,No Promo,0.0,J&T,2024,September,9,2024-09,0,0,1,0
ORD000042,CUST0042,2023-07-03,687278,Bogor,Jawa Barat,12204,OVO,delivered,SALE2024,48722.0,JNE,2023,July,7,2023-07,0,0,1,1
ORD000043,CUST0575,2024-04-03,541268,Bandung,Jawa Barat,11516,OVO,delivered,NEWUSER,36732.0,Anteraja,2024,April,4,2024-04,0,0,1,1
ORD000044,CUST0006,2024-05-19,69000,Makassar,Sulawesi Selatan,42718,Kartu Kredit,delivered,No Promo,0.0,JNE,2024,May,5,2024-05,0,0,1,0
ORD000045,CUST0353,2022-10-14,152424,Malang,Jawa Timur,16206,Transfer Bank,cancelled,NEWUSER,26576.0,JNE,2022,October,10,2022-10,1,0,0,1
ORD000046,CUST0708,2022-03-27,279000,Medan,Sumatera Utara,26965,QRIS,delivered,No Promo,0.0,SiCepat,2022,March,3,2022-03,0,0,1,0
ORD000047,CUST0701,2023-04-09,129000,Manado,Sulawesi Utara,32046,OVO,shipped,No Promo,0.0,SiCepat,2023,April,4,2023-04,0,0,0,0
ORD000048,CUST0151,2024-02-28,598000,Bekasi,Jawa Barat,12367,GoPay,delivered,No Promo,0.0,JNE,2024,February,2,2024-02,0,0,1,0
ORD000049,CUST0679,2023-08-31,108780,Padang,Sumatera Barat,24801,Transfer Bank,delivered,MEMBER10,19220.0,JNE,2023,August,8,2023-08,0,0,1,1
ORD000050,CUST0291,2023-07-25,463402,Denpasar,Bali,28676,Transfer Bank,delivered,HARI BELANJA,35598.0,J&T,2023,July,7,2023-07,0,0,1,1
ORD000051,CUST0277,2023-04-15,1040543,Jakarta,Dki Jakarta,11199,Transfer Bank,delivered,MEMBER10,36457.0,JNE,2023,April,4,2023-04,0,0,1,1
ORD000052,CUST0021,2022-02-08,484546,Denpasar,Bali,24002,Kartu Kredit,shipped,HARBOLNAS22,31454.0,J&T,2022,February,2,2022-02,0,0,0,1
ORD000053,CUST0787,2024-09-14,228576,Tangerang,Banten,9011,GoPay,delivered,WEEKEND25,49424.0,SiCepat,2024,September,9,2024-09,0,0,1,1
ORD000054,CUST0579,2024-02-13,179000,Palembang,Sumatera Selatan,25215,Kartu Kredit,delivered,No Promo,0.0,Anteraja,2024,February,2,2024-02,0,0,1,0
ORD000055,CUST0442,2025-01-23,499000,Palembang,Sumatera Selatan,31259,Kartu Kredit,delivered,No Promo,0.0,Anteraja,2025,January,1,2025-01,0,0,1,0
ORD000056,CUST0106,2024-09-15,225298,Palembang,Sumatera Selatan,25616,OVO,delivered,HARI BELANJA,23702.0,JNE,2024,September,9,2024-09,0,0,1,1
ORD000057,CUST0096,2023-04-20,377000,Pontianak,Kalimantan Barat,41195,Transfer Bank,delivered,No Promo,0.0,SiCepat,2023,April,4,2023-04,0,0,1,0
ORD000058,CUST0007,2025-02-27,1057000,Bogor,Jawa Barat,12709,Transfer Bank,delivered,No Promo,0.0,JNE,2025,February,2,2025-02,0,0,1,0
ORD000059,CUST0570,2024-01-24,208667,Makassar,Sulawesi Selatan,40276,OVO,shipped,SALE2024,29333.0,JNE,2024,January,1,2024-01,0,0,0,1
ORD000060,CUST0472,2022-08-08,298000,Manado,Sulawesi Utara,32515,Transfer Bank,cancelled,No Promo,0.0,JNE,2022,August,8,2022-08,1,0,0,0
ORD000061,CUST0486,2023-03-12,870559,Yogyakarta,Di Yogyakarta,14434,OVO,cancelled,SALE2024,27441.0,JNE,2023,March,3,2023-03,1,0,0,1
ORD000062,CUST0731,2024-09-29,428704,Balikpapan,Kalimantan Timur,44760,QRIS,cancelled,HARI BELANJA,28296.0,Anteraja,2024,September,9,2024-09,1,0,0,1
ORD000063,CUST0324,2023-04-30,687000,Balikpapan,Kalimantan Timur,42645,Kartu Kredit,delivered,No Promo,0.0,JNE,2023,April,4,2023-04,0,0,1,0
ORD000064,CUST0056,2023-12-18,622240,Medan,Sumatera Utara,34176,GoPay,cancelled,SALE2024,25760.0,J&T,2023,December,12,2023-12,1,0,0,1
ORD000065,CUST0052,2024-10-18,129000,Palembang,Sumatera Selatan,30831,OVO,delivered,No Promo,0.0,J&T,2024,October,10,2024-10,0,0,1,0
ORD000066,CUST0046,2023-04-05,229000,Palembang,Sumatera Selatan,33448,OVO,delivered,No Promo,0.0,SiCepat,2023,April,4,2023-04,0,0,1,0
ORD000067,CUST0472,2023-05-28,387000,Manado,Sulawesi Utara,32542,Kartu Kredit,processing,No Promo,0.0,SiCepat,2023,May,5,2023-05,0,0,0,0
ORD000068,CUST0600,2022-12-07,449000,Pontianak,Kalimantan Barat,41195,Transfer Bank,processing,No Promo,0.0,J&T,2022,December,12,2022-12,0,0,0,0
ORD000069,CUST0321,2023-02-26,129132,Malang,Jawa Timur,20164,Transfer Bank,delivered,RAMADAN23,19868.0,J&T,2023,February,2,2023-02,0,0,1,1
ORD000070,CUST0180,2024-05-17,122904,Tangerang,Banten,9347,GoPay,delivered,MEMBER10,26096.0,J&T,2024,May,5,2024-05,0,0,1,1
ORD000071,CUST0387,2023-06-03,467921,Depok,Jawa Barat,13226,Transfer Bank,delivered,NEWUSER,31079.0,J&T,2023,June,6,2023-06,0,0,1,1
ORD000072,CUST0379,2024-06-10,249000,Manado,Sulawesi Utara,38149,OVO,delivered,No Promo,0.0,JNE,2024,June,6,2024-06,0,0,1,0
ORD000073,CUST0629,2024-10-12,660432,Padang,Sumatera Barat,24278,Kartu Kredit,processing,WEEKEND25,26568.0,Pos Indonesia,2024,October,10,2024-10,0,0,0,1
ORD000074,CUST0542,2022-09-30,707000,Semarang,Jawa Tengah,12040,Transfer Bank,shipped,No Promo,0.0,Pos Indonesia,2022,September,9,2022-09,0,0,0,0
ORD000075,CUST0388,2024-04-17,258000,Pontianak,Kalimantan Barat,34548,Transfer Bank,delivered,No Promo,0.0,JNE,2024,April,4,2024-04,0,0,1,0
ORD000076,CUST0315,2023-03-01,1066000,Bogor,Jawa Barat,13438,Kartu Kredit,delivered,No Promo,0.0,SiCepat,2023,March,3,2023-03,0,0,1,0
ORD000077,CUST0400,2023-11-13,319744,Manado,Sulawesi Utara,44292,GoPay,delivered,SALE2024,29256.0,Anteraja,2023,November,11,2023-11,0,0,1,1
ORD000078,CUST0197,2025-01-22,1062859,Depok,Jawa Barat,12090,GoPay,processing,RAMADAN23,34141.0,Anteraja,2025,January,1,2025-01,0,0,0,1
ORD000079,CUST0248,2024-09-17,530836,Pekanbaru,Riau,26512,GoPay,returned,NEWUSER,24164.0,J&T,2024,September,9,2024-09,0,1,0,1
ORD000080,CUST0214,2025-02-07,113515,Denpasar,Bali,29619,GoPay,shipped,HARI BELANJA,44485.0,J&T,2025,February,2,2025-02,0,0,0,1
ORD000081,CUST0478,2024-02-18,216431,Palembang,Sumatera Selatan,25254,Transfer Bank,delivered,NEWUSER,12569.0,SiCepat,2024,February,2,2024-02,0,0,1,1
ORD000082,CUST0417,2024-12-03,597000,Pontianak,Kalimantan Barat,40474,GoPay,processing,No Promo,0.0,J&T,2024,December,12,2024-12,0,0,0,0
ORD000083,CUST0798,2024-09-29,258000,Yogyakarta,Di Yogyakarta,14514,Transfer Bank,delivered,No Promo,0.0,SiCepat,2024,September,9,2024-09,0,0,1,0
ORD000084,CUST0014,2023-07-11,398000,Depok,Jawa Barat,13074,Transfer Bank,delivered,No Promo,0.0,Pos Indonesia,2023,July,7,2023-07,0,0,1,0
ORD000085,CUST0697,2023-06-20,533274,Bandung,Jawa Barat,11097,Kartu Kredit,delivered,WEEKEND25,44726.0,SiCepat,2023,June,6,2023-06,0,0,1,1
ORD000086,CUST0489,2023-01-19,567033,Depok,Jawa Barat,12336,Transfer Bank,processing,MEMBER10,31967.0,JNE,2023,January,1,2023-01,0,0,0,1
ORD000087,CUST0346,2023-02-09,647000,Malang,Jawa Timur,15065,GoPay,delivered,No Promo,0.0,SiCepat,2023,February,2,2023-02,0,0,1,0
ORD000088,CUST0762,2022-12-04,757000,Balikpapan,Kalimantan Timur,32110,GoPay,processing,No Promo,0.0,Anteraja,2022,December,12,2022-12,0,0,0,0
ORD000089,CUST0782,2022-03-22,657000,Denpasar,Bali,25249,QRIS,delivered,No Promo,0.0,Pos Indonesia,2022,March,3,2022-03,0,0,1,0
ORD000090,CUST0188,2023-02-16,639659,Padang,Sumatera Barat,31950,GoPay,delivered,MEMBER10,46341.0,Anteraja,2023,February,2,2023-02,0,0,1,1
ORD000091,CUST0006,2024-08-25,478000,Makassar,Sulawesi Selatan,34889,Transfer Bank,cancelled,No Promo,0.0,Anteraja,2024,August,8,2024-08,1,0,0,0
ORD000092,CUST0630,2024-01-04,825967,Bandung,Jawa Barat,13698,OVO,delivered,SALE2024,11033.0,SiCepat,2024,January,1,2024-01,0,0,1,1
ORD000093,CUST0732,2025-02-19,637000,Depok,Jawa Barat,13897,OVO,shipped,No Promo,0.0,SiCepat,2025,February,2,2025-02,0,0,0,0
ORD000094,CUST0658,2024-10-24,1327000,Banjarmasin,Kalimantan Selatan,39112,Kartu Kredit,cancelled,No Promo,0.0,JNE,2024,October,10,2024-10,1,0,0,0
ORD000095,CUST0583,2023-06-19,207000,Medan,Sumatera Utara,25348,Kartu Kredit,cancelled,No Promo,0.0,J&T,2023,June,6,2023-06,1,0,0,0
ORD000096,CUST0229,2023-03-25,328000,Depok,Jawa Barat,13619,OVO,cancelled,No Promo,0.0,J&T,2023,March,3,2023-03,1,0,0,0
ORD000097,CUST0428,2025-01-21,499000,Manado,Sulawesi Utara,44276,Transfer Bank,delivered,No Promo,0.0,Pos Indonesia,2025,January,1,2025-01,0,0,1,0
ORD000098,CUST0371,2024-09-05,1114630,Bandung,Jawa Barat,14596,Kartu Kredit,processing,WEEKEND25,32370.0,Pos Indonesia,2024,September,9,2024-09,0,0,0,1
ORD000099,CUST0031,2024-03-13,134229,Pontianak,Kalimantan Barat,33877,GoPay,delivered,WEEKEND25,14771.0,SiCepat,2024,March,3,2024-03,0,0,1,1
ORD000100,CUST0222,2022-08-26,649499,Manado,Sulawesi Utara,43010,Kartu Kredit,cancelled,NEWUSER,27501.0,SiCepat,2022,August,8,2022-08,1,0,0,1
ORD000101,CUST0409,2024-04-19,657000,Bekasi,Jawa Barat,11545,Kartu Kredit,delivered,No Promo,0.0,Anteraja,2024,April,4,2024-04,0,0,1,0
ORD000102,CUST0399,2022-01-04,941751,Depok,Jawa Barat,13127,Transfer Bank,delivered,MEMBER10,15249.0,JNE,2022,January,1,2022-01,0,0,1,1
ORD000103,CUST0301,2024-02-28,473549,Tangerang,Banten,9445,GoPay,processing,FLASHSALE,24451.0,Anteraja,2024,February,2,2024-02,0,0,0,1
ORD000104,CUST0653,2023-01-29,657000,Denpasar,Bali,27253,OVO,delivered,No Promo,0.0,JNE,2023,January,1,2023-01,0,0,1,0
ORD000105,CUST0095,2024-08-24,697000,Yogyakarta,Di Yogyakarta,16884,QRIS,cancelled,No Promo,0.0,Pos Indonesia,2024,August,8,2024-08,1,0,0,0
ORD000106,CUST0270,2022-04-07,199000,Semarang,Jawa Tengah,13901,Transfer Bank,delivered,No Promo,0.0,Anteraja,2022,April,4,2022-04,0,0,1,0
ORD000107,CUST0411,2022-09-30,268000,Surabaya,Jawa Timur,12087,Transfer Bank,returned,No Promo,0.0,Anteraja,2022,September,9,2022-09,0,1,0,0
ORD000108,CUST0244,2024-11-11,129000,Yogyakarta,Di Yogyakarta,17061,GoPay,returned,No Promo,0.0,J&T,2024,November,11,2024-11,0,1,0,0
ORD000109,CUST0304,2023-10-02,99000,Surabaya,Jawa Timur,13381,Kartu Kredit,delivered,No Promo,0.0,JNE,2023,October,10,2023-10,0,0,1,0
ORD000110,CUST0442,2023-01-08,158000,Palembang,Sumatera Selatan,33174,Transfer Bank,delivered,No Promo,0.0,J&T,2023,January,1,2023-01,0,0,1,0
ORD000111,CUST0512,2024-03-30,516000,Semarang,Jawa Tengah,12114,Kartu Kredit,shipped,No Promo,0.0,Anteraja,2024,March,3,2024-03,0,0,0,0
ORD000112,CUST0587,2024-12-27,1095000,Malang,Jawa Timur,19990,OVO,delivered,No Promo,0.0,SiCepat,2024,December,12,2024-12,0,0,1,0
ORD000113,CUST0327,2023-06-08,926000,Denpasar,Bali,27366,QRIS,delivered,No Promo,0.0,SiCepat,2023,June,6,2023-06,0,0,1,0
ORD000114,CUST0717,2022-08-08,275109,Banjarmasin,Kalimantan Selatan,40777,Kartu Kredit,cancelled,NEWUSER,32891.0,JNE,2022,August,8,2022-08,1,0,0,1
ORD000115,CUST0336,2024-02-13,549000,Jakarta,Dki Jakarta,10701,GoPay,processing,No Promo,0.0,J&T,2024,February,2,2024-02,0,0,0,0
ORD000116,CUST0154,2024-09-21,398000,Palembang,Sumatera Selatan,24854,Transfer Bank,delivered,No Promo,0.0,J&T,2024,September,9,2024-09,0,0,1,0
ORD000117,CUST0571,2024-11-09,229000,Manado,Sulawesi Utara,42214,OVO,delivered,No Promo,0.0,J&T,2024,November,11,2024-11,0,0,1,0
ORD000118,CUST0339,2024-10-23,266041,Semarang,Jawa Tengah,17425,Kartu Kredit,delivered,FLASHSALE,49959.0,SiCepat,2024,October,10,2024-10,0,0,1,1
ORD000119,CUST0525,2024-02-21,977668,Bogor,Jawa Barat,12840,GoPay,delivered,WEEKEND25,39332.0,J&T,2024,February,2,2024-02,0,0,1,1
ORD000120,CUST0400,2023-09-25,199000,Yogyakarta,Di Yogyakarta,13214,QRIS,delivered,No Promo,0.0,J&T,2023,September,9,2023-09,0,0,1,0
ORD000121,CUST0473,2023-09-16,955632,Banjarmasin,Kalimantan Selatan,30456,Kartu Kredit,delivered,NEWUSER,42368.0,J&T,2023,September,9,2023-09,0,0,1,1
ORD000122,CUST0768,2022-11-18,857000,Denpasar,Bali,28591,Transfer Bank,shipped,No Promo,0.0,SiCepat,2022,November,11,2022-11,0,0,0,0
ORD000123,CUST0370,2024-07-13,83455,Palembang,Sumatera Selatan,27437,OVO,delivered,FLASHSALE,34545.0,JNE,2024,July,7,2024-07,0,0,1,1
ORD000124,CUST0275,2023-09-13,163351,Bandung,Jawa Barat,13228,Transfer Bank,delivered,MEMBER10,35649.0,SiCepat,2023,September,9,2023-09,0,0,1,1
ORD000125,CUST0228,2024-04-18,148000,Manado,Sulawesi Utara,33689,GoPay,delivered,No Promo,0.0,JNE,2024,April,4,2024-04,0,0,1,0
ORD000126,CUST0495,2023-06-13,801305,Manado,Sulawesi Utara,41428,Transfer Bank,cancelled,RAMADAN23,46695.0,JNE,2023,June,6,2023-06,1,0,0,1
ORD000127,CUST0728,2023-06-01,258000,Pekanbaru,Riau,30502,Transfer Bank,delivered,No Promo,0.0,Anteraja,2023,June,6,2023-06,0,0,1,0
ORD000128,CUST0295,2024-04-01,1052821,Manado,Sulawesi Utara,42291,OVO,cancelled,NEWUSER,44179.0,Anteraja,2024,April,4,2024-04,1,0,0,1
ORD000129,CUST0722,2023-04-09,49000,Jakarta,Dki Jakarta,8352,Kartu Kredit,delivered,No Promo,0.0,J&T,2023,April,4,2023-04,0,0,1,0
ORD000130,CUST0208,2022-12-06,328191,Manado,Sulawesi Utara,35513,Kartu Kredit,delivered,MEMBER10,19809.0,SiCepat,2022,December,12,2022-12,0,0,1,1
ORD000131,CUST0714,2024-02-10,418000,Bandung,Jawa Barat,10288,Kartu Kredit,delivered,No Promo,0.0,J&T,2024,February,2,2024-02,0,0,1,0
ORD000132,CUST0135,2024-01-09,138000,Makassar,Sulawesi Selatan,33850,Kartu Kredit,delivered,No Promo,0.0,Anteraja,2024,January,1,2024-01,0,0,1,0
ORD000133,CUST0571,2024-07-14,483563,Manado,Sulawesi Utara,37315,Kartu Kredit,delivered,FLASHSALE,43437.0,J&T,2024,July,7,2024-07,0,0,1,1
ORD000134,CUST0346,2025-02-18,433562,Medan,Sumatera Utara,37007,OVO,returned,RAMADAN23,15438.0,SiCepat,2025,February,2,2025-02,0,1,0,1
ORD000135,CUST0710,2023-06-01,349000,Manado,Sulawesi Utara,32102,Kartu Kredit,delivered,No Promo,0.0,SiCepat,2023,June,6,2023-06,0,0,1,0
ORD000136,CUST0075,2025-01-21,132592,Medan,Sumatera Utara,38095,GoPay,delivered,WEEKEND25,46408.0,JNE,2025,January,1,2025-01,0,0,1,1
ORD000137,CUST0756,2023-02-10,694000,Surabaya,Jawa Timur,16258,GoPay,delivered,No Promo,0.0,J&T,2023,February,2,2023-02,0,0,1,0
ORD000138,CUST0653,2024-12-31,1105671,Denpasar,Bali,26771,Transfer Bank,delivered,NEWUSER,21329.0,J&T,2024,December,12,2024-12,0,0,1,1
ORD000139,CUST0725,2024-02-24,406000,Makassar,Sulawesi Selatan,43702,Transfer Bank,delivered,No Promo,0.0,JNE,2024,February,2,2024-02,0,0,1,0
ORD000140,CUST0426,2023-03-07,16057,Makassar,Sulawesi Selatan,37588,GoPay,delivered,SALE2024,32943.0,SiCepat,2023,March,3,2023-03,0,0,1,1
ORD000141,CUST0492,2023-05-24,298000,Balikpapan,Kalimantan Timur,40284,Transfer Bank,delivered,No Promo,0.0,JNE,2023,May,5,2023-05,0,0,1,0
ORD000142,CUST0686,2024-07-29,1347000,Semarang,Jawa Tengah,13975,OVO,delivered,No Promo,0.0,J&T,2024,July,7,2024-07,0,0,1,0
ORD000143,CUST0180,2022-11-07,687000,Tangerang,Banten,10779,QRIS,shipped,No Promo,0.0,Pos Indonesia,2022,November,11,2022-11,0,0,0,0
ORD000144,CUST0759,2023-03-31,461976,Malang,Jawa Timur,17498,Kartu Kredit,shipped,FLASHSALE,26024.0,J&T,2023,March,3,2023-03,0,0,0,1
ORD000145,CUST0592,2024-09-07,399000,Bandung,Jawa Barat,12523,Transfer Bank,delivered,No Promo,0.0,SiCepat,2024,September,9,2024-09,0,0,1,0
ORD000146,CUST0297,2023-01-19,1377000,Banjarmasin,Kalimantan Selatan,32159,OVO,returned,No Promo,0.0,J&T,2023,January,1,2023-01,0,1,0,0
ORD000147,CUST0597,2023-03-19,528000,Bogor,Jawa Barat,10572,Transfer Bank,delivered,No Promo,0.0,SiCepat,2023,March,3,2023-03,0,0,1,0
ORD000148,CUST0335,2022-09-30,49000,Yogyakarta,Di Yogyakarta,14070,Transfer Bank,processing,No Promo,0.0,SiCepat,2022,September,9,2022-09,0,0,0,0
ORD000149,CUST0056,2024-03-02,129000,Denpasar,Bali,29080,GoPay,processing,No Promo,0.0,SiCepat,2024,March,3,2024-03,0,0,0,0
ORD000150,CUST0358,2024-12-24,632626,Bekasi,Jawa Barat,12049,OVO,delivered,WEEKEND25,15374.0,JNE,2024,December,12,2024-12,0,0,1,1
ORD000151,CUST0587,2024-10-11,1166000,Malang,Jawa Timur,14544,GoPay,cancelled,No Promo,0.0,Pos Indonesia,2024,October,10,2024-10,1,0,0,0
ORD000152,CUST0601,2024-11-01,558000,Jakarta,Dki Jakarta,8814,GoPay,shipped,No Promo,0.0,SiCepat,2024,November,11,2024-11,0,0,0,0
ORD000153,CUST0482,2022-11-19,62123,Bandung,Jawa Barat,14986,QRIS,delivered,HARI BELANJA,36877.0,JNE,2022,November,11,2022-11,0,0,1,1
ORD000154,CUST0478,2024-03-02,1058739,Palembang,Sumatera Selatan,34638,OVO,delivered,HARBOLNAS22,39261.0,JNE,2024,March,3,2024-03,0,0,1,1
ORD000155,CUST0140,2024-11-24,203863,Padang,Sumatera Barat,28074,Transfer Bank,shipped,NEWUSER,45137.0,SiCepat,2024,November,11,2024-11,0,0,0,1
ORD000156,CUST0014,2024-08-21,329000,Malang,Jawa Timur,20362,GoPay,delivered,No Promo,0.0,SiCepat,2024,August,8,2024-08,0,0,1,0
ORD000157,CUST0700,2023-09-05,349000,Jakarta,Dki Jakarta,10361,OVO,returned,No Promo,0.0,JNE,2023,September,9,2023-09,0,1,0,0
ORD000158,CUST0199,2024-06-12,1405000,Semarang,Jawa Tengah,12540,Kartu Kredit,shipped,No Promo,0.0,JNE,2024,June,6,2024-06,0,0,0,0
ORD000159,CUST0235,2025-01-05,528766,Tangerang,Banten,12472,QRIS,delivered,RAMADAN23,20234.0,J&T,2025,January,1,2025-01,0,0,1,1
ORD000160,CUST0027,2022-08-30,69000,Pontianak,Kalimantan Barat,30017,GoPay,delivered,No Promo,0.0,JNE,2022,August,8,2022-08,0,0,1,0
ORD000161,CUST0454,2024-02-14,118504,Makassar,Sulawesi Selatan,39679,Transfer Bank,delivered,SALE2024,10496.0,JNE,2024,February,2,2024-02,0,0,1,1
ORD000162,CUST0228,2024-05-02,541623,Malang,Jawa Timur,15021,Transfer Bank,delivered,FLASHSALE,34377.0,Anteraja,2024,May,5,2024-05,0,0,1,1
ORD000163,CUST0292,2023-03-31,329000,Tangerang,Banten,12928,Kartu Kredit,delivered,No Promo,0.0,SiCepat,2023,March,3,2023-03,0,0,1,0
ORD000164,CUST0788,2022-09-04,179000,Semarang,Jawa Tengah,12218,Kartu Kredit,shipped,No Promo,0.0,J&T,2022,September,9,2022-09,0,0,0,0
ORD000165,CUST0093,2023-07-17,199000,Bandung,Jawa Barat,10107,GoPay,processing,No Promo,0.0,SiCepat,2023,July,7,2023-07,0,0,0,0
ORD000166,CUST0111,2025-01-15,349000,Pontianak,Kalimantan Barat,36329,Transfer Bank,delivered,No Promo,0.0,JNE,2025,January,1,2025-01,0,0,1,0
ORD000167,CUST0295,2023-09-09,239718,Manado,Sulawesi Utara,35268,Kartu Kredit,delivered,FLASHSALE,39282.0,SiCepat,2023,September,9,2023-09,0,0,1,1
ORD000168,CUST0437,2024-10-09,897000,Pekanbaru,Riau,25351,Transfer Bank,delivered,No Promo,0.0,JNE,2024,October,10,2024-10,0,0,1,0
ORD000169,CUST0261,2024-07-14,346000,Bandung,Jawa Barat,12893,OVO,delivered,No Promo,0.0,SiCepat,2024,July,7,2024-07,0,0,1,0
ORD000170,CUST0436,2022-06-21,41785,Balikpapan,Kalimantan Timur,42371,Transfer Bank,delivered,HARBOLNAS22,27215.0,J&T,2022,June,6,2022-06,0,0,1,1
ORD000171,CUST0600,2023-09-03,385229,Manado,Sulawesi Utara,44407,OVO,shipped,SALE2024,12771.0,SiCepat,2023,September,9,2023-09,0,0,0,1
ORD000172,CUST0262,2024-09-02,387000,Malang,Jawa Timur,19296,Kartu Kredit,processing,No Promo,0.0,Anteraja,2024,September,9,2024-09,0,0,0,0
ORD000173,CUST0664,2022-08-19,658000,Balikpapan,Kalimantan Timur,31970,Kartu Kredit,delivered,No Promo,0.0,J&T,2022,August,8,2022-08,0,0,1,0
ORD000174,CUST0153,2023-05-31,178000,Pontianak,Kalimantan Barat,35862,OVO,delivered,No Promo,0.0,SiCepat,2023,May,5,2023-05,0,0,1,0
ORD000175,CUST0606,2024-10-19,238000,Pontianak,Kalimantan Barat,35308,Kartu Kredit,delivered,No Promo,0.0,SiCepat,2024,October,10,2024-10,0,0,1,0
ORD000176,CUST0143,2022-08-02,229000,Medan,Sumatera Utara,38431,QRIS,processing,No Promo,0.0,JNE,2022,August,8,2022-08,0,0,0,0
ORD000177,CUST0646,2024-11-09,129000,Malang,Jawa Timur,21625,QRIS,delivered,No Promo,0.0,Pos Indonesia,2024,November,11,2024-11,0,0,1,0
ORD000178,CUST0586,2024-09-29,599000,Manado,Sulawesi Utara,39349,QRIS,cancelled,No Promo,0.0,JNE,2024,September,9,2024-09,1,0,0,0
ORD000179,CUST0641,2024-05-30,556000,Medan,Sumatera Utara,25500,Kartu Kredit,cancelled,No Promo,0.0,Pos Indonesia,2024,May,5,2024-05,1,0,0,0
ORD000180,CUST0365,2024-12-30,548000,Padang,Sumatera Barat,31214,QRIS,delivered,No Promo,0.0,Anteraja,2024,December,12,2024-12,0,0,1,0
ORD000181,CUST0485,2024-03-27,508000,Malang,Jawa Timur,18615,Transfer Bank,delivered,No Promo,0.0,JNE,2024,March,3,2024-03,0,0,1,0
ORD000182,CUST0277,2024-10-22,281050,Malang,Jawa Timur,21404,GoPay,delivered,RAMADAN23,26950.0,SiCepat,2024,October,10,2024-10,0,0,1,1
ORD000183,CUST0091,2024-07-04,365798,Makassar,Sulawesi Selatan,30721,GoPay,delivered,WEEKEND25,33202.0,JNE,2024,July,7,2024-07,0,0,1,1
ORD000184,CUST0110,2024-08-19,806000,Bogor,Jawa Barat,13261,Transfer Bank,shipped,No Promo,0.0,Anteraja,2024,August,8,2024-08,0,0,0,0
ORD000185,CUST0273,2023-05-05,90964,Yogyakarta,Di Yogyakarta,13095,Transfer Bank,delivered,WEEKEND25,28036.0,J&T,2023,May,5,2023-05,0,0,1,1
ORD000186,CUST0556,2024-01-17,316552,Palembang,Sumatera Selatan,26356,GoPay,delivered,HARI BELANJA,49448.0,J&T,2024,January,1,2024-01,0,0,1,1
ORD000187,CUST0590,2022-01-20,1262864,Bandung,Jawa Barat,12456,Transfer Bank,returned,NEWUSER,41136.0,JNE,2022,January,1,2022-01,0,1,0,1
ORD000188,CUST0737,2023-01-11,258000,Malang,Jawa Timur,16036,Transfer Bank,delivered,No Promo,0.0,J&T,2023,January,1,2023-01,0,0,1,0
ORD000189,CUST0170,2023-05-25,1177000,Bekasi,Jawa Barat,10184,Transfer Bank,shipped,No Promo,0.0,J&T,2023,May,5,2023-05,0,0,0,0
ORD000190,CUST0065,2023-12-16,716741,Bandung,Jawa Barat,14225,Transfer Bank,delivered,WEEKEND25,40259.0,J&T,2023,December,12,2023-12,0,0,1,1
ORD000191,CUST0565,2022-05-03,606000,Banjarmasin,Kalimantan Selatan,34778,GoPay,returned,No Promo,0.0,SiCepat,2022,May,5,2022-05,0,1,0,0
ORD000192,CUST0255,2024-10-13,329000,Medan,Sumatera Utara,34003,GoPay,cancelled,No Promo,0.0,J&T,2024,October,10,2024-10,1,0,0,0
ORD000193,CUST0322,2024-01-04,1327000,Banjarmasin,Kalimantan Selatan,30208,OVO,shipped,No Promo,0.0,JNE,2024,January,1,2024-01,0,0,0,0
ORD000194,CUST0046,2023-02-16,558000,Malang,Jawa Timur,19593,OVO,delivered,No Promo,0.0,J&T,2023,February,2,2023-02,0,0,1,0
ORD000195,CUST0727,2024-02-17,207274,Semarang,Jawa Tengah,14684,GoPay,delivered,MEMBER10,21726.0,J&T,2024,February,2,2024-02,0,0,1,1
ORD000196,CUST0049,2023-07-13,151821,Manado,Sulawesi Utara,36488,Kartu Kredit,shipped,WEEKEND25,27179.0,J&T,2023,July,7,2023-07,0,0,0,1
ORD000197,CUST0166,2022-05-11,333535,Tangerang,Banten,11983,GoPay,delivered,FLASHSALE,24465.0,J&T,2022,May,5,2022-05,0,0,1,1
ORD000198,CUST0197,2024-10-01,727000,Depok,Jawa Barat,10986,Kartu Kredit,delivered,No Promo,0.0,SiCepat,2024,October,10,2024-10,0,0,1,0
ORD000199,CUST0619,2024-04-30,99000,Yogyakarta,Di Yogyakarta,18691,QRIS,delivered,No Promo,0.0,Anteraja,2024,April,4,2024-04,0,0,1,0
ORD000200,CUST0463,2023-08-23,532952,Jakarta,Dki Jakarta,9272,GoPay,processing,RAMADAN23,16048.0,SiCepat,2023,August,8,2023-08,0,0,0,1
ORD000201,CUST0382,2025-02-18,1066000,Bandung,Jawa Barat,13180,QRIS,delivered,No Promo,0.0,Anteraja,2025,February,2,2025-02,0,0,1,0
ORD000202,CUST0507,2025-01-07,656000,Yogyakarta,Di Yogyakarta,17733,OVO,cancelled,No Promo,0.0,J&T,2025,January,1,2025-01,1,0,0,0
ORD000203,CUST0270,2024-11-26,748000,Semarang,Jawa Tengah,13206,OVO,cancelled,No Promo,0.0,JNE,2024,November,11,2024-11,1,0,0,0
ORD000204,CUST0748,2023-09-02,36006,Denpasar,Bali,25740,QRIS,shipped,NEWUSER,42994.0,J&T,2023,September,9,2023-09,0,0,0,1
ORD000205,CUST0333,2024-06-26,399000,Palembang,Sumatera Selatan,26396,Transfer Bank,shipped,No Promo,0.0,J&T,2024,June,6,2024-06,0,0,0,0
ORD000206,CUST0758,2022-04-28,329000,Medan,Sumatera Utara,27292,QRIS,delivered,No Promo,0.0,SiCepat,2022,April,4,2022-04,0,0,1,0
ORD000207,CUST0504,2024-10-24,249000,Bandung,Jawa Barat,13692,GoPay,processing,No Promo,0.0,SiCepat,2024,October,10,2024-10,0,0,0,0
ORD000208,CUST0171,2023-01-07,69237,Balikpapan,Kalimantan Timur,38829,GoPay,delivered,RAMADAN23,49763.0,JNE,2023,January,1,2023-01,0,0,1,1
ORD000209,CUST0397,2025-01-09,754974,Balikpapan,Kalimantan Timur,40409,Transfer Bank,delivered,NEWUSER,30026.0,Pos Indonesia,2025,January,1,2025-01,0,0,1,1
ORD000210,CUST0013,2022-12-26,316368,Makassar,Sulawesi Selatan,31701,GoPay,shipped,WEEKEND25,32632.0,J&T,2022,December,12,2022-12,0,0,0,1
ORD000211,CUST0177,2023-05-30,458000,Bekasi,Jawa Barat,11944,Transfer Bank,delivered,No Promo,0.0,SiCepat,2023,May,5,2023-05,0,0,1,0
ORD000212,CUST0487,2024-04-15,757000,Medan,Sumatera Utara,34051,Transfer Bank,shipped,No Promo,0.0,SiCepat,2024,April,4,2024-04,0,0,0,0
ORD000213,CUST0552,2024-10-19,366000,Padang,Sumatera Barat,33606,GoPay,processing,No Promo,0.0,Anteraja,2024,October,10,2024-10,0,0,0,0
ORD000214,CUST0137,2024-02-09,531514,Makassar,Sulawesi Selatan,34158,GoPay,delivered,NEWUSER,46486.0,JNE,2024,February,2,2024-02,0,0,1,1
ORD000215,CUST0665,2023-08-06,425000,Surabaya,Jawa Timur,13951,OVO,delivered,No Promo,0.0,Pos Indonesia,2023,August,8,2023-08,0,0,1,0
ORD000216,CUST0177,2024-09-30,537934,Bekasi,Jawa Barat,13735,OVO,delivered,HARBOLNAS22,11066.0,JNE,2024,September,9,2024-09,0,0,1,1
ORD000217,CUST0065,2024-07-15,228000,Pekanbaru,Riau,23877,Transfer Bank,delivered,No Promo,0.0,SiCepat,2024,July,7,2024-07,0,0,1,0
ORD000218,CUST0303,2023-07-26,1215000,Surabaya,Jawa Timur,12505,QRIS,delivered,No Promo,0.0,J&T,2023,July,7,2023-07,0,0,1,0
ORD000219,CUST0785,2024-11-05,698000,Balikpapan,Kalimantan Timur,35068,GoPay,returned,No Promo,0.0,J&T,2024,November,11,2024-11,0,1,0,0
ORD000220,CUST0469,2024-07-30,697000,Surabaya,Jawa Timur,15031,Kartu Kredit,delivered,No Promo,0.0,J&T,2024,July,7,2024-07,0,0,1,0
ORD000221,CUST0048,2023-11-13,49000,Pekanbaru,Riau,23507,Transfer Bank,cancelled,No Promo,0.0,J&T,2023,November,11,2023-11,1,0,0,0
ORD000222,CUST0231,2025-01-26,378000,Makassar,Sulawesi Selatan,35307,Transfer Bank,shipped,No Promo,0.0,Anteraja,2025,January,1,2025-01,0,0,0,0
ORD000223,CUST0779,2023-07-18,367000,Medan,Sumatera Utara,34076,Transfer Bank,delivered,No Promo,0.0,J&T,2023,July,7,2023-07,0,0,1,0
ORD000224,CUST0553,2023-09-17,277164,Manado,Sulawesi Utara,33938,GoPay,returned,WEEKEND25,21836.0,SiCepat,2023,September,9,2023-09,0,1,0,1
ORD000225,CUST0372,2023-02-19,685000,Bandung,Jawa Barat,13088,Transfer Bank,delivered,No Promo,0.0,JNE,2023,February,2,2023-02,0,0,1,0
ORD000226,CUST0192,2023-05-03,2295000,Bandung,Jawa Barat,10047,Kartu Kredit,returned,No Promo,0.0,J&T,2023,May,5,2023-05,0,1,0,0
ORD000227,CUST0468,2023-02-22,229972,Surabaya,Jawa Timur,15999,Transfer Bank,shipped,WEEKEND25,19028.0,SiCepat,2023,February,2,2023-02,0,0,0,1
ORD000228,CUST0447,2023-03-05,188000,Palembang,Sumatera Selatan,29823,GoPay,delivered,No Promo,0.0,J&T,2023,March,3,2023-03,0,0,1,0
ORD000229,CUST0355,2024-06-16,318000,Surabaya,Jawa Timur,14612,GoPay,delivered,No Promo,0.0,JNE,2024,June,6,2024-06,0,0,1,0
ORD000230,CUST0752,2022-11-13,1176360,Palembang,Sumatera Selatan,33536,Kartu Kredit,delivered,HARI BELANJA,21640.0,Pos Indonesia,2022,November,11,2022-11,0,0,1,1
ORD000231,CUST0516,2023-09-20,329000,Denpasar,Bali,31814,Kartu Kredit,delivered,No Promo,0.0,JNE,2023,September,9,2023-09,0,0,1,0
ORD000232,CUST0735,2023-02-05,557000,Bandung,Jawa Barat,13190,QRIS,delivered,No Promo,0.0,Anteraja,2023,February,2,2023-02,0,0,1,0
ORD000233,CUST0657,2024-01-03,516000,Padang,Sumatera Barat,30091,QRIS,shipped,No Promo,0.0,SiCepat,2024,January,1,2024-01,0,0,0,0
ORD000234,CUST0233,2025-02-02,1996000,Makassar,Sulawesi Selatan,33270,Transfer Bank,delivered,No Promo,0.0,SiCepat,2025,February,2,2025-02,0,0,1,0
ORD000235,CUST0670,2022-09-19,1098000,Bogor,Jawa Barat,14602,OVO,shipped,No Promo,0.0,JNE,2022,September,9,2022-09,0,0,0,0
ORD000236,CUST0423,2023-10-09,424673,Padang,Sumatera Barat,31736,Kartu Kredit,delivered,RAMADAN23,12327.0,SiCepat,2023,October,10,2023-10,0,0,1,1
ORD000237,CUST0265,2023-03-12,59000,Semarang,Jawa Tengah,17439,OVO,delivered,No Promo,0.0,JNE,2023,March,3,2023-03,0,0,1,0
ORD000238,CUST0746,2023-05-17,537000,Pekanbaru,Riau,25964,GoPay,cancelled,No Promo,0.0,J&T,2023,May,5,2023-05,1,0,0,0
ORD000239,CUST0764,2023-04-19,509400,Pontianak,Kalimantan Barat,39759,QRIS,cancelled,MEMBER10,36600.0,Anteraja,2023,April,4,2023-04,1,0,0,1
ORD000240,CUST0142,2024-06-11,38550,Pontianak,Kalimantan Barat,41374,GoPay,delivered,WEEKEND25,20450.0,JNE,2024,June,6,2024-06,0,0,1,1
ORD000241,CUST0211,2024-12-27,349673,Denpasar,Bali,20557,GoPay,delivered,HARBOLNAS22,49327.0,SiCepat,2024,December,12,2024-12,0,0,1,1
ORD000242,CUST0105,2024-02-03,337000,Padang,Sumatera Barat,36761,GoPay,delivered,No Promo,0.0,SiCepat,2024,February,2,2024-02,0,0,1,0
ORD000243,CUST0399,2022-12-06,68958,Banjarmasin,Kalimantan Selatan,28389,GoPay,shipped,SALE2024,10042.0,Anteraja,2022,December,12,2022-12,0,0,0,1
ORD000244,CUST0085,2024-03-15,157001,Manado,Sulawesi Utara,37854,Kartu Kredit,delivered,NEWUSER,21999.0,JNE,2024,March,3,2024-03,0,0,1,1
ORD000245,CUST0356,2025-02-15,99000,Depok,Jawa Barat,11783,Transfer Bank,delivered,No Promo,0.0,Pos Indonesia,2025,February,2,2025-02,0,0,1,0
ORD000246,CUST0475,2024-01-30,279000,Palembang,Sumatera Selatan,34175,OVO,delivered,No Promo,0.0,JNE,2024,January,1,2024-01,0,0,1,0
ORD000247,CUST0295,2025-01-10,498000,Manado,Sulawesi Utara,32199,Transfer Bank,cancelled,No Promo,0.0,JNE,2025,January,1,2025-01,1,0,0,0
ORD000248,CUST0439,2022-10-23,551254,Malang,Jawa Timur,14527,Transfer Bank,delivered,SALE2024,45746.0,SiCepat,2022,October,10,2022-10,0,0,1,1
ORD000249,CUST0368,2023-04-30,747000,Yogyakarta,Di Yogyakarta,17645,GoPay,delivered,No Promo,0.0,J&T,2023,April,4,2023-04,0,0,1,0
ORD000250,CUST0592,2022-01-13,298000,Bandung,Jawa Barat,14485,Transfer Bank,delivered,No Promo,0.0,SiCepat,2022,January,1,2022-01,0,0,1,0
ORD000251,CUST0491,2024-12-22,528000,Yogyakarta,Di Yogyakarta,14784,OVO,delivered,No Promo,0.0,JNE,2024,December,12,2024-12,0,0,1,0
ORD000252,CUST0777,2024-03-11,126965,Medan,Sumatera Utara,28571,Transfer Bank,delivered,WEEKEND25,22035.0,JNE,2024,March,3,2024-03,0,0,1,1
ORD000253,CUST0293,2022-09-09,849559,Tangerang,Banten,9500,OVO,shipped,HARBOLNAS22,47441.0,J&T,2022,September,9,2022-09,0,0,0,1
ORD000254,CUST0041,2024-07-27,598000,Manado,Sulawesi Utara,37835,Transfer Bank,shipped,No Promo,0.0,Pos Indonesia,2024,July,7,2024-07,0,0,0,0
ORD000255,CUST0120,2022-07-15,199000,Pontianak,Kalimantan Barat,30229,OVO,delivered,No Promo,0.0,Anteraja,2022,July,7,2022-07,0,0,1,0
ORD000256,CUST0577,2024-09-15,208000,Tangerang,Banten,13633,Kartu Kredit,delivered,No Promo,0.0,J&T,2024,September,9,2024-09,0,0,1,0
ORD000257,CUST0247,2023-03-26,597000,Yogyakarta,Di Yogyakarta,18687,Transfer Bank,delivered,No Promo,0.0,J&T,2023,March,3,2023-03,0,0,1,0
ORD000258,CUST0712,2024-01-30,463575,Padang,Sumatera Barat,25488,Kartu Kredit,processing,SALE2024,14425.0,JNE,2024,January,1,2024-01,0,0,0,1
ORD000259,CUST0362,2025-01-17,267222,Jakarta,Dki Jakarta,10002,OVO,shipped,FLASHSALE,31778.0,J&T,2025,January,1,2025-01,0,0,0,1
ORD000260,CUST0564,2024-12-19,948000,Manado,Sulawesi Utara,44281,GoPay,returned,No Promo,0.0,JNE,2024,December,12,2024-12,0,1,0,0
ORD000261,CUST0792,2023-04-16,329000,Palembang,Sumatera Selatan,33458,OVO,delivered,No Promo,0.0,J&T,2023,April,4,2023-04,0,0,1,0
ORD000262,CUST0177,2024-05-11,99697,Malang,Jawa Timur,21096,Transfer Bank,delivered,NEWUSER,29303.0,J&T,2024,May,5,2024-05,0,0,1,1
ORD000263,CUST0550,2022-04-05,1715000,Depok,Jawa Barat,10273,Transfer Bank,delivered,No Promo,0.0,JNE,2022,April,4,2022-04,0,0,1,0
ORD000264,CUST0592,2024-04-23,538443,Bandung,Jawa Barat,11036,OVO,shipped,SALE2024,18557.0,JNE,2024,April,4,2024-04,0,0,0,1
ORD000265,CUST0735,2023-06-28,267000,Medan,Sumatera Utara,28992,GoPay,delivered,No Promo,0.0,Anteraja,2023,June,6,2023-06,0,0,1,0
ORD000266,CUST0406,2023-11-27,119000,Jakarta,Dki Jakarta,10929,Kartu Kredit,delivered,No Promo,0.0,SiCepat,2023,November,11,2023-11,0,0,1,0
ORD000267,CUST0626,2024-03-25,408856,Jakarta,Dki Jakarta,8093,OVO,returned,SALE2024,48144.0,JNE,2024,March,3,2024-03,0,1,0,1
ORD000268,CUST0768,2025-01-04,45695,Jakarta,Dki Jakarta,9079,Transfer Bank,returned,RAMADAN23,23305.0,J&T,2025,January,1,2025-01,0,1,0,1
ORD000269,CUST0122,2023-01-17,1372273,Bandung,Jawa Barat,13324,OVO,delivered,WEEKEND25,33727.0,SiCepat,2023,January,1,2023-01,0,0,1,1
ORD000270,CUST0371,2022-10-10,279000,Bandung,Jawa Barat,12086,GoPay,delivered,No Promo,0.0,Pos Indonesia,2022,October,10,2022-10,0,0,1,0
ORD000271,CUST0194,2024-10-14,399000,Tangerang,Banten,11476,OVO,delivered,No Promo,0.0,J&T,2024,October,10,2024-10,0,0,1,0
ORD000272,CUST0121,2022-03-09,747000,Manado,Sulawesi Utara,38732,OVO,cancelled,No Promo,0.0,SiCepat,2022,March,3,2022-03,1,0,0,0
ORD000273,CUST0041,2024-08-31,158000,Pontianak,Kalimantan Barat,29607,OVO,cancelled,No Promo,0.0,JNE,2024,August,8,2024-08,1,0,0,0
ORD000274,CUST0674,2024-11-13,712101,Banjarmasin,Kalimantan Selatan,31293,OVO,processing,HARBOLNAS22,33899.0,Anteraja,2024,November,11,2024-11,0,0,0,1
ORD000275,CUST0545,2023-04-09,605000,Surabaya,Jawa Timur,17648,Transfer Bank,delivered,No Promo,0.0,SiCepat,2023,April,4,2023-04,0,0,1,0
ORD000276,CUST0798,2024-12-19,637000,Yogyakarta,Di Yogyakarta,17090,GoPay,delivered,No Promo,0.0,J&T,2024,December,12,2024-12,0,0,1,0
ORD000277,CUST0278,2023-12-20,153907,Balikpapan,Kalimantan Timur,36263,QRIS,delivered,HARBOLNAS22,45093.0,JNE,2023,December,12,2023-12,0,0,1,1
ORD000278,CUST0715,2025-02-27,598000,Malang,Jawa Timur,18161,Transfer Bank,delivered,No Promo,0.0,SiCepat,2025,February,2,2025-02,0,0,1,0
ORD000279,CUST0187,2022-04-01,826000,Surabaya,Jawa Timur,14262,Transfer Bank,delivered,No Promo,0.0,SiCepat,2022,April,4,2022-04,0,0,1,0
ORD000280,CUST0272,2024-10-07,89000,Denpasar,Bali,22579,QRIS,processing,No Promo,0.0,J&T,2024,October,10,2024-10,0,0,0,0
ORD000281,CUST0464,2024-04-22,89000,Banjarmasin,Kalimantan Selatan,31702,Transfer Bank,cancelled,No Promo,0.0,Anteraja,2024,April,4,2024-04,1,0,0,0
ORD000282,CUST0365,2025-01-30,577000,Padang,Sumatera Barat,30035,OVO,delivered,No Promo,0.0,Anteraja,2025,January,1,2025-01,0,0,1,0
ORD000283,CUST0757,2024-07-29,299000,Padang,Sumatera Barat,28255,Transfer Bank,shipped,No Promo,0.0,Anteraja,2024,July,7,2024-07,0,0,0,0
ORD000284,CUST0168,2024-11-01,362766,Banjarmasin,Kalimantan Selatan,34732,Kartu Kredit,cancelled,WEEKEND25,36234.0,SiCepat,2024,November,11,2024-11,1,0,0,1
ORD000285,CUST0699,2023-04-07,1522617,Medan,Sumatera Utara,26826,Transfer Bank,delivered,HARBOLNAS22,12383.0,SiCepat,2023,April,4,2023-04,0,0,1,1
ORD000286,CUST0026,2025-02-28,805000,Depok,Jawa Barat,10048,Transfer Bank,delivered,No Promo,0.0,J&T,2025,February,2,2025-02,0,0,1,0
ORD000287,CUST0127,2024-04-25,75046,Depok,Jawa Barat,9711,GoPay,delivered,SALE2024,43954.0,JNE,2024,April,4,2024-04,0,0,1,1
ORD000288,CUST0795,2023-12-01,349000,Jakarta,Dki Jakarta,8763,OVO,shipped,No Promo,0.0,J&T,2023,December,12,2023-12,0,0,0,0
ORD000289,CUST0361,2024-11-22,363172,Pekanbaru,Riau,25844,Transfer Bank,delivered,MEMBER10,33828.0,SiCepat,2024,November,11,2024-11,0,0,1,1
ORD000290,CUST0486,2024-04-26,556000,Yogyakarta,Di Yogyakarta,14058,Transfer Bank,delivered,No Promo,0.0,J&T,2024,April,4,2024-04,0,0,1,0
ORD000291,CUST0399,2024-02-25,402413,Banjarmasin,Kalimantan Selatan,30595,Kartu Kredit,delivered,NEWUSER,46587.0,JNE,2024,February,2,2024-02,0,0,1,1
ORD000292,CUST0695,2024-03-23,926000,Balikpapan,Kalimantan Timur,44074,GoPay,processing,No Promo,0.0,SiCepat,2024,March,3,2024-03,0,0,0,0
ORD000293,CUST0135,2022-04-23,496000,Makassar,Sulawesi Selatan,32644,QRIS,delivered,No Promo,0.0,SiCepat,2022,April,4,2022-04,0,0,1,0
ORD000294,CUST0759,2024-12-27,199000,Malang,Jawa Timur,19614,OVO,delivered,No Promo,0.0,SiCepat,2024,December,12,2024-12,0,0,1,0
ORD000295,CUST0633,2025-02-07,678000,Balikpapan,Kalimantan Timur,30807,QRIS,delivered,No Promo,0.0,Anteraja,2025,February,2,2025-02,0,0,1,0
ORD000296,CUST0279,2023-08-09,133599,Surabaya,Jawa Timur,13935,Transfer Bank,shipped,RAMADAN23,24401.0,JNE,2023,August,8,2023-08,0,0,0,1
ORD000297,CUST0794,2023-07-22,27796,Pekanbaru,Riau,26699,OVO,delivered,MEMBER10,41204.0,SiCepat,2023,July,7,2023-07,0,0,1,1
ORD000298,CUST0047,2023-05-19,79000,Malang,Jawa Timur,15427,QRIS,shipped,No Promo,0.0,J&T,2023,May,5,2023-05,0,0,0,0
ORD000299,CUST0690,2023-07-09,129000,Padang,Sumatera Barat,34985,Transfer Bank,shipped,No Promo,0.0,J&T,2023,July,7,2023-07,0,0,0,0
ORD000300,CUST0190,2022-01-26,179000,Surabaya,Jawa Timur,14077,Transfer Bank,returned,No Promo,0.0,SiCepat,2022,January,1,2022-01,0,1,0,0
ORD000301,CUST0092,2022-02-07,1036000,Bandung,Jawa Barat,13522,QRIS,shipped,No Promo,0.0,J&T,2022,February,2,2022-02,0,0,0,0
ORD000302,CUST0076,2023-08-29,451201,Tangerang,Banten,9654,Kartu Kredit,returned,FLASHSALE,47799.0,JNE,2023,August,8,2023-08,0,1,0,1
ORD000303,CUST0544,2024-08-21,338000,Manado,Sulawesi Utara,37773,Transfer Bank,shipped,No Promo,0.0,JNE,2024,August,8,2024-08,0,0,0,0
ORD000304,CUST0392,2023-04-01,257131,Manado,Sulawesi Utara,42435,GoPay,delivered,FLASHSALE,41869.0,JNE,2023,April,4,2023-04,0,0,1,1
ORD000305,CUST0388,2023-05-19,597000,Pontianak,Kalimantan Barat,41099,QRIS,delivered,No Promo,0.0,SiCepat,2023,May,5,2023-05,0,0,1,0
ORD000306,CUST0314,2023-11-25,161041,Medan,Sumatera Utara,31568,Transfer Bank,delivered,FLASHSALE,37959.0,J&T,2023,November,11,2023-11,0,0,1,1
ORD000307,CUST0708,2025-02-28,11970,Medan,Sumatera Utara,25377,GoPay,delivered,MEMBER10,47030.0,SiCepat,2025,February,2,2025-02,0,0,1,1
ORD000308,CUST0437,2024-08-15,129000,Pekanbaru,Riau,32403,OVO,delivered,No Promo,0.0,J&T,2024,August,8,2024-08,0,0,1,0
ORD000309,CUST0608,2023-01-06,89996,Manado,Sulawesi Utara,33804,Transfer Bank,delivered,FLASHSALE,29004.0,J&T,2023,January,1,2023-01,0,0,1,1
ORD000310,CUST0538,2024-09-27,955000,Depok,Jawa Barat,11747,OVO,delivered,No Promo,0.0,JNE,2024,September,9,2024-09,0,0,1,0
ORD000311,CUST0300,2024-05-23,1087317,Medan,Sumatera Utara,26195,Kartu Kredit,delivered,HARI BELANJA,28683.0,JNE,2024,May,5,2024-05,0,0,1,1
ORD000312,CUST0232,2024-05-29,898000,Bandung,Jawa Barat,10140,GoPay,shipped,No Promo,0.0,SiCepat,2024,May,5,2024-05,0,0,0,0
ORD000313,CUST0620,2024-12-30,979541,Yogyakarta,Di Yogyakarta,17715,OVO,delivered,HARI BELANJA,18459.0,SiCepat,2024,December,12,2024-12,0,0,1,1
ORD000314,CUST0063,2024-02-28,349000,Pekanbaru,Riau,22710,GoPay,delivered,No Promo,0.0,Anteraja,2024,February,2,2024-02,0,0,1,0
ORD000315,CUST0380,2023-10-05,51870,Makassar,Sulawesi Selatan,30610,Transfer Bank,delivered,NEWUSER,47130.0,JNE,2023,October,10,2023-10,0,0,1,1
ORD000316,CUST0056,2024-03-29,497000,Denpasar,Bali,25828,Transfer Bank,processing,No Promo,0.0,JNE,2024,March,3,2024-03,0,0,0,0
ORD000317,CUST0644,2024-08-31,276604,Medan,Sumatera Utara,32049,QRIS,delivered,MEMBER10,22396.0,J&T,2024,August,8,2024-08,0,0,1,1
ORD000318,CUST0266,2024-07-13,483227,Jakarta,Dki Jakarta,8296,Transfer Bank,delivered,NEWUSER,22773.0,J&T,2024,July,7,2024-07,0,0,1,1
ORD000319,CUST0318,2023-03-09,798000,Balikpapan,Kalimantan Timur,40748,Transfer Bank,delivered,No Promo,0.0,SiCepat,2023,March,3,2023-03,0,0,1,0
ORD000320,CUST0554,2024-01-18,1426000,Semarang,Jawa Tengah,17334,GoPay,shipped,No Promo,0.0,JNE,2024,January,1,2024-01,0,0,0,0
ORD000321,CUST0499,2023-05-03,49000,Tangerang,Banten,10542,QRIS,delivered,No Promo,0.0,SiCepat,2023,May,5,2023-05,0,0,1,0
ORD000322,CUST0376,2025-01-06,203680,Pontianak,Kalimantan Barat,32592,GoPay,delivered,SALE2024,25320.0,J&T,2025,January,1,2025-01,0,0,1,1
ORD000323,CUST0010,2022-03-11,229000,Manado,Sulawesi Utara,33766,Transfer Bank,cancelled,No Promo,0.0,JNE,2022,March,3,2022-03,1,0,0,0
ORD000324,CUST0752,2024-11-29,102674,Palembang,Sumatera Selatan,29475,GoPay,processing,FLASHSALE,26326.0,J&T,2024,November,11,2024-11,0,0,0,1
ORD000325,CUST0767,2022-05-21,1378362,Palembang,Sumatera Selatan,22918,Transfer Bank,cancelled,MEMBER10,18638.0,Anteraja,2022,May,5,2022-05,1,0,0,1
ORD000326,CUST0048,2022-05-15,49000,Pekanbaru,Riau,31527,Kartu Kredit,processing,No Promo,0.0,Anteraja,2022,May,5,2022-05,0,0,0,0
ORD000327,CUST0678,2024-05-02,229000,Surabaya,Jawa Timur,15599,Kartu Kredit,shipped,No Promo,0.0,Anteraja,2024,May,5,2024-05,0,0,0,0
ORD000328,CUST0105,2024-08-21,208000,Padang,Sumatera Barat,32113,GoPay,delivered,No Promo,0.0,JNE,2024,August,8,2024-08,0,0,1,0
ORD000329,CUST0550,2024-08-05,293751,Depok,Jawa Barat,12843,OVO,delivered,FLASHSALE,35249.0,Anteraja,2024,August,8,2024-08,0,0,1,1
ORD000330,CUST0404,2024-05-23,49000,Makassar,Sulawesi Selatan,38308,OVO,delivered,No Promo,0.0,JNE,2024,May,5,2024-05,0,0,1,0
ORD000331,CUST0079,2024-02-05,747000,Pontianak,Kalimantan Barat,28772,Transfer Bank,delivered,No Promo,0.0,J&T,2024,February,2,2024-02,0,0,1,0
ORD000332,CUST0761,2024-11-30,398000,Bandung,Jawa Barat,13722,Kartu Kredit,cancelled,No Promo,0.0,J&T,2024,November,11,2024-11,1,0,0,0
ORD000333,CUST0258,2024-03-20,427193,Yogyakarta,Di Yogyakarta,19261,Transfer Bank,delivered,MEMBER10,19807.0,JNE,2024,March,3,2024-03,0,0,1,1
ORD000334,CUST0148,2022-03-13,796980,Surabaya,Jawa Timur,17612,Kartu Kredit,delivered,MEMBER10,39020.0,SiCepat,2022,March,3,2022-03,0,0,1,1
ORD000335,CUST0019,2023-09-16,348000,Malang,Jawa Timur,18752,QRIS,delivered,No Promo,0.0,J&T,2023,September,9,2023-09,0,0,1,0
ORD000336,CUST0358,2022-06-07,229000,Bekasi,Jawa Barat,12671,GoPay,shipped,No Promo,0.0,Anteraja,2022,June,6,2022-06,0,0,0,0
ORD000337,CUST0759,2023-04-09,1984180,Malang,Jawa Timur,21547,GoPay,delivered,SALE2024,11820.0,JNE,2023,April,4,2023-04,0,0,1,1
ORD000338,CUST0670,2023-12-30,1176000,Bogor,Jawa Barat,14853,Transfer Bank,delivered,No Promo,0.0,Anteraja,2023,December,12,2023-12,0,0,1,0
ORD000339,CUST0412,2023-04-15,252013,Depok,Jawa Barat,10262,OVO,delivered,FLASHSALE,26987.0,SiCepat,2023,April,4,2023-04,0,0,1,1
ORD000340,CUST0639,2024-11-22,698000,Bekasi,Jawa Barat,9795,Transfer Bank,shipped,No Promo,0.0,JNE,2024,November,11,2024-11,0,0,0,0
ORD000341,CUST0722,2024-02-27,121721,Jakarta,Dki Jakarta,8724,Kartu Kredit,delivered,FLASHSALE,45279.0,SiCepat,2024,February,2,2024-02,0,0,1,1
ORD000342,CUST0158,2024-09-14,79000,Bandung,Jawa Barat,13288,Transfer Bank,delivered,No Promo,0.0,SiCepat,2024,September,9,2024-09,0,0,1,0
ORD000343,CUST0399,2023-05-25,263871,Banjarmasin,Kalimantan Selatan,41710,OVO,delivered,FLASHSALE,44129.0,J&T,2023,May,5,2023-05,0,0,1,1
ORD000344,CUST0336,2024-07-21,481674,Jakarta,Dki Jakarta,11873,Kartu Kredit,shipped,SALE2024,17326.0,SiCepat,2024,July,7,2024-07,0,0,0,1
ORD000345,CUST0626,2022-07-26,69000,Jakarta,Dki Jakarta,8307,Transfer Bank,delivered,No Promo,0.0,SiCepat,2022,July,7,2022-07,0,0,1,0
ORD000346,CUST0116,2023-08-31,79000,Malang,Jawa Timur,21208,OVO,cancelled,No Promo,0.0,Anteraja,2023,August,8,2023-08,1,0,0,0
ORD000347,CUST0603,2024-10-09,111328,Padang,Sumatera Barat,32631,Transfer Bank,delivered,WEEKEND25,37672.0,SiCepat,2024,October,10,2024-10,0,0,1,1
ORD000348,CUST0420,2022-12-24,238748,Makassar,Sulawesi Selatan,30034,Transfer Bank,delivered,RAMADAN23,10252.0,JNE,2022,December,12,2022-12,0,0,1,1
ORD000349,CUST0330,2024-06-26,97799,Semarang,Jawa Tengah,14001,Kartu Kredit,cancelled,WEEKEND25,21201.0,J&T,2024,June,6,2024-06,1,0,0,1
ORD000350,CUST0676,2024-10-02,328000,Yogyakarta,Di Yogyakarta,16261,GoPay,delivered,No Promo,0.0,SiCepat,2024,October,10,2024-10,0,0,1,0
ORD000351,CUST0514,2024-07-22,249000,Pontianak,Kalimantan Barat,31339,Transfer Bank,delivered,No Promo,0.0,Anteraja,2024,July,7,2024-07,0,0,1,0
ORD000352,CUST0556,2025-02-06,399000,Depok,Jawa Barat,9858,Transfer Bank,delivered,No Promo,0.0,Pos Indonesia,2025,February,2,2025-02,0,0,1,0
ORD000353,CUST0161,2023-04-23,69000,Depok,Jawa Barat,9812,OVO,processing,No Promo,0.0,SiCepat,2023,April,4,2023-04,0,0,0,0
ORD000354,CUST0065,2024-06-23,387000,Jakarta,Dki Jakarta,9663,QRIS,delivered,No Promo,0.0,J&T,2024,June,6,2024-06,0,0,1,0
ORD000355,CUST0552,2024-11-27,737000,Padang,Sumatera Barat,36620,Transfer Bank,delivered,No Promo,0.0,SiCepat,2024,November,11,2024-11,0,0,1,0
ORD000356,CUST0547,2024-09-23,218000,Semarang,Jawa Tengah,17412,GoPay,shipped,No Promo,0.0,JNE,2024,September,9,2024-09,0,0,0,0
ORD000357,CUST0547,2023-03-20,337409,Manado,Sulawesi Utara,33543,Transfer Bank,delivered,WEEKEND25,10591.0,J&T,2023,March,3,2023-03,0,0,1,1
ORD000358,CUST0783,2023-05-29,668377,Tangerang,Banten,13979,Transfer Bank,delivered,HARI BELANJA,47623.0,J&T,2023,May,5,2023-05,0,0,1,1
ORD000359,CUST0634,2023-01-18,578000,Pekanbaru,Riau,31753,GoPay,shipped,No Promo,0.0,J&T,2023,January,1,2023-01,0,0,0,0
ORD000360,CUST0623,2024-05-04,119000,Manado,Sulawesi Utara,35973,Transfer Bank,delivered,No Promo,0.0,Anteraja,2024,May,5,2024-05,0,0,1,0
ORD000361,CUST0547,2022-07-10,386251,Semarang,Jawa Tengah,16372,Transfer Bank,delivered,HARBOLNAS22,20749.0,JNE,2022,July,7,2022-07,0,0,1,1
ORD000362,CUST0409,2022-08-02,1416965,Bekasi,Jawa Barat,11374,OVO,cancelled,NEWUSER,10035.0,JNE,2022,August,8,2022-08,1,0,0,1
ORD000363,CUST0570,2024-10-18,321737,Makassar,Sulawesi Selatan,40907,Kartu Kredit,delivered,RAMADAN23,46263.0,J&T,2024,October,10,2024-10,0,0,1,1
ORD000364,CUST0356,2023-04-01,449000,Depok,Jawa Barat,12662,Kartu Kredit,cancelled,No Promo,0.0,JNE,2023,April,4,2023-04,1,0,0,0
ORD000365,CUST0413,2022-10-12,212522,Padang,Sumatera Barat,24283,QRIS,returned,HARI BELANJA,45478.0,J&T,2022,October,10,2022-10,0,1,0,1
ORD000366,CUST0681,2024-05-14,586954,Surabaya,Jawa Timur,12424,GoPay,delivered,HARBOLNAS22,12046.0,SiCepat,2024,May,5,2024-05,0,0,1,1
ORD000367,CUST0116,2024-04-14,229000,Malang,Jawa Timur,19635,Transfer Bank,delivered,No Promo,0.0,Anteraja,2024,April,4,2024-04,0,0,1,0
ORD000368,CUST0045,2023-05-22,980344,Bandung,Jawa Barat,13456,OVO,cancelled,SALE2024,17656.0,SiCepat,2023,May,5,2023-05,1,0,0,1
ORD000369,CUST0332,2025-02-28,1969052,Palembang,Sumatera Selatan,27167,QRIS,processing,HARBOLNAS22,26948.0,JNE,2025,February,2,2025-02,0,0,0,1
ORD000370,CUST0511,2023-07-10,199000,Pontianak,Kalimantan Barat,39218,Kartu Kredit,delivered,No Promo,0.0,JNE,2023,July,7,2023-07,0,0,1,0
ORD000371,CUST0238,2024-06-01,329000,Medan,Sumatera Utara,26340,QRIS,delivered,No Promo,0.0,SiCepat,2024,June,6,2024-06,0,0,1,0
ORD000372,CUST0611,2022-12-08,1017000,Makassar,Sulawesi Selatan,40787,Transfer Bank,delivered,No Promo,0.0,Anteraja,2022,December,12,2022-12,0,0,1,0
ORD000373,CUST0549,2024-12-08,129829,Bekasi,Jawa Barat,13552,GoPay,shipped,FLASHSALE,19171.0,J&T,2024,December,12,2024-12,0,0,0,1
ORD000374,CUST0730,2024-02-13,498000,Padang,Sumatera Barat,32230,GoPay,delivered,No Promo,0.0,JNE,2024,February,2,2024-02,0,0,1,0
ORD000375,CUST0653,2022-05-20,154337,Denpasar,Bali,27343,GoPay,delivered,HARI BELANJA,44663.0,JNE,2022,May,5,2022-05,0,0,1,1
ORD000376,CUST0750,2024-12-10,1142541,Bogor,Jawa Barat,13778,Transfer Bank,delivered,HARI BELANJA,43459.0,SiCepat,2024,December,12,2024-12,0,0,1,1
ORD000377,CUST0548,2022-04-04,118000,Bekasi,Jawa Barat,12451,Transfer Bank,processing,No Promo,0.0,SiCepat,2022,April,4,2022-04,0,0,0,0
ORD000378,CUST0438,2025-02-17,426945,Surabaya,Jawa Timur,13434,Kartu Kredit,delivered,WEEKEND25,22055.0,J&T,2025,February,2,2025-02,0,0,1,1
ORD000379,CUST0324,2024-06-06,753680,Balikpapan,Kalimantan Timur,41329,GoPay,delivered,HARI BELANJA,22320.0,SiCepat,2024,June,6,2024-06,0,0,1,1
ORD000380,CUST0300,2023-07-16,422354,Medan,Sumatera Utara,32851,GoPay,delivered,MEMBER10,34646.0,JNE,2023,July,7,2023-07,0,0,1,1
ORD000381,CUST0645,2024-05-29,59000,Manado,Sulawesi Utara,41987,OVO,delivered,No Promo,0.0,JNE,2024,May,5,2024-05,0,0,1,0
ORD000382,CUST0492,2023-01-18,957997,Bekasi,Jawa Barat,10341,Transfer Bank,delivered,MEMBER10,40003.0,J&T,2023,January,1,2023-01,0,0,1,1
ORD000383,CUST0597,2023-03-18,848740,Tangerang,Banten,13016,GoPay,shipped,HARI BELANJA,48260.0,J&T,2023,March,3,2023-03,0,0,0,1
ORD000384,CUST0474,2024-10-22,665457,Bandung,Jawa Barat,11127,Transfer Bank,delivered,MEMBER10,31543.0,SiCepat,2024,October,10,2024-10,0,0,1,1
ORD000385,CUST0102,2024-04-14,89000,Makassar,Sulawesi Selatan,44317,Transfer Bank,returned,No Promo,0.0,Pos Indonesia,2024,April,4,2024-04,0,1,0,0
ORD000386,CUST0215,2024-06-25,906000,Banjarmasin,Kalimantan Selatan,36787,Transfer Bank,delivered,No Promo,0.0,JNE,2024,June,6,2024-06,0,0,1,0
ORD000387,CUST0024,2024-10-22,367000,Manado,Sulawesi Utara,42326,Kartu Kredit,processing,No Promo,0.0,J&T,2024,October,10,2024-10,0,0,0,0
ORD000388,CUST0600,2023-06-03,1105691,Pontianak,Kalimantan Barat,38764,GoPay,delivered,WEEKEND25,11309.0,SiCepat,2023,June,6,2023-06,0,0,1,1
ORD000389,CUST0765,2024-02-19,654092,Makassar,Sulawesi Selatan,39576,Transfer Bank,delivered,FLASHSALE,32908.0,Anteraja,2024,February,2,2024-02,0,0,1,1
ORD000390,CUST0125,2023-07-02,1016000,Manado,Sulawesi Utara,43306,GoPay,processing,No Promo,0.0,SiCepat,2023,July,7,2023-07,0,0,0,0
ORD000391,CUST0212,2023-06-30,833045,Semarang,Jawa Tengah,16349,GoPay,delivered,NEWUSER,13955.0,J&T,2023,June,6,2023-06,0,0,1,1
ORD000392,CUST0722,2022-06-18,53714,Jakarta,Dki Jakarta,11579,QRIS,processing,FLASHSALE,35286.0,J&T,2022,June,6,2022-06,0,0,0,1
ORD000393,CUST0385,2023-08-19,299000,Surabaya,Jawa Timur,14840,Kartu Kredit,delivered,No Promo,0.0,J&T,2023,August,8,2023-08,0,0,1,0
ORD000394,CUST0246,2023-03-15,304841,Depok,Jawa Barat,10297,GoPay,delivered,SALE2024,44159.0,SiCepat,2023,March,3,2023-03,0,0,1,1
ORD000395,CUST0085,2023-05-09,748000,Pontianak,Kalimantan Barat,39547,OVO,delivered,No Promo,0.0,Anteraja,2023,May,5,2023-05,0,0,1,0
ORD000396,CUST0651,2025-02-27,1072334,Pontianak,Kalimantan Barat,34116,QRIS,delivered,WEEKEND25,23666.0,SiCepat,2025,February,2,2025-02,0,0,1,1
ORD000397,CUST0433,2022-09-28,936000,Manado,Sulawesi Utara,42383,Transfer Bank,delivered,No Promo,0.0,JNE,2022,September,9,2022-09,0,0,1,0
ORD000398,CUST0589,2024-07-16,458000,Jakarta,Dki Jakarta,10847,Kartu Kredit,cancelled,No Promo,0.0,Anteraja,2024,July,7,2024-07,1,0,0,0
ORD000399,CUST0285,2025-02-25,179000,Bekasi,Jawa Barat,11620,Kartu Kredit,delivered,No Promo,0.0,Anteraja,2025,February,2,2025-02,0,0,1,0
ORD000400,CUST0140,2024-02-15,914000,Bekasi,Jawa Barat,10610,Transfer Bank,returned,No Promo,0.0,SiCepat,2024,February,2,2024-02,0,1,0,0
ORD000401,CUST0036,2023-04-19,572946,Balikpapan,Kalimantan Timur,38564,QRIS,delivered,NEWUSER,24054.0,JNE,2023,April,4,2023-04,0,0,1,1
ORD000402,CUST0415,2023-08-15,1097000,Bekasi,Jawa Barat,11056,Transfer Bank,shipped,No Promo,0.0,SiCepat,2023,August,8,2023-08,0,0,0,0
ORD000403,CUST0024,2023-03-13,385717,Makassar,Sulawesi Selatan,34333,Kartu Kredit,returned,RAMADAN23,12283.0,Anteraja,2023,March,3,2023-03,0,1,0,1
ORD000404,CUST0742,2024-08-15,531901,Bandung,Jawa Barat,12199,Kartu Kredit,delivered,NEWUSER,46099.0,JNE,2024,August,8,2024-08,0,0,1,1
ORD000405,CUST0659,2022-10-16,628000,Palembang,Sumatera Selatan,27071,Transfer Bank,shipped,No Promo,0.0,JNE,2022,October,10,2022-10,0,0,0,0
ORD000406,CUST0155,2024-05-28,1176000,Bogor,Jawa Barat,11676,Transfer Bank,delivered,No Promo,0.0,Pos Indonesia,2024,May,5,2024-05,0,0,1,0
ORD000407,CUST0177,2023-02-18,614325,Surabaya,Jawa Timur,12290,Transfer Bank,delivered,SALE2024,13675.0,J&T,2023,February,2,2023-02,0,0,1,1
ORD000408,CUST0156,2024-01-20,249000,Manado,Sulawesi Utara,44983,Transfer Bank,cancelled,No Promo,0.0,J&T,2024,January,1,2024-01,1,0,0,0
ORD000409,CUST0557,2024-01-11,212832,Tangerang,Banten,13955,GoPay,delivered,HARI BELANJA,24168.0,J&T,2024,January,1,2024-01,0,0,1,1
ORD000410,CUST0631,2023-04-25,428000,Medan,Sumatera Utara,35720,GoPay,delivered,No Promo,0.0,JNE,2023,April,4,2023-04,0,0,1,0
ORD000411,CUST0671,2023-03-06,1004939,Malang,Jawa Timur,20588,Kartu Kredit,delivered,RAMADAN23,41061.0,Anteraja,2023,March,3,2023-03,0,0,1,1
ORD000412,CUST0007,2023-05-08,185566,Medan,Sumatera Utara,27370,Kartu Kredit,processing,SALE2024,32434.0,JNE,2023,May,5,2023-05,0,0,0,1
ORD000413,CUST0186,2023-10-09,179000,Semarang,Jawa Tengah,13162,QRIS,cancelled,No Promo,0.0,SiCepat,2023,October,10,2023-10,1,0,0,0
ORD000414,CUST0486,2024-07-20,499503,Yogyakarta,Di Yogyakarta,18524,Transfer Bank,shipped,HARI BELANJA,49497.0,J&T,2024,July,7,2024-07,0,0,0,1
ORD000415,CUST0308,2024-01-22,88051,Denpasar,Bali,25651,Kartu Kredit,delivered,RAMADAN23,30949.0,J&T,2024,January,1,2024-01,0,0,1,1
ORD000416,CUST0550,2024-02-06,828000,Balikpapan,Kalimantan Timur,44431,GoPay,processing,No Promo,0.0,JNE,2024,February,2,2024-02,0,0,0,0
ORD000417,CUST0527,2024-03-07,102002,Malang,Jawa Timur,14481,QRIS,delivered,RAMADAN23,46998.0,JNE,2024,March,3,2024-03,0,0,1,1
ORD000418,CUST0113,2024-08-10,258000,Palembang,Sumatera Selatan,31293,Transfer Bank,delivered,No Promo,0.0,JNE,2024,August,8,2024-08,0,0,1,0
ORD000419,CUST0207,2023-12-21,89000,Surabaya,Jawa Timur,13616,Kartu Kredit,returned,No Promo,0.0,JNE,2023,December,12,2023-12,0,1,0,0
ORD000420,CUST0041,2024-02-08,998000,Manado,Sulawesi Utara,40647,GoPay,delivered,No Promo,0.0,JNE,2024,February,2,2024-02,0,0,1,0
ORD000421,CUST0504,2024-12-05,62569,Tangerang,Banten,11693,Transfer Bank,delivered,MEMBER10,36431.0,JNE,2024,December,12,2024-12,0,0,1,1
ORD000422,CUST0465,2023-02-20,229000,Surabaya,Jawa Timur,16228,GoPay,processing,No Promo,0.0,J&T,2023,February,2,2023-02,0,0,0,0
ORD000423,CUST0024,2024-02-13,199000,Makassar,Sulawesi Selatan,42146,OVO,processing,No Promo,0.0,JNE,2024,February,2,2024-02,0,0,0,0
ORD000424,CUST0545,2025-02-24,298000,Balikpapan,Kalimantan Timur,30732,GoPay,delivered,No Promo,0.0,SiCepat,2025,February,2,2025-02,0,0,1,0
ORD000425,CUST0561,2023-05-13,658793,Yogyakarta,Di Yogyakarta,13415,Transfer Bank,delivered,NEWUSER,39207.0,SiCepat,2023,May,5,2023-05,0,0,1,1
ORD000426,CUST0085,2025-01-11,318000,Pontianak,Kalimantan Barat,37898,OVO,delivered,No Promo,0.0,JNE,2025,January,1,2025-01,0,0,1,0
ORD000427,CUST0681,2022-06-07,192496,Surabaya,Jawa Timur,13959,Transfer Bank,delivered,MEMBER10,36504.0,J&T,2022,June,6,2022-06,0,0,1,1
ORD000428,CUST0443,2023-12-02,414358,Depok,Jawa Barat,13509,Transfer Bank,cancelled,NEWUSER,43642.0,SiCepat,2023,December,12,2023-12,1,0,0,1
ORD000429,CUST0458,2024-05-31,149000,Depok,Jawa Barat,12203,Transfer Bank,delivered,No Promo,0.0,J&T,2024,May,5,2024-05,0,0,1,0
ORD000430,CUST0479,2023-06-21,552299,Bogor,Jawa Barat,12552,Transfer Bank,cancelled,RAMADAN23,46701.0,J&T,2023,June,6,2023-06,1,0,0,1
ORD000431,CUST0143,2024-06-04,328000,Medan,Sumatera Utara,36249,GoPay,delivered,No Promo,0.0,JNE,2024,June,6,2024-06,0,0,1,0
ORD000432,CUST0408,2022-01-02,349000,Denpasar,Bali,22832,Transfer Bank,delivered,No Promo,0.0,J&T,2022,January,1,2022-01,0,0,1,0
ORD000433,CUST0470,2022-02-24,1086000,Yogyakarta,Di Yogyakarta,14642,QRIS,delivered,No Promo,0.0,SiCepat,2022,February,2,2022-02,0,0,1,0
ORD000434,CUST0733,2023-08-24,478000,Makassar,Sulawesi Selatan,42311,GoPay,returned,No Promo,0.0,SiCepat,2023,August,8,2023-08,0,1,0,0
ORD000435,CUST0671,2023-03-15,175568,Malang,Jawa Timur,15792,Kartu Kredit,delivered,HARI BELANJA,23432.0,SiCepat,2023,March,3,2023-03,0,0,1,1
ORD000436,CUST0750,2023-03-09,234990,Bogor,Jawa Barat,14573,QRIS,delivered,HARI BELANJA,22010.0,Pos Indonesia,2023,March,3,2023-03,0,0,1,1
ORD000437,CUST0404,2023-01-17,700211,Makassar,Sulawesi Selatan,36853,OVO,delivered,HARI BELANJA,36789.0,J&T,2023,January,1,2023-01,0,0,1,1
ORD000438,CUST0559,2023-05-26,355560,Bogor,Jawa Barat,13877,GoPay,delivered,RAMADAN23,43440.0,JNE,2023,May,5,2023-05,0,0,1,1
ORD000439,CUST0311,2024-08-10,178000,Makassar,Sulawesi Selatan,33855,GoPay,delivered,No Promo,0.0,JNE,2024,August,8,2024-08,0,0,1,0
ORD000440,CUST0561,2023-02-05,278886,Yogyakarta,Di Yogyakarta,19476,OVO,processing,WEEKEND25,28114.0,SiCepat,2023,February,2,2023-02,0,0,0,1
ORD000441,CUST0290,2024-02-25,448000,Palembang,Sumatera Selatan,32986,OVO,delivered,No Promo,0.0,JNE,2024,February,2,2024-02,0,0,1,0
ORD000442,CUST0240,2023-06-22,787000,Yogyakarta,Di Yogyakarta,15355,GoPay,cancelled,No Promo,0.0,SiCepat,2023,June,6,2023-06,1,0,0,0
ORD000443,CUST0415,2023-01-12,329000,Medan,Sumatera Utara,25716,Transfer Bank,delivered,No Promo,0.0,Anteraja,2023,January,1,2023-01,0,0,1,0
ORD000444,CUST0254,2024-02-23,268000,Balikpapan,Kalimantan Timur,35094,OVO,returned,No Promo,0.0,J&T,2024,February,2,2024-02,0,1,0,0
ORD000445,CUST0518,2023-01-07,628000,Manado,Sulawesi Utara,43450,Transfer Bank,delivered,No Promo,0.0,J&T,2023,January,1,2023-01,0,0,1,0
ORD000446,CUST0215,2023-08-27,698000,Banjarmasin,Kalimantan Selatan,29752,Kartu Kredit,delivered,No Promo,0.0,JNE,2023,August,8,2023-08,0,0,1,0
ORD000447,CUST0776,2023-03-25,347383,Tangerang,Banten,9417,OVO,delivered,FLASHSALE,10617.0,J&T,2023,March,3,2023-03,0,0,1,1
ORD000448,CUST0644,2022-04-15,577000,Medan,Sumatera Utara,30532,GoPay,shipped,No Promo,0.0,JNE,2022,April,4,2022-04,0,0,0,0
ORD000449,CUST0779,2022-04-15,187959,Medan,Sumatera Utara,31807,Transfer Bank,delivered,NEWUSER,49041.0,SiCepat,2022,April,4,2022-04,0,0,1,1
ORD000450,CUST0777,2024-07-09,258000,Medan,Sumatera Utara,37695,Transfer Bank,delivered,No Promo,0.0,J&T,2024,July,7,2024-07,0,0,1,0
ORD000451,CUST0109,2024-01-06,215276,Malang,Jawa Timur,18481,Transfer Bank,shipped,MEMBER10,22724.0,J&T,2024,January,1,2024-01,0,0,0,1
ORD000452,CUST0787,2022-07-31,686695,Tangerang,Banten,9995,GoPay,delivered,HARI BELANJA,11305.0,Pos Indonesia,2022,July,7,2022-07,0,0,1,1
ORD000453,CUST0399,2024-11-22,526000,Banjarmasin,Kalimantan Selatan,35158,OVO,delivered,No Promo,0.0,J&T,2024,November,11,2024-11,0,0,1,0
ORD000454,CUST0149,2023-01-16,628000,Semarang,Jawa Tengah,13618,GoPay,returned,No Promo,0.0,Pos Indonesia,2023,January,1,2023-01,0,1,0,0
ORD000455,CUST0116,2024-04-19,129000,Malang,Jawa Timur,18438,Kartu Kredit,delivered,No Promo,0.0,JNE,2024,April,4,2024-04,0,0,1,0
ORD000456,CUST0077,2024-06-28,218000,Medan,Sumatera Utara,27414,Transfer Bank,cancelled,No Promo,0.0,J&T,2024,June,6,2024-06,1,0,0,0
ORD000457,CUST0237,2024-10-28,278987,Banjarmasin,Kalimantan Selatan,33076,GoPay,delivered,WEEKEND25,18013.0,J&T,2024,October,10,2024-10,0,0,1,1
ORD000458,CUST0328,2023-09-11,239220,Makassar,Sulawesi Selatan,42532,QRIS,delivered,RAMADAN23,18780.0,J&T,2023,September,9,2023-09,0,0,1,1
ORD000459,CUST0240,2024-10-16,209484,Yogyakarta,Di Yogyakarta,15796,GoPay,delivered,MEMBER10,38516.0,Anteraja,2024,October,10,2024-10,0,0,1,1
ORD000460,CUST0777,2024-06-25,430972,Medan,Sumatera Utara,37667,GoPay,delivered,HARI BELANJA,18028.0,J&T,2024,June,6,2024-06,0,0,1,1
ORD000461,CUST0371,2023-05-25,825830,Bandung,Jawa Barat,14354,QRIS,processing,HARBOLNAS22,22170.0,J&T,2023,May,5,2023-05,0,0,0,1
ORD000462,CUST0453,2023-02-27,34392,Malang,Jawa Timur,20935,GoPay,delivered,WEEKEND25,44608.0,JNE,2023,February,2,2023-02,0,0,1,1
ORD000463,CUST0413,2025-02-06,119000,Padang,Sumatera Barat,37662,GoPay,delivered,No Promo,0.0,J&T,2025,February,2,2025-02,0,0,1,0
ORD000464,CUST0700,2023-08-31,108000,Banjarmasin,Kalimantan Selatan,41677,OVO,cancelled,No Promo,0.0,JNE,2023,August,8,2023-08,1,0,0,0
ORD000465,CUST0224,2024-07-24,149000,Depok,Jawa Barat,12892,OVO,delivered,No Promo,0.0,SiCepat,2024,July,7,2024-07,0,0,1,0
ORD000466,CUST0403,2024-04-06,449000,Surabaya,Jawa Timur,14741,Kartu Kredit,processing,No Promo,0.0,JNE,2024,April,4,2024-04,0,0,0,0
ORD000467,CUST0619,2024-08-07,421033,Yogyakarta,Di Yogyakarta,19080,Transfer Bank,cancelled,FLASHSALE,36967.0,J&T,2024,August,8,2024-08,1,0,0,1
ORD000468,CUST0462,2022-08-17,449000,Depok,Jawa Barat,12795,GoPay,delivered,No Promo,0.0,JNE,2022,August,8,2022-08,0,0,1,0
ORD000469,CUST0248,2024-09-09,99000,Pekanbaru,Riau,24964,GoPay,cancelled,No Promo,0.0,SiCepat,2024,September,9,2024-09,1,0,0,0
ORD000470,CUST0180,2025-01-16,373251,Tangerang,Banten,9614,Kartu Kredit,processing,SALE2024,13749.0,SiCepat,2025,January,1,2025-01,0,0,0,1
ORD000471,CUST0799,2023-10-29,378000,Jakarta,Dki Jakarta,8467,Transfer Bank,processing,No Promo,0.0,J&T,2023,October,10,2023-10,0,0,0,0
ORD000472,CUST0593,2022-10-28,1628926,Yogyakarta,Di Yogyakarta,13242,Kartu Kredit,shipped,HARI BELANJA,15074.0,Pos Indonesia,2022,October,10,2022-10,0,0,0,1
ORD000473,CUST0063,2023-01-28,1017000,Pekanbaru,Riau,29611,Kartu Kredit,processing,No Promo,0.0,Anteraja,2023,January,1,2023-01,0,0,0,0
ORD000474,CUST0351,2024-01-10,1055000,Tangerang,Banten,10709,Transfer Bank,processing,No Promo,0.0,JNE,2024,January,1,2024-01,0,0,0,0
ORD000475,CUST0455,2023-04-30,407000,Pekanbaru,Riau,30846,Transfer Bank,delivered,No Promo,0.0,SiCepat,2023,April,4,2023-04,0,0,1,0
ORD000476,CUST0628,2024-09-11,678000,Jakarta,Dki Jakarta,10472,Transfer Bank,shipped,No Promo,0.0,JNE,2024,September,9,2024-09,0,0,0,0
ORD000477,CUST0121,2024-04-12,119000,Manado,Sulawesi Utara,36890,QRIS,delivered,No Promo,0.0,J&T,2024,April,4,2024-04,0,0,1,0
ORD000478,CUST0662,2023-03-15,229000,Balikpapan,Kalimantan Timur,40559,GoPay,returned,No Promo,0.0,J&T,2023,March,3,2023-03,0,1,0,0
ORD000479,CUST0518,2024-07-10,149000,Bogor,Jawa Barat,14056,QRIS,processing,No Promo,0.0,SiCepat,2024,July,7,2024-07,0,0,0,0
ORD000480,CUST0106,2024-03-20,294161,Palembang,Sumatera Selatan,25050,Kartu Kredit,cancelled,SALE2024,32839.0,SiCepat,2024,March,3,2024-03,1,0,0,1
ORD000481,CUST0198,2023-03-01,1147000,Palembang,Sumatera Selatan,27857,Transfer Bank,delivered,No Promo,0.0,J&T,2023,March,3,2023-03,0,0,1,0
ORD000482,CUST0747,2023-06-10,1297000,Palembang,Sumatera Selatan,33762,OVO,delivered,No Promo,0.0,Anteraja,2023,June,6,2023-06,0,0,1,0
ORD000483,CUST0774,2024-04-29,329000,Padang,Sumatera Barat,37923,Transfer Bank,cancelled,No Promo,0.0,J&T,2024,April,4,2024-04,1,0,0,0
ORD000484,CUST0759,2024-11-08,349000,Malang,Jawa Timur,20812,QRIS,delivered,No Promo,0.0,JNE,2024,November,11,2024-11,0,0,1,0
ORD000485,CUST0770,2024-06-30,481839,Pontianak,Kalimantan Barat,38072,Transfer Bank,delivered,HARBOLNAS22,35161.0,JNE,2024,June,6,2024-06,0,0,1,1
ORD000486,CUST0187,2024-05-21,129000,Surabaya,Jawa Timur,13664,QRIS,delivered,No Promo,0.0,Pos Indonesia,2024,May,5,2024-05,0,0,1,0
ORD000487,CUST0720,2023-08-12,99000,Palembang,Sumatera Selatan,28566,Transfer Bank,delivered,No Promo,0.0,Pos Indonesia,2023,August,8,2023-08,0,0,1,0
ORD000488,CUST0409,2023-02-05,229000,Bekasi,Jawa Barat,12487,Transfer Bank,processing,No Promo,0.0,JNE,2023,February,2,2023-02,0,0,0,0
ORD000489,CUST0276,2023-03-09,446372,Balikpapan,Kalimantan Timur,32723,OVO,delivered,RAMADAN23,29628.0,SiCepat,2023,March,3,2023-03,0,0,1,1
ORD000490,CUST0244,2024-01-17,437000,Pekanbaru,Riau,31687,GoPay,delivered,No Promo,0.0,J&T,2024,January,1,2024-01,0,0,1,0
ORD000491,CUST0261,2024-11-11,1297000,Banjarmasin,Kalimantan Selatan,36842,Kartu Kredit,delivered,No Promo,0.0,SiCepat,2024,November,11,2024-11,0,0,1,0
ORD000492,CUST0204,2025-01-25,607000,Manado,Sulawesi Utara,41659,QRIS,delivered,No Promo,0.0,JNE,2025,January,1,2025-01,0,0,1,0
ORD000493,CUST0059,2024-06-21,328000,Balikpapan,Kalimantan Timur,42851,GoPay,delivered,No Promo,0.0,JNE,2024,June,6,2024-06,0,0,1,0
ORD000494,CUST0415,2024-01-24,898000,Bekasi,Jawa Barat,12259,GoPay,shipped,No Promo,0.0,SiCepat,2024,January,1,2024-01,0,0,0,0
ORD000495,CUST0327,2024-02-26,107990,Denpasar,Bali,22765,OVO,delivered,WEEKEND25,21010.0,Anteraja,2024,February,2,2024-02,0,0,1,1
ORD000496,CUST0776,2024-05-15,1009663,Bekasi,Jawa Barat,12368,Transfer Bank,processing,MEMBER10,47337.0,Anteraja,2024,May,5,2024-05,0,0,0,1
ORD000497,CUST0588,2023-01-26,215552,Jakarta,Dki Jakarta,10876,OVO,delivered,FLASHSALE,13448.0,SiCepat,2023,January,1,2023-01,0,0,1,1
ORD000498,CUST0595,2023-04-06,233693,Surabaya,Jawa Timur,14335,OVO,delivered,NEWUSER,45307.0,JNE,2023,April,4,2023-04,0,0,1,1
ORD000499,CUST0635,2023-03-10,327000,Bandung,Jawa Barat,10711,QRIS,delivered,No Promo,0.0,Anteraja,2023,March,3,2023-03,0,0,1,0
ORD000500,CUST0039,2023-05-13,1101041,Semarang,Jawa Tengah,17612,OVO,processing,FLASHSALE,24959.0,JNE,2023,May,5,2023-05,0,0,0,1
ORD000501,CUST0475,2023-05-14,89446,Palembang,Sumatera Selatan,28973,OVO,cancelled,MEMBER10,28554.0,SiCepat,2023,May,5,2023-05,1,0,0,1
ORD000502,CUST0730,2022-07-10,828000,Padang,Sumatera Barat,27277,OVO,delivered,No Promo,0.0,JNE,2022,July,7,2022-07,0,0,1,0
ORD000503,CUST0398,2024-08-31,89000,Banjarmasin,Kalimantan Selatan,40321,Transfer Bank,cancelled,No Promo,0.0,JNE,2024,August,8,2024-08,1,0,0,0
ORD000504,CUST0285,2024-02-16,299000,Bekasi,Jawa Barat,11786,Transfer Bank,delivered,No Promo,0.0,JNE,2024,February,2,2024-02,0,0,1,0
ORD000505,CUST0177,2023-03-02,147030,Malang,Jawa Timur,18590,Transfer Bank,delivered,WEEKEND25,31970.0,SiCepat,2023,March,3,2023-03,0,0,1,1
ORD000506,CUST0202,2024-07-19,291605,Banjarmasin,Kalimantan Selatan,37343,Kartu Kredit,delivered,SALE2024,37395.0,J&T,2024,July,7,2024-07,0,0,1,1
ORD000507,CUST0573,2024-05-23,467000,Bogor,Jawa Barat,11620,GoPay,shipped,No Promo,0.0,JNE,2024,May,5,2024-05,0,0,0,0
ORD000508,CUST0321,2023-05-06,121840,Makassar,Sulawesi Selatan,41896,Transfer Bank,delivered,RAMADAN23,27160.0,J&T,2023,May,5,2023-05,0,0,1,1
ORD000509,CUST0689,2023-05-16,764971,Bogor,Jawa Barat,10768,Transfer Bank,delivered,HARI BELANJA,33029.0,Pos Indonesia,2023,May,5,2023-05,0,0,1,1
ORD000510,CUST0426,2023-07-28,1376000,Makassar,Sulawesi Selatan,41131,Kartu Kredit,processing,No Promo,0.0,J&T,2023,July,7,2023-07,0,0,0,0
ORD000511,CUST0624,2024-01-05,608000,Balikpapan,Kalimantan Timur,41399,Transfer Bank,processing,No Promo,0.0,JNE,2024,January,1,2024-01,0,0,0,0
ORD000512,CUST0395,2022-04-12,881025,Makassar,Sulawesi Selatan,44455,GoPay,delivered,HARBOLNAS22,35975.0,JNE,2022,April,4,2022-04,0,0,1,1
ORD000513,CUST0495,2024-11-07,438000,Manado,Sulawesi Utara,38628,GoPay,processing,No Promo,0.0,Anteraja,2024,November,11,2024-11,0,0,0,0
ORD000514,CUST0487,2025-02-25,213624,Medan,Sumatera Utara,25264,Kartu Kredit,delivered,HARBOLNAS22,35376.0,SiCepat,2025,February,2,2025-02,0,0,1,1
ORD000515,CUST0483,2024-10-14,725000,Padang,Sumatera Barat,35136,Kartu Kredit,shipped,No Promo,0.0,SiCepat,2024,October,10,2024-10,0,0,0,0
ORD000516,CUST0023,2024-11-10,456000,Tangerang,Banten,10138,Kartu Kredit,shipped,No Promo,0.0,JNE,2024,November,11,2024-11,0,0,0,0
ORD000517,CUST0412,2024-08-01,1247000,Depok,Jawa Barat,10687,Transfer Bank,delivered,No Promo,0.0,JNE,2024,August,8,2024-08,0,0,1,0
ORD000518,CUST0182,2024-09-27,1365000,Bekasi,Jawa Barat,13641,Kartu Kredit,cancelled,No Promo,0.0,J&T,2024,September,9,2024-09,1,0,0,0
ORD000519,CUST0239,2023-08-24,73292,Jakarta,Dki Jakarta,10186,GoPay,processing,NEWUSER,15708.0,SiCepat,2023,August,8,2023-08,0,0,0,1
ORD000520,CUST0691,2024-06-10,222702,Jakarta,Dki Jakarta,10620,OVO,delivered,FLASHSALE,45298.0,JNE,2024,June,6,2024-06,0,0,1,1
ORD000521,CUST0450,2023-06-09,937000,Banjarmasin,Kalimantan Selatan,30660,QRIS,delivered,No Promo,0.0,J&T,2023,June,6,2023-06,0,0,1,0
ORD000522,CUST0711,2024-12-03,519536,Bekasi,Jawa Barat,13413,Transfer Bank,delivered,NEWUSER,17464.0,Anteraja,2024,December,12,2024-12,0,0,1,1
ORD000523,CUST0352,2024-09-19,178000,Surabaya,Jawa Timur,12843,GoPay,cancelled,No Promo,0.0,Anteraja,2024,September,9,2024-09,1,0,0,0
ORD000524,CUST0794,2022-08-02,49230,Makassar,Sulawesi Selatan,36754,OVO,delivered,RAMADAN23,39770.0,Anteraja,2022,August,8,2022-08,0,0,1,1
ORD000525,CUST0164,2023-09-06,517000,Bandung,Jawa Barat,13396,OVO,shipped,No Promo,0.0,SiCepat,2023,September,9,2023-09,0,0,0,0
ORD000526,CUST0594,2025-01-21,299000,Malang,Jawa Timur,19171,Transfer Bank,delivered,No Promo,0.0,J&T,2025,January,1,2025-01,0,0,1,0
ORD000527,CUST0395,2024-03-26,546000,Makassar,Sulawesi Selatan,36421,Transfer Bank,delivered,No Promo,0.0,J&T,2024,March,3,2024-03,0,0,1,0
ORD000528,CUST0200,2024-05-09,1257000,Pontianak,Kalimantan Barat,33342,Kartu Kredit,delivered,No Promo,0.0,SiCepat,2024,May,5,2024-05,0,0,1,0
ORD000529,CUST0084,2023-12-24,1019705,Jakarta,Dki Jakarta,10711,QRIS,delivered,FLASHSALE,26295.0,JNE,2023,December,12,2023-12,0,0,1,1
ORD000530,CUST0010,2023-05-19,227144,Manado,Sulawesi Utara,43537,Transfer Bank,shipped,WEEKEND25,30856.0,SiCepat,2023,May,5,2023-05,0,0,0,1
ORD000531,CUST0137,2024-12-10,1230071,Surabaya,Jawa Timur,14907,Transfer Bank,processing,HARBOLNAS22,25929.0,JNE,2024,December,12,2024-12,0,0,0,1
ORD000532,CUST0410,2024-05-27,12058,Banjarmasin,Kalimantan Selatan,36958,Transfer Bank,delivered,WEEKEND25,36942.0,SiCepat,2024,May,5,2024-05,0,0,1,1
ORD000533,CUST0156,2025-01-08,727000,Manado,Sulawesi Utara,38244,GoPay,delivered,No Promo,0.0,SiCepat,2025,January,1,2025-01,0,0,1,0
ORD000534,CUST0683,2025-01-24,785000,Semarang,Jawa Tengah,14101,Transfer Bank,delivered,No Promo,0.0,JNE,2025,January,1,2025-01,0,0,1,0
ORD000535,CUST0583,2024-03-07,478000,Depok,Jawa Barat,13999,QRIS,cancelled,No Promo,0.0,Anteraja,2024,March,3,2024-03,1,0,0,0
ORD000536,CUST0489,2024-07-18,485799,Depok,Jawa Barat,13058,GoPay,delivered,SALE2024,13201.0,Anteraja,2024,July,7,2024-07,0,0,1,1
ORD000537,CUST0536,2025-02-20,1137022,Medan,Sumatera Utara,30363,Transfer Bank,delivered,RAMADAN23,28978.0,JNE,2025,February,2,2025-02,0,0,1,1
ORD000538,CUST0305,2022-11-23,69000,Semarang,Jawa Tengah,15267,Transfer Bank,shipped,No Promo,0.0,SiCepat,2022,November,11,2022-11,0,0,0,0
ORD000539,CUST0035,2024-12-30,456000,Bogor,Jawa Barat,11783,GoPay,delivered,No Promo,0.0,J&T,2024,December,12,2024-12,0,0,1,0
ORD000540,CUST0034,2024-09-14,619696,Palembang,Sumatera Selatan,32999,GoPay,delivered,SALE2024,25304.0,SiCepat,2024,September,9,2024-09,0,0,1,1
ORD000541,CUST0345,2024-01-19,59000,Bogor,Jawa Barat,13507,OVO,processing,No Promo,0.0,SiCepat,2024,January,1,2024-01,0,0,0,0
ORD000542,CUST0796,2024-01-21,560522,Tangerang,Banten,12295,GoPay,cancelled,WEEKEND25,47478.0,JNE,2024,January,1,2024-01,1,0,0,1
ORD000543,CUST0342,2025-01-25,380102,Pontianak,Kalimantan Barat,40001,OVO,processing,MEMBER10,17898.0,SiCepat,2025,January,1,2025-01,0,0,0,1
ORD000544,CUST0728,2023-04-03,164198,Malang,Jawa Timur,17949,OVO,delivered,SALE2024,14802.0,J&T,2023,April,4,2023-04,0,0,1,1
ORD000545,CUST0509,2025-02-02,258000,Manado,Sulawesi Utara,33411,Kartu Kredit,processing,No Promo,0.0,JNE,2025,February,2,2025-02,0,0,0,0
ORD000546,CUST0598,2024-02-19,338000,Depok,Jawa Barat,12967,Transfer Bank,delivered,No Promo,0.0,JNE,2024,February,2,2024-02,0,0,1,0
ORD000547,CUST0001,2024-08-14,1006000,Semarang,Jawa Tengah,16378,GoPay,delivered,No Promo,0.0,JNE,2024,August,8,2024-08,0,0,1,0
ORD000548,CUST0645,2022-12-18,527000,Tangerang,Banten,9735,GoPay,delivered,No Promo,0.0,SiCepat,2022,December,12,2022-12,0,0,1,0
ORD000549,CUST0076,2024-06-17,49000,Tangerang,Banten,11837,GoPay,delivered,No Promo,0.0,SiCepat,2024,June,6,2024-06,0,0,1,0
ORD000550,CUST0635,2023-06-08,179000,Semarang,Jawa Tengah,12958,QRIS,delivered,No Promo,0.0,J&T,2023,June,6,2023-06,0,0,1,0
ORD000551,CUST0013,2024-06-29,838428,Makassar,Sulawesi Selatan,38840,Transfer Bank,delivered,NEWUSER,48572.0,SiCepat,2024,June,6,2024-06,0,0,1,1
ORD000552,CUST0392,2023-03-25,329000,Surabaya,Jawa Timur,13954,GoPay,cancelled,No Promo,0.0,J&T,2023,March,3,2023-03,1,0,0,0
ORD000553,CUST0022,2024-09-18,748340,Surabaya,Jawa Timur,15209,GoPay,shipped,WEEKEND25,18660.0,J&T,2024,September,9,2024-09,0,0,0,1
ORD000554,CUST0205,2022-04-20,179000,Malang,Jawa Timur,16159,Kartu Kredit,delivered,No Promo,0.0,J&T,2022,April,4,2022-04,0,0,1,0
ORD000555,CUST0620,2024-01-20,428000,Yogyakarta,Di Yogyakarta,18566,OVO,delivered,No Promo,0.0,SiCepat,2024,January,1,2024-01,0,0,1,0
ORD000556,CUST0149,2024-07-04,119000,Padang,Sumatera Barat,32800,Transfer Bank,delivered,No Promo,0.0,JNE,2024,July,7,2024-07,0,0,1,0
ORD000557,CUST0115,2024-07-02,299000,Malang,Jawa Timur,17725,Kartu Kredit,shipped,No Promo,0.0,JNE,2024,July,7,2024-07,0,0,0,0
ORD000558,CUST0008,2023-05-12,551018,Denpasar,Bali,24854,GoPay,shipped,FLASHSALE,25982.0,SiCepat,2023,May,5,2023-05,0,0,0,1
ORD000559,CUST0591,2023-08-26,477000,Pekanbaru,Riau,28687,Transfer Bank,delivered,No Promo,0.0,JNE,2023,August,8,2023-08,0,0,1,0
ORD000560,CUST0142,2024-02-24,898000,Pontianak,Kalimantan Barat,28269,Transfer Bank,delivered,No Promo,0.0,J&T,2024,February,2,2024-02,0,0,1,0
ORD000561,CUST0050,2023-01-13,470569,Padang,Sumatera Barat,30491,GoPay,delivered,WEEKEND25,27431.0,JNE,2023,January,1,2023-01,0,0,1,1
ORD000562,CUST0009,2024-10-04,107473,Semarang,Jawa Tengah,13772,OVO,delivered,SALE2024,11527.0,Pos Indonesia,2024,October,10,2024-10,0,0,1,1
ORD000563,CUST0623,2023-03-23,299000,Manado,Sulawesi Utara,39537,Kartu Kredit,delivered,No Promo,0.0,SiCepat,2023,March,3,2023-03,0,0,1,0
ORD000564,CUST0402,2022-10-23,445127,Banjarmasin,Kalimantan Selatan,28704,Transfer Bank,returned,SALE2024,12873.0,J&T,2022,October,10,2022-10,0,1,0,1
ORD000565,CUST0327,2023-09-20,183306,Denpasar,Bali,24674,QRIS,delivered,FLASHSALE,44694.0,JNE,2023,September,9,2023-09,0,0,1,1
ORD000566,CUST0217,2023-05-25,449000,Denpasar,Bali,26654,Transfer Bank,delivered,No Promo,0.0,SiCepat,2023,May,5,2023-05,0,0,1,0
ORD000567,CUST0323,2024-07-01,218000,Tangerang,Banten,12345,Transfer Bank,delivered,No Promo,0.0,JNE,2024,July,7,2024-07,0,0,1,0
ORD000568,CUST0776,2023-07-01,687000,Bekasi,Jawa Barat,11894,Kartu Kredit,delivered,No Promo,0.0,J&T,2023,July,7,2023-07,0,0,1,0
ORD000569,CUST0070,2023-11-24,327254,Balikpapan,Kalimantan Timur,31477,GoPay,processing,SALE2024,21746.0,J&T,2023,November,11,2023-11,0,0,0,1
ORD000570,CUST0262,2023-04-08,446000,Medan,Sumatera Utara,30039,GoPay,delivered,No Promo,0.0,SiCepat,2023,April,4,2023-04,0,0,1,0
ORD000571,CUST0598,2022-12-15,1081550,Depok,Jawa Barat,9654,Kartu Kredit,cancelled,FLASHSALE,35450.0,SiCepat,2022,December,12,2022-12,1,0,0,1
ORD000572,CUST0127,2024-04-29,199000,Depok,Jawa Barat,13974,GoPay,shipped,No Promo,0.0,J&T,2024,April,4,2024-04,0,0,0,0
ORD000573,CUST0791,2023-04-24,527586,Semarang,Jawa Tengah,15883,Kartu Kredit,delivered,NEWUSER,19414.0,JNE,2023,April,4,2023-04,0,0,1,1
ORD000574,CUST0707,2024-12-16,549000,Medan,Sumatera Utara,36183,Transfer Bank,delivered,No Promo,0.0,Anteraja,2024,December,12,2024-12,0,0,1,0
ORD000575,CUST0137,2023-03-27,374331,Surabaya,Jawa Timur,15769,GoPay,cancelled,SALE2024,24669.0,SiCepat,2023,March,3,2023-03,1,0,0,1
ORD000576,CUST0739,2024-06-21,599000,Bekasi,Jawa Barat,10119,Transfer Bank,delivered,No Promo,0.0,J&T,2024,June,6,2024-06,0,0,1,0
ORD000577,CUST0234,2024-03-17,987000,Pontianak,Kalimantan Barat,30265,Transfer Bank,delivered,No Promo,0.0,SiCepat,2024,March,3,2024-03,0,0,1,0
ORD000578,CUST0340,2024-02-11,129000,Bekasi,Jawa Barat,10039,Kartu Kredit,delivered,No Promo,0.0,Anteraja,2024,February,2,2024-02,0,0,1,0
ORD000579,CUST0207,2024-04-04,329000,Surabaya,Jawa Timur,17870,Kartu Kredit,processing,No Promo,0.0,Pos Indonesia,2024,April,4,2024-04,0,0,0,0
ORD000580,CUST0641,2024-03-30,42668,Medan,Sumatera Utara,32362,GoPay,delivered,WEEKEND25,36332.0,Anteraja,2024,March,3,2024-03,0,0,1,1
ORD000581,CUST0306,2024-01-30,179000,Jakarta,Dki Jakarta,8849,OVO,delivered,No Promo,0.0,J&T,2024,January,1,2024-01,0,0,1,0
ORD000582,CUST0312,2022-05-03,299000,Tangerang,Banten,9307,OVO,processing,No Promo,0.0,JNE,2022,May,5,2022-05,0,0,0,0
ORD000583,CUST0445,2023-06-17,1016000,Makassar,Sulawesi Selatan,37429,GoPay,delivered,No Promo,0.0,Anteraja,2023,June,6,2023-06,0,0,1,0
ORD000584,CUST0679,2025-02-26,400526,Padang,Sumatera Barat,30744,OVO,delivered,NEWUSER,48474.0,J&T,2025,February,2,2025-02,0,0,1,1
ORD000585,CUST0716,2024-11-16,308000,Yogyakarta,Di Yogyakarta,19870,GoPay,delivered,No Promo,0.0,Pos Indonesia,2024,November,11,2024-11,0,0,1,0
ORD000586,CUST0323,2024-01-28,314031,Tangerang,Banten,10700,Transfer Bank,delivered,MEMBER10,34969.0,Anteraja,2024,January,1,2024-01,0,0,1,1
ORD000587,CUST0104,2022-03-23,716933,Jakarta,Dki Jakarta,10883,QRIS,delivered,MEMBER10,11067.0,SiCepat,2022,March,3,2022-03,0,0,1,1
ORD000588,CUST0005,2024-03-22,457000,Bekasi,Jawa Barat,10338,Transfer Bank,delivered,No Promo,0.0,J&T,2024,March,3,2024-03,0,0,1,0
ORD000589,CUST0166,2023-12-15,349000,Tangerang,Banten,13027,Transfer Bank,delivered,No Promo,0.0,J&T,2023,December,12,2023-12,0,0,1,0
ORD000590,CUST0560,2024-01-11,462733,Semarang,Jawa Tengah,14376,Transfer Bank,delivered,FLASHSALE,36267.0,J&T,2024,January,1,2024-01,0,0,1,1
ORD000591,CUST0314,2023-10-20,329000,Medan,Sumatera Utara,39251,QRIS,delivered,No Promo,0.0,SiCepat,2023,October,10,2023-10,0,0,1,0
ORD000592,CUST0581,2024-07-07,181387,Balikpapan,Kalimantan Timur,33955,QRIS,cancelled,HARBOLNAS22,47613.0,Anteraja,2024,July,7,2024-07,1,0,0,1
ORD000593,CUST0145,2023-07-13,34742,Manado,Sulawesi Utara,33621,GoPay,delivered,HARI BELANJA,44258.0,J&T,2023,July,7,2023-07,0,0,1,1
ORD000594,CUST0409,2023-06-29,199000,Bekasi,Jawa Barat,9818,QRIS,delivered,No Promo,0.0,J&T,2023,June,6,2023-06,0,0,1,0
ORD000595,CUST0346,2024-07-26,69173,Medan,Sumatera Utara,27175,Transfer Bank,delivered,MEMBER10,29827.0,JNE,2024,July,7,2024-07,0,0,1,1
ORD000596,CUST0267,2022-09-19,498000,Bekasi,Jawa Barat,11425,Transfer Bank,processing,No Promo,0.0,SiCepat,2022,September,9,2022-09,0,0,0,0
ORD000597,CUST0018,2024-04-27,831401,Manado,Sulawesi Utara,39699,Kartu Kredit,shipped,NEWUSER,43599.0,J&T,2024,April,4,2024-04,0,0,0,1
ORD000598,CUST0659,2023-03-02,280735,Palembang,Sumatera Selatan,27452,OVO,delivered,HARBOLNAS22,48265.0,SiCepat,2023,March,3,2023-03,0,0,1,1
ORD000599,CUST0789,2023-02-27,629823,Palembang,Sumatera Selatan,31771,GoPay,processing,MEMBER10,17177.0,SiCepat,2023,February,2,2023-02,0,0,0,1
ORD000600,CUST0215,2023-10-09,168000,Banjarmasin,Kalimantan Selatan,32895,GoPay,delivered,No Promo,0.0,JNE,2023,October,10,2023-10,0,0,1,0
ORD000601,CUST0587,2023-11-21,568288,Manado,Sulawesi Utara,36115,OVO,cancelled,MEMBER10,27712.0,J&T,2023,November,11,2023-11,1,0,0,1
ORD000602,CUST0151,2024-01-26,59000,Bekasi,Jawa Barat,9737,GoPay,delivered,No Promo,0.0,Pos Indonesia,2024,January,1,2024-01,0,0,1,0
ORD000603,CUST0018,2023-05-05,89000,Manado,Sulawesi Utara,33578,OVO,delivered,No Promo,0.0,J&T,2023,May,5,2023-05,0,0,1,0
ORD000604,CUST0117,2024-02-17,1130052,Denpasar,Bali,31251,GoPay,delivered,MEMBER10,16948.0,JNE,2024,February,2,2024-02,0,0,1,1
ORD000605,CUST0585,2023-04-21,149000,Makassar,Sulawesi Selatan,32757,QRIS,delivered,No Promo,0.0,SiCepat,2023,April,4,2023-04,0,0,1,0
ORD000606,CUST0287,2023-07-27,398000,Denpasar,Bali,28459,Transfer Bank,processing,No Promo,0.0,J&T,2023,July,7,2023-07,0,0,0,0
ORD000607,CUST0658,2025-01-12,59000,Banjarmasin,Kalimantan Selatan,41303,GoPay,cancelled,No Promo,0.0,SiCepat,2025,January,1,2025-01,1,0,0,0
ORD000608,CUST0391,2024-06-19,377000,Pontianak,Kalimantan Barat,38204,GoPay,processing,No Promo,0.0,Anteraja,2024,June,6,2024-06,0,0,0,0
ORD000609,CUST0515,2025-01-05,896000,Palembang,Sumatera Selatan,29725,OVO,delivered,No Promo,0.0,JNE,2025,January,1,2025-01,0,0,1,0
ORD000610,CUST0643,2024-01-22,350115,Denpasar,Bali,27635,QRIS,delivered,NEWUSER,48885.0,SiCepat,2024,January,1,2024-01,0,0,1,1
ORD000611,CUST0538,2022-09-18,399000,Depok,Jawa Barat,9325,Kartu Kredit,shipped,No Promo,0.0,J&T,2022,September,9,2022-09,0,0,0,0
ORD000612,CUST0060,2024-05-12,828000,Pekanbaru,Riau,31970,Kartu Kredit,shipped,No Promo,0.0,JNE,2024,May,5,2024-05,0,0,0,0
ORD000613,CUST0538,2022-03-31,1356000,Depok,Jawa Barat,12923,GoPay,delivered,No Promo,0.0,J&T,2022,March,3,2022-03,0,0,1,0
ORD000614,CUST0648,2024-12-03,1324260,Balikpapan,Kalimantan Timur,43226,GoPay,delivered,SALE2024,11740.0,J&T,2024,December,12,2024-12,0,0,1,1
ORD000615,CUST0665,2024-01-30,1000,Surabaya,Jawa Timur,17859,Kartu Kredit,returned,SALE2024,48000.0,JNE,2024,January,1,2024-01,0,1,0,1
ORD000616,CUST0569,2022-09-20,99000,Palembang,Sumatera Selatan,26503,QRIS,delivered,No Promo,0.0,Anteraja,2022,September,9,2022-09,0,0,1,0
ORD000617,CUST0048,2023-06-02,559017,Pekanbaru,Riau,27372,GoPay,shipped,HARI BELANJA,38983.0,Anteraja,2023,June,6,2023-06,0,0,0,1
ORD000618,CUST0242,2024-03-27,717000,Semarang,Jawa Tengah,12820,GoPay,delivered,No Promo,0.0,JNE,2024,March,3,2024-03,0,0,1,0
ORD000619,CUST0692,2024-04-17,998000,Depok,Jawa Barat,11295,Transfer Bank,delivered,No Promo,0.0,Pos Indonesia,2024,April,4,2024-04,0,0,1,0
ORD000620,CUST0053,2024-12-04,59000,Malang,Jawa Timur,21669,Transfer Bank,shipped,No Promo,0.0,J&T,2024,December,12,2024-12,0,0,0,0
ORD000621,CUST0333,2024-07-27,666000,Balikpapan,Kalimantan Timur,39858,Transfer Bank,delivered,No Promo,0.0,SiCepat,2024,July,7,2024-07,0,0,1,0
ORD000622,CUST0797,2024-06-14,558000,Banjarmasin,Kalimantan Selatan,32315,GoPay,delivered,No Promo,0.0,SiCepat,2024,June,6,2024-06,0,0,1,0
ORD000623,CUST0438,2025-01-03,1547586,Surabaya,Jawa Timur,13103,OVO,delivered,SALE2024,49414.0,SiCepat,2025,January,1,2025-01,0,0,1,1
ORD000624,CUST0721,2024-11-15,956274,Tangerang,Banten,13170,GoPay,delivered,MEMBER10,20726.0,SiCepat,2024,November,11,2024-11,0,0,1,1
ORD000625,CUST0233,2023-05-03,199000,Manado,Sulawesi Utara,44064,GoPay,delivered,No Promo,0.0,SiCepat,2023,May,5,2023-05,0,0,1,0
ORD000626,CUST0025,2025-01-10,650454,Pekanbaru,Riau,28296,Kartu Kredit,shipped,HARI BELANJA,27546.0,J&T,2025,January,1,2025-01,0,0,0,1
ORD000627,CUST0759,2025-01-14,99000,Malang,Jawa Timur,14024,GoPay,cancelled,No Promo,0.0,Anteraja,2025,January,1,2025-01,1,0,0,0
ORD000628,CUST0662,2024-05-29,157094,Palembang,Sumatera Selatan,34906,Kartu Kredit,processing,NEWUSER,41906.0,SiCepat,2024,May,5,2024-05,0,0,0,1
ORD000629,CUST0461,2023-12-05,420164,Bekasi,Jawa Barat,10027,GoPay,delivered,SALE2024,37836.0,SiCepat,2023,December,12,2023-12,0,0,1,1
ORD000630,CUST0650,2023-12-01,248000,Yogyakarta,Di Yogyakarta,18290,OVO,shipped,No Promo,0.0,JNE,2023,December,12,2023-12,0,0,0,0
ORD000631,CUST0387,2025-02-14,149000,Jakarta,Dki Jakarta,8571,QRIS,shipped,No Promo,0.0,Anteraja,2025,February,2,2025-02,0,0,0,0
ORD000632,CUST0132,2022-12-08,511854,Depok,Jawa Barat,13820,GoPay,delivered,HARBOLNAS22,16146.0,Pos Indonesia,2022,December,12,2022-12,0,0,1,1
ORD000633,CUST0486,2024-10-03,129000,Yogyakarta,Di Yogyakarta,18207,GoPay,processing,No Promo,0.0,JNE,2024,October,10,2024-10,0,0,0,0
ORD000634,CUST0359,2022-05-28,210596,Bekasi,Jawa Barat,11953,GoPay,delivered,HARI BELANJA,18404.0,Anteraja,2022,May,5,2022-05,0,0,1,1
ORD000635,CUST0389,2023-10-19,637000,Pontianak,Kalimantan Barat,33844,OVO,shipped,No Promo,0.0,Anteraja,2023,October,10,2023-10,0,0,0,0
ORD000636,CUST0450,2023-05-26,698000,Bandung,Jawa Barat,14979,Transfer Bank,delivered,No Promo,0.0,Anteraja,2023,May,5,2023-05,0,0,1,0
ORD000637,CUST0352,2022-12-07,279000,Denpasar,Bali,24727,QRIS,delivered,No Promo,0.0,J&T,2022,December,12,2022-12,0,0,1,0
ORD000638,CUST0587,2022-08-25,378000,Malang,Jawa Timur,15912,Transfer Bank,cancelled,No Promo,0.0,JNE,2022,August,8,2022-08,1,0,0,0
ORD000639,CUST0153,2023-02-09,199000,Pontianak,Kalimantan Barat,37639,GoPay,delivered,No Promo,0.0,J&T,2023,February,2,2023-02,0,0,1,0
ORD000640,CUST0297,2022-06-10,258000,Banjarmasin,Kalimantan Selatan,36119,OVO,delivered,No Promo,0.0,J&T,2022,June,6,2022-06,0,0,1,0
ORD000641,CUST0062,2022-12-18,279000,Padang,Sumatera Barat,27984,Transfer Bank,delivered,No Promo,0.0,JNE,2022,December,12,2022-12,0,0,1,0
ORD000642,CUST0548,2023-11-04,310555,Jakarta,Dki Jakarta,9990,Kartu Kredit,delivered,MEMBER10,18445.0,J&T,2023,November,11,2023-11,0,0,1,1
ORD000643,CUST0339,2024-01-14,375256,Semarang,Jawa Tengah,17338,Kartu Kredit,delivered,MEMBER10,21744.0,J&T,2024,January,1,2024-01,0,0,1,1
ORD000644,CUST0724,2024-01-13,275947,Surabaya,Jawa Timur,13512,Transfer Bank,delivered,MEMBER10,20053.0,J&T,2024,January,1,2024-01,0,0,1,1
ORD000645,CUST0028,2023-08-02,40564,Pontianak,Kalimantan Barat,29235,Transfer Bank,shipped,SALE2024,18436.0,J&T,2023,August,8,2023-08,0,0,0,1
ORD000646,CUST0139,2024-05-02,93051,Bekasi,Jawa Barat,11617,Transfer Bank,returned,HARBOLNAS22,14949.0,JNE,2024,May,5,2024-05,0,1,0,1
ORD000647,CUST0117,2024-05-18,329000,Manado,Sulawesi Utara,35663,OVO,delivered,No Promo,0.0,SiCepat,2024,May,5,2024-05,0,0,1,0
ORD000648,CUST0220,2023-12-20,19062,Medan,Sumatera Utara,38638,Kartu Kredit,shipped,MEMBER10,49938.0,J&T,2023,December,12,2023-12,0,0,0,1
ORD000649,CUST0454,2023-01-06,1155966,Makassar,Sulawesi Selatan,38388,GoPay,delivered,HARI BELANJA,41034.0,JNE,2023,January,1,2023-01,0,0,1,1
ORD000650,CUST0641,2025-01-09,517000,Medan,Sumatera Utara,34013,OVO,delivered,No Promo,0.0,SiCepat,2025,January,1,2025-01,0,0,1,0
ORD000651,CUST0380,2024-10-28,157020,Malang,Jawa Timur,17997,Kartu Kredit,delivered,MEMBER10,40980.0,JNE,2024,October,10,2024-10,0,0,1,1
ORD000652,CUST0379,2023-07-28,867000,Pontianak,Kalimantan Barat,34076,Transfer Bank,cancelled,No Promo,0.0,SiCepat,2023,July,7,2023-07,1,0,0,0
ORD000653,CUST0717,2025-01-25,458000,Palembang,Sumatera Selatan,34548,OVO,cancelled,No Promo,0.0,SiCepat,2025,January,1,2025-01,1,0,0,0
ORD000654,CUST0398,2023-10-05,344074,Banjarmasin,Kalimantan Selatan,33550,GoPay,delivered,MEMBER10,23926.0,J&T,2023,October,10,2023-10,0,0,1,1
ORD000655,CUST0676,2023-09-11,329000,Yogyakarta,Di Yogyakarta,16515,Transfer Bank,delivered,No Promo,0.0,J&T,2023,September,9,2023-09,0,0,1,0
ORD000656,CUST0605,2024-10-20,756000,Tangerang,Banten,13475,Kartu Kredit,delivered,No Promo,0.0,JNE,2024,October,10,2024-10,0,0,1,0
ORD000657,CUST0091,2022-01-16,897000,Pekanbaru,Riau,24143,GoPay,delivered,No Promo,0.0,JNE,2022,January,1,2022-01,0,0,1,0
ORD000658,CUST0729,2022-03-13,242992,Malang,Jawa Timur,18700,Transfer Bank,delivered,HARI BELANJA,36008.0,JNE,2022,March,3,2022-03,0,0,1,1
ORD000659,CUST0189,2023-05-27,1107000,Tangerang,Banten,13736,QRIS,shipped,No Promo,0.0,J&T,2023,May,5,2023-05,0,0,0,0
ORD000660,CUST0472,2022-10-28,761205,Malang,Jawa Timur,14092,Transfer Bank,processing,HARI BELANJA,15795.0,JNE,2022,October,10,2022-10,0,0,0,1
ORD000661,CUST0636,2023-11-01,481556,Yogyakarta,Di Yogyakarta,17511,Transfer Bank,delivered,HARBOLNAS22,17444.0,SiCepat,2023,November,11,2023-11,0,0,1,1
ORD000662,CUST0411,2024-04-19,495410,Surabaya,Jawa Timur,17991,OVO,processing,WEEKEND25,41590.0,JNE,2024,April,4,2024-04,0,0,0,1
ORD000663,CUST0673,2024-11-09,795000,Makassar,Sulawesi Selatan,31644,Transfer Bank,processing,No Promo,0.0,J&T,2024,November,11,2024-11,0,0,0,0
ORD000664,CUST0222,2022-05-30,298000,Manado,Sulawesi Utara,33699,GoPay,returned,No Promo,0.0,J&T,2022,May,5,2022-05,0,1,0,0
ORD000665,CUST0166,2024-01-05,579006,Tangerang,Banten,12417,Kartu Kredit,cancelled,SALE2024,17994.0,J&T,2024,January,1,2024-01,1,0,0,1
ORD000666,CUST0789,2023-09-29,49000,Palembang,Sumatera Selatan,27392,GoPay,delivered,No Promo,0.0,JNE,2023,September,9,2023-09,0,0,1,0
ORD000667,CUST0713,2023-11-04,179000,Depok,Jawa Barat,13847,Transfer Bank,cancelled,No Promo,0.0,J&T,2023,November,11,2023-11,1,0,0,0
ORD000668,CUST0089,2024-02-07,1446000,Medan,Sumatera Utara,34551,OVO,cancelled,No Promo,0.0,SiCepat,2024,February,2,2024-02,1,0,0,0
ORD000669,CUST0297,2022-03-27,664711,Banjarmasin,Kalimantan Selatan,41944,OVO,delivered,WEEKEND25,22289.0,Anteraja,2022,March,3,2022-03,0,0,1,1
ORD000670,CUST0620,2022-09-26,572011,Surabaya,Jawa Timur,17219,GoPay,shipped,HARBOLNAS22,14989.0,JNE,2022,September,9,2022-09,0,0,0,1
ORD000671,CUST0728,2023-06-07,249000,Malang,Jawa Timur,17366,OVO,delivered,No Promo,0.0,SiCepat,2023,June,6,2023-06,0,0,1,0
ORD000672,CUST0346,2023-06-06,378000,Medan,Sumatera Utara,33140,OVO,cancelled,No Promo,0.0,JNE,2023,June,6,2023-06,1,0,0,0
ORD000673,CUST0598,2024-12-20,387000,Depok,Jawa Barat,13306,QRIS,delivered,No Promo,0.0,J&T,2024,December,12,2024-12,0,0,1,0
ORD000674,CUST0060,2022-02-19,75927,Bekasi,Jawa Barat,12544,GoPay,cancelled,SALE2024,22073.0,Anteraja,2022,February,2,2022-02,1,0,0,1
ORD000675,CUST0460,2024-02-15,898000,Jakarta,Dki Jakarta,9655,Transfer Bank,shipped,No Promo,0.0,J&T,2024,February,2,2024-02,0,0,0,0
ORD000676,CUST0680,2022-05-28,757000,Denpasar,Bali,21822,Kartu Kredit,delivered,No Promo,0.0,SiCepat,2022,May,5,2022-05,0,0,1,0
ORD000677,CUST0797,2024-01-01,1179024,Bogor,Jawa Barat,13351,GoPay,delivered,RAMADAN23,17976.0,JNE,2024,January,1,2024-01,0,0,1,1
ORD000678,CUST0360,2024-11-06,284528,Semarang,Jawa Tengah,13170,OVO,delivered,SALE2024,44472.0,J&T,2024,November,11,2024-11,0,0,1,1
ORD000679,CUST0198,2023-10-19,1120861,Malang,Jawa Timur,14261,Transfer Bank,delivered,RAMADAN23,26139.0,SiCepat,2023,October,10,2023-10,0,0,1,1
ORD000680,CUST0356,2024-06-07,288000,Depok,Jawa Barat,12629,QRIS,delivered,No Promo,0.0,SiCepat,2024,June,6,2024-06,0,0,1,0
ORD000681,CUST0369,2025-01-20,420941,Pekanbaru,Riau,30588,Transfer Bank,delivered,MEMBER10,15059.0,J&T,2025,January,1,2025-01,0,0,1,1
ORD000682,CUST0628,2023-03-26,451916,Jakarta,Dki Jakarta,11116,QRIS,cancelled,SALE2024,46084.0,JNE,2023,March,3,2023-03,1,0,0,1
ORD000683,CUST0038,2023-11-17,449000,Bekasi,Jawa Barat,13999,Transfer Bank,delivered,No Promo,0.0,SiCepat,2023,November,11,2023-11,0,0,1,0
ORD000684,CUST0690,2025-02-18,956000,Padang,Sumatera Barat,25890,OVO,delivered,No Promo,0.0,SiCepat,2025,February,2,2025-02,0,0,1,0
ORD000685,CUST0413,2024-01-11,218000,Balikpapan,Kalimantan Timur,35294,QRIS,cancelled,No Promo,0.0,SiCepat,2024,January,1,2024-01,1,0,0,0
ORD000686,CUST0755,2022-07-20,740451,Manado,Sulawesi Utara,42446,Transfer Bank,delivered,FLASHSALE,37549.0,Anteraja,2022,July,7,2022-07,0,0,1,1
ORD000687,CUST0471,2023-08-25,138000,Bandung,Jawa Barat,13637,Kartu Kredit,delivered,No Promo,0.0,J&T,2023,August,8,2023-08,0,0,1,0
ORD000688,CUST0574,2022-10-29,89618,Padang,Sumatera Barat,26293,GoPay,shipped,WEEKEND25,29382.0,J&T,2022,October,10,2022-10,0,0,0,1
ORD000689,CUST0276,2023-08-28,66909,Bekasi,Jawa Barat,9074,GoPay,shipped,HARBOLNAS22,12091.0,JNE,2023,August,8,2023-08,0,0,0,1
ORD000690,CUST0281,2022-12-05,308000,Pontianak,Kalimantan Barat,39798,GoPay,delivered,No Promo,0.0,Anteraja,2022,December,12,2022-12,0,0,1,0
ORD000691,CUST0599,2025-02-06,149693,Manado,Sulawesi Utara,38206,Transfer Bank,delivered,FLASHSALE,49307.0,J&T,2025,February,2,2025-02,0,0,1,1
ORD000692,CUST0299,2023-04-28,59000,Manado,Sulawesi Utara,42486,GoPay,processing,No Promo,0.0,J&T,2023,April,4,2023-04,0,0,0,0
ORD000693,CUST0620,2023-03-29,707000,Pontianak,Kalimantan Barat,37831,Transfer Bank,delivered,No Promo,0.0,J&T,2023,March,3,2023-03,0,0,1,0
ORD000694,CUST0123,2023-04-19,1214572,Balikpapan,Kalimantan Timur,36653,GoPay,delivered,NEWUSER,48428.0,Anteraja,2023,April,4,2023-04,0,0,1,1
ORD000695,CUST0161,2024-05-18,145927,Depok,Jawa Barat,11935,Transfer Bank,delivered,NEWUSER,42073.0,J&T,2024,May,5,2024-05,0,0,1,1
ORD000696,CUST0619,2023-10-02,179000,Yogyakarta,Di Yogyakarta,18293,Transfer Bank,shipped,No Promo,0.0,SiCepat,2023,October,10,2023-10,0,0,0,0
ORD000697,CUST0386,2024-11-09,179000,Padang,Sumatera Barat,25048,GoPay,delivered,No Promo,0.0,Pos Indonesia,2024,November,11,2024-11,0,0,1,0
ORD000698,CUST0147,2023-05-26,149000,Jakarta,Dki Jakarta,10977,Kartu Kredit,delivered,No Promo,0.0,SiCepat,2023,May,5,2023-05,0,0,1,0
ORD000699,CUST0548,2024-05-11,1257000,Bekasi,Jawa Barat,12613,OVO,processing,No Promo,0.0,J&T,2024,May,5,2024-05,0,0,0,0
ORD000700,CUST0717,2025-01-22,69000,Palembang,Sumatera Selatan,30174,GoPay,delivered,No Promo,0.0,J&T,2025,January,1,2025-01,0,0,1,0
ORD000701,CUST0778,2023-03-01,478785,Malang,Jawa Timur,15311,OVO,processing,HARBOLNAS22,20215.0,SiCepat,2023,March,3,2023-03,0,0,0,1
ORD000702,CUST0136,2023-11-04,339933,Jakarta,Dki Jakarta,10564,GoPay,cancelled,HARI BELANJA,18067.0,JNE,2023,November,11,2023-11,1,0,0,1
ORD000703,CUST0553,2023-03-03,129268,Depok,Jawa Barat,13233,OVO,shipped,SALE2024,49732.0,J&T,2023,March,3,2023-03,0,0,0,1
ORD000704,CUST0320,2023-01-01,859984,Palembang,Sumatera Selatan,29431,Kartu Kredit,processing,SALE2024,27016.0,JNE,2023,January,1,2023-01,0,0,0,1
ORD000705,CUST0448,2023-11-21,690952,Pekanbaru,Riau,28227,GoPay,delivered,HARI BELANJA,37048.0,Pos Indonesia,2023,November,11,2023-11,0,0,1,1
ORD000706,CUST0351,2024-06-29,247000,Tangerang,Banten,13290,Transfer Bank,delivered,No Promo,0.0,SiCepat,2024,June,6,2024-06,0,0,1,0
ORD000707,CUST0300,2023-08-28,16953,Medan,Sumatera Utara,28609,Kartu Kredit,delivered,NEWUSER,42047.0,SiCepat,2023,August,8,2023-08,0,0,1,1
ORD000708,CUST0375,2024-06-30,687000,Medan,Sumatera Utara,35053,GoPay,delivered,No Promo,0.0,J&T,2024,June,6,2024-06,0,0,1,0
ORD000709,CUST0726,2023-02-01,481801,Medan,Sumatera Utara,35247,Transfer Bank,delivered,FLASHSALE,17199.0,J&T,2023,February,2,2023-02,0,0,1,1
ORD000710,CUST0147,2024-01-28,279000,Jakarta,Dki Jakarta,8517,Kartu Kredit,cancelled,No Promo,0.0,SiCepat,2024,January,1,2024-01,1,0,0,0
ORD000711,CUST0629,2023-04-09,68818,Padang,Sumatera Barat,28412,Kartu Kredit,delivered,NEWUSER,29182.0,J&T,2023,April,4,2023-04,0,0,1,1
ORD000712,CUST0506,2023-12-30,99000,Jakarta,Dki Jakarta,9175,QRIS,returned,No Promo,0.0,SiCepat,2023,December,12,2023-12,0,1,0,0
ORD000713,CUST0299,2024-01-15,884324,Manado,Sulawesi Utara,35771,OVO,delivered,SALE2024,13676.0,JNE,2024,January,1,2024-01,0,0,1,1
ORD000714,CUST0582,2024-05-11,249000,Medan,Sumatera Utara,31466,GoPay,processing,No Promo,0.0,J&T,2024,May,5,2024-05,0,0,0,0
ORD000715,CUST0533,2023-01-04,543592,Yogyakarta,Di Yogyakarta,14133,Kartu Kredit,processing,NEWUSER,23408.0,JNE,2023,January,1,2023-01,0,0,0,1
ORD000716,CUST0771,2023-08-22,378000,Yogyakarta,Di Yogyakarta,13187,QRIS,delivered,No Promo,0.0,Anteraja,2023,August,8,2023-08,0,0,1,0
ORD000717,CUST0391,2022-06-21,627547,Pontianak,Kalimantan Barat,37938,QRIS,cancelled,HARBOLNAS22,17453.0,Anteraja,2022,June,6,2022-06,1,0,0,1
ORD000718,CUST0193,2022-10-12,1015392,Medan,Sumatera Utara,26533,QRIS,cancelled,HARI BELANJA,32608.0,J&T,2022,October,10,2022-10,1,0,0,1
ORD000719,CUST0544,2024-12-21,442141,Manado,Sulawesi Utara,32799,Transfer Bank,delivered,MEMBER10,25859.0,J&T,2024,December,12,2024-12,0,0,1,1
ORD000720,CUST0066,2023-07-29,464915,Malang,Jawa Timur,14621,OVO,processing,FLASHSALE,33085.0,JNE,2023,July,7,2023-07,0,0,0,1
ORD000721,CUST0518,2022-01-20,299000,Manado,Sulawesi Utara,33689,QRIS,delivered,No Promo,0.0,J&T,2022,January,1,2022-01,0,0,1,0
ORD000722,CUST0563,2023-02-20,604187,Yogyakarta,Di Yogyakarta,16789,Kartu Kredit,shipped,FLASHSALE,43813.0,J&T,2023,February,2,2023-02,0,0,0,1
ORD000723,CUST0399,2023-09-14,44697,Banjarmasin,Kalimantan Selatan,37318,OVO,processing,WEEKEND25,14303.0,J&T,2023,September,9,2023-09,0,0,0,1
ORD000724,CUST0488,2024-12-11,528000,Bekasi,Jawa Barat,13393,Transfer Bank,delivered,No Promo,0.0,J&T,2024,December,12,2024-12,0,0,1,0
ORD000725,CUST0253,2023-04-08,79000,Banjarmasin,Kalimantan Selatan,37720,Kartu Kredit,delivered,No Promo,0.0,JNE,2023,April,4,2023-04,0,0,1,0
ORD000726,CUST0718,2023-09-02,1472598,Pontianak,Kalimantan Barat,33410,GoPay,delivered,FLASHSALE,23402.0,J&T,2023,September,9,2023-09,0,0,1,1
ORD000727,CUST0162,2025-02-06,299000,Manado,Sulawesi Utara,38295,GoPay,delivered,No Promo,0.0,SiCepat,2025,February,2,2025-02,0,0,1,0
ORD000728,CUST0728,2022-06-05,498000,Tangerang,Banten,11456,GoPay,returned,No Promo,0.0,JNE,2022,June,6,2022-06,0,1,0,0
ORD000729,CUST0740,2024-11-15,49000,Denpasar,Bali,23666,OVO,shipped,No Promo,0.0,JNE,2024,November,11,2024-11,0,0,0,0
ORD000730,CUST0774,2022-09-10,1182565,Padang,Sumatera Barat,26101,OVO,delivered,HARI BELANJA,15435.0,J&T,2022,September,9,2022-09,0,0,1,1
ORD000731,CUST0150,2022-03-23,628000,Makassar,Sulawesi Selatan,33169,Transfer Bank,delivered,No Promo,0.0,JNE,2022,March,3,2022-03,0,0,1,0
ORD000732,CUST0679,2023-08-04,349000,Padang,Sumatera Barat,37667,QRIS,shipped,No Promo,0.0,J&T,2023,August,8,2023-08,0,0,0,0
ORD000733,CUST0386,2023-10-14,567000,Padang,Sumatera Barat,30533,GoPay,delivered,No Promo,0.0,JNE,2023,October,10,2023-10,0,0,1,0
ORD000734,CUST0017,2022-12-12,408025,Surabaya,Jawa Timur,14306,QRIS,returned,RAMADAN23,47975.0,J&T,2022,December,12,2022-12,0,1,0,1
ORD000735,CUST0078,2024-04-20,342586,Bandung,Jawa Barat,13757,Transfer Bank,shipped,RAMADAN23,15414.0,J&T,2024,April,4,2024-04,0,0,0,1
ORD000736,CUST0337,2022-12-04,121853,Balikpapan,Kalimantan Timur,36503,OVO,cancelled,NEWUSER,27147.0,J&T,2022,December,12,2022-12,1,0,0,1
ORD000737,CUST0480,2025-02-28,98000,Pekanbaru,Riau,25330,Transfer Bank,delivered,No Promo,0.0,J&T,2025,February,2,2025-02,0,0,1,0
ORD000738,CUST0111,2023-07-16,1055497,Pontianak,Kalimantan Barat,41405,Transfer Bank,delivered,SALE2024,11503.0,Anteraja,2023,July,7,2023-07,0,0,1,1
ORD000739,CUST0213,2022-08-23,206360,Medan,Sumatera Utara,35770,GoPay,delivered,SALE2024,42640.0,SiCepat,2022,August,8,2022-08,0,0,1,1
ORD000740,CUST0686,2022-01-02,618000,Makassar,Sulawesi Selatan,30340,GoPay,shipped,No Promo,0.0,JNE,2022,January,1,2022-01,0,0,0,0
ORD000741,CUST0347,2023-03-16,89000,Depok,Jawa Barat,10662,OVO,cancelled,No Promo,0.0,SiCepat,2023,March,3,2023-03,1,0,0,0
ORD000742,CUST0672,2025-02-20,59000,Malang,Jawa Timur,20820,Kartu Kredit,processing,No Promo,0.0,JNE,2025,February,2,2025-02,0,0,0,0
ORD000743,CUST0610,2024-02-18,581775,Depok,Jawa Barat,9933,OVO,processing,MEMBER10,14225.0,J&T,2024,February,2,2024-02,0,0,0,1
ORD000744,CUST0344,2024-10-25,948000,Bekasi,Jawa Barat,9414,OVO,delivered,No Promo,0.0,Anteraja,2024,October,10,2024-10,0,0,1,0
ORD000745,CUST0175,2024-11-01,648000,Palembang,Sumatera Selatan,23349,Transfer Bank,delivered,No Promo,0.0,SiCepat,2024,November,11,2024-11,0,0,1,0
ORD000746,CUST0263,2024-01-28,399000,Palembang,Sumatera Selatan,33760,Transfer Bank,returned,No Promo,0.0,Anteraja,2024,January,1,2024-01,0,1,0,0
ORD000747,CUST0691,2024-04-01,129000,Bogor,Jawa Barat,14073,QRIS,shipped,No Promo,0.0,SiCepat,2024,April,4,2024-04,0,0,0,0
ORD000748,CUST0128,2024-03-22,1427000,Banjarmasin,Kalimantan Selatan,31813,GoPay,delivered,No Promo,0.0,Anteraja,2024,March,3,2024-03,0,0,1,0
ORD000749,CUST0101,2024-08-13,1156000,Makassar,Sulawesi Selatan,40783,GoPay,processing,No Promo,0.0,JNE,2024,August,8,2024-08,0,0,0,0
ORD000750,CUST0407,2024-11-06,158000,Pontianak,Kalimantan Barat,34578,Transfer Bank,delivered,No Promo,0.0,J&T,2024,November,11,2024-11,0,0,1,0
ORD000751,CUST0584,2024-04-15,938938,Tangerang,Banten,9701,QRIS,returned,MEMBER10,48062.0,J&T,2024,April,4,2024-04,0,1,0,1
ORD000752,CUST0598,2023-06-19,1647000,Depok,Jawa Barat,10110,GoPay,shipped,No Promo,0.0,J&T,2023,June,6,2023-06,0,0,0,0
ORD000753,CUST0390,2023-09-27,598000,Bandung,Jawa Barat,14563,GoPay,shipped,No Promo,0.0,JNE,2023,September,9,2023-09,0,0,0,0
ORD000754,CUST0298,2022-08-04,436791,Depok,Jawa Barat,11700,GoPay,delivered,RAMADAN23,30209.0,J&T,2022,August,8,2022-08,0,0,1,1
ORD000755,CUST0539,2023-01-28,279000,Balikpapan,Kalimantan Timur,42679,Transfer Bank,shipped,No Promo,0.0,JNE,2023,January,1,2023-01,0,0,0,0
ORD000756,CUST0504,2023-08-02,316633,Pontianak,Kalimantan Barat,38527,Transfer Bank,delivered,WEEKEND25,12367.0,JNE,2023,August,8,2023-08,0,0,1,1
ORD000757,CUST0506,2023-10-25,1054184,Depok,Jawa Barat,13921,GoPay,returned,HARI BELANJA,22816.0,JNE,2023,October,10,2023-10,0,1,0,1
ORD000758,CUST0021,2025-02-26,147000,Medan,Sumatera Utara,31306,OVO,delivered,No Promo,0.0,JNE,2025,February,2,2025-02,0,0,1,0
ORD000759,CUST0296,2025-02-16,249000,Bandung,Jawa Barat,12269,GoPay,cancelled,No Promo,0.0,Pos Indonesia,2025,February,2,2025-02,1,0,0,0
ORD000760,CUST0262,2022-07-18,279000,Semarang,Jawa Tengah,14964,OVO,delivered,No Promo,0.0,J&T,2022,July,7,2022-07,0,0,1,0
ORD000761,CUST0563,2025-02-12,797000,Banjarmasin,Kalimantan Selatan,31254,OVO,cancelled,No Promo,0.0,J&T,2025,February,2,2025-02,1,0,0,0
ORD000762,CUST0440,2024-07-27,178000,Malang,Jawa Timur,17556,QRIS,processing,No Promo,0.0,J&T,2024,July,7,2024-07,0,0,0,0
ORD000763,CUST0485,2023-08-01,298871,Pontianak,Kalimantan Barat,32763,Transfer Bank,processing,WEEKEND25,49129.0,SiCepat,2023,August,8,2023-08,0,0,0,1
ORD000764,CUST0708,2023-09-02,149000,Medan,Sumatera Utara,37503,OVO,delivered,No Promo,0.0,SiCepat,2023,September,9,2023-09,0,0,1,0
ORD000765,CUST0411,2023-12-27,758702,Surabaya,Jawa Timur,15750,Transfer Bank,delivered,HARI BELANJA,19298.0,Pos Indonesia,2023,December,12,2023-12,0,0,1,1
ORD000766,CUST0605,2023-11-26,268682,Jakarta,Dki Jakarta,8989,OVO,delivered,SALE2024,10318.0,J&T,2023,November,11,2023-11,0,0,1,1
ORD000767,CUST0308,2025-01-22,499000,Denpasar,Bali,29213,Transfer Bank,delivered,No Promo,0.0,JNE,2025,January,1,2025-01,0,0,1,0
ORD000768,CUST0704,2024-04-27,351245,Bandung,Jawa Barat,14026,OVO,processing,FLASHSALE,47755.0,J&T,2024,April,4,2024-04,0,0,0,1
ORD000769,CUST0030,2023-03-13,493363,Pekanbaru,Riau,29548,Kartu Kredit,delivered,NEWUSER,44637.0,J&T,2023,March,3,2023-03,0,0,1,1
ORD000770,CUST0198,2024-11-12,877000,Malang,Jawa Timur,16803,QRIS,delivered,No Promo,0.0,SiCepat,2024,November,11,2024-11,0,0,1,0
ORD000771,CUST0353,2024-06-25,45907,Balikpapan,Kalimantan Timur,41282,GoPay,delivered,HARI BELANJA,23093.0,SiCepat,2024,June,6,2024-06,0,0,1,1
ORD000772,CUST0254,2023-07-04,1086000,Makassar,Sulawesi Selatan,43858,Transfer Bank,delivered,No Promo,0.0,J&T,2023,July,7,2023-07,0,0,1,0
ORD000773,CUST0539,2022-11-15,119000,Balikpapan,Kalimantan Timur,30231,OVO,cancelled,No Promo,0.0,J&T,2022,November,11,2022-11,1,0,0,0
ORD000774,CUST0241,2025-02-03,129000,Depok,Jawa Barat,13047,QRIS,delivered,No Promo,0.0,JNE,2025,February,2,2025-02,0,0,1,0
ORD000775,CUST0694,2024-07-15,698000,Jakarta,Dki Jakarta,11292,Transfer Bank,delivered,No Promo,0.0,SiCepat,2024,July,7,2024-07,0,0,1,0
ORD000776,CUST0570,2024-01-10,94997,Makassar,Sulawesi Selatan,43929,QRIS,shipped,MEMBER10,34003.0,SiCepat,2024,January,1,2024-01,0,0,0,1
ORD000777,CUST0048,2024-03-18,129000,Pekanbaru,Riau,33835,Transfer Bank,delivered,No Promo,0.0,JNE,2024,March,3,2024-03,0,0,1,0
ORD000778,CUST0621,2024-02-23,636000,Malang,Jawa Timur,18837,Transfer Bank,delivered,No Promo,0.0,JNE,2024,February,2,2024-02,0,0,1,0
ORD000779,CUST0087,2024-11-21,149354,Manado,Sulawesi Utara,39926,GoPay,shipped,HARI BELANJA,49646.0,JNE,2024,November,11,2024-11,0,0,0,1
ORD000780,CUST0130,2023-06-26,149000,Manado,Sulawesi Utara,39404,Transfer Bank,delivered,No Promo,0.0,JNE,2023,June,6,2023-06,0,0,1,0
ORD000781,CUST0501,2023-10-05,348000,Bogor,Jawa Barat,14863,GoPay,delivered,No Promo,0.0,Anteraja,2023,October,10,2023-10,0,0,1,0
ORD000782,CUST0792,2022-03-19,957000,Palembang,Sumatera Selatan,29392,GoPay,delivered,No Promo,0.0,JNE,2022,March,3,2022-03,0,0,1,0
ORD000783,CUST0182,2022-11-13,837000,Bekasi,Jawa Barat,13265,Transfer Bank,delivered,No Promo,0.0,SiCepat,2022,November,11,2022-11,0,0,1,0
ORD000784,CUST0049,2023-01-09,578000,Manado,Sulawesi Utara,44793,OVO,delivered,No Promo,0.0,J&T,2023,January,1,2023-01,0,0,1,0
ORD000785,CUST0246,2024-09-17,149000,Depok,Jawa Barat,9618,Kartu Kredit,processing,No Promo,0.0,SiCepat,2024,September,9,2024-09,0,0,0,0
ORD000786,CUST0103,2023-05-13,532968,Jakarta,Dki Jakarta,10234,GoPay,delivered,NEWUSER,15032.0,JNE,2023,May,5,2023-05,0,0,1,1
ORD000787,CUST0771,2024-09-04,546000,Yogyakarta,Di Yogyakarta,18219,GoPay,delivered,No Promo,0.0,JNE,2024,September,9,2024-09,0,0,1,0
ORD000788,CUST0478,2024-10-23,449000,Palembang,Sumatera Selatan,29964,GoPay,delivered,No Promo,0.0,JNE,2024,October,10,2024-10,0,0,1,0
ORD000789,CUST0800,2022-08-30,292697,Padang,Sumatera Barat,25870,GoPay,delivered,FLASHSALE,15303.0,J&T,2022,August,8,2022-08,0,0,1,1
ORD000790,CUST0784,2022-10-25,413475,Tangerang,Banten,11169,Kartu Kredit,delivered,FLASHSALE,35525.0,JNE,2022,October,10,2022-10,0,0,1,1
ORD000791,CUST0118,2024-08-14,479734,Bekasi,Jawa Barat,10935,GoPay,shipped,FLASHSALE,36266.0,SiCepat,2024,August,8,2024-08,0,0,0,1
ORD000792,CUST0110,2022-07-25,399000,Padang,Sumatera Barat,32911,Transfer Bank,delivered,No Promo,0.0,J&T,2022,July,7,2022-07,0,0,1,0
ORD000793,CUST0538,2023-05-27,1496000,Yogyakarta,Di Yogyakarta,18975,Transfer Bank,shipped,No Promo,0.0,Anteraja,2023,May,5,2023-05,0,0,0,0
ORD000794,CUST0391,2023-07-07,54451,Pontianak,Kalimantan Barat,28013,Transfer Bank,shipped,RAMADAN23,34549.0,JNE,2023,July,7,2023-07,0,0,0,1
ORD000795,CUST0191,2023-04-04,852700,Denpasar,Bali,28714,OVO,delivered,WEEKEND25,45300.0,Anteraja,2023,April,4,2023-04,0,0,1,1
ORD000796,CUST0579,2023-09-29,412684,Palembang,Sumatera Selatan,22357,Transfer Bank,delivered,NEWUSER,36316.0,SiCepat,2023,September,9,2023-09,0,0,1,1
ORD000797,CUST0747,2023-02-25,1398684,Palembang,Sumatera Selatan,24967,OVO,delivered,HARBOLNAS22,27316.0,Pos Indonesia,2023,February,2,2023-02,0,0,1,1
ORD000798,CUST0052,2023-11-05,409749,Semarang,Jawa Tengah,12671,GoPay,delivered,RAMADAN23,39251.0,J&T,2023,November,11,2023-11,0,0,1,1
ORD000799,CUST0714,2024-07-21,297661,Medan,Sumatera Utara,38555,GoPay,shipped,HARI BELANJA,49339.0,J&T,2024,July,7,2024-07,0,0,0,1
ORD000800,CUST0059,2023-03-04,547000,Balikpapan,Kalimantan Timur,31808,Transfer Bank,cancelled,No Promo,0.0,SiCepat,2023,March,3,2023-03,1,0,0,0
ORD000801,CUST0010,2023-08-07,946000,Manado,Sulawesi Utara,43218,Kartu Kredit,cancelled,No Promo,0.0,J&T,2023,August,8,2023-08,1,0,0,0
ORD000802,CUST0361,2023-03-24,54558,Bogor,Jawa Barat,10846,GoPay,delivered,NEWUSER,44442.0,J&T,2023,March,3,2023-03,0,0,1,1
ORD000803,CUST0707,2024-11-19,361081,Surabaya,Jawa Timur,15210,GoPay,cancelled,RAMADAN23,37919.0,SiCepat,2024,November,11,2024-11,1,0,0,1
ORD000804,CUST0506,2023-11-23,676653,Pekanbaru,Riau,28373,Transfer Bank,returned,HARBOLNAS22,30347.0,JNE,2023,November,11,2023-11,0,1,0,1
ORD000805,CUST0706,2024-01-08,428000,Malang,Jawa Timur,15338,OVO,shipped,No Promo,0.0,J&T,2024,January,1,2024-01,0,0,0,0
ORD000806,CUST0241,2024-10-18,482064,Depok,Jawa Barat,10013,Transfer Bank,cancelled,FLASHSALE,16936.0,Pos Indonesia,2024,October,10,2024-10,1,0,0,1
ORD000807,CUST0449,2024-02-27,996000,Manado,Sulawesi Utara,44120,Transfer Bank,delivered,No Promo,0.0,Anteraja,2024,February,2,2024-02,0,0,1,0
ORD000808,CUST0109,2024-03-23,527000,Malang,Jawa Timur,20644,Transfer Bank,shipped,No Promo,0.0,J&T,2024,March,3,2024-03,0,0,0,0
ORD000809,CUST0569,2023-04-04,198000,Pekanbaru,Riau,25565,Kartu Kredit,shipped,No Promo,0.0,JNE,2023,April,4,2023-04,0,0,0,0
ORD000810,CUST0637,2022-10-14,640948,Makassar,Sulawesi Selatan,35011,GoPay,processing,SALE2024,17052.0,J&T,2022,October,10,2022-10,0,0,0,1
ORD000811,CUST0472,2023-04-11,99000,Manado,Sulawesi Utara,44458,QRIS,delivered,No Promo,0.0,J&T,2023,April,4,2023-04,0,0,1,0
ORD000812,CUST0197,2025-02-01,477000,Depok,Jawa Barat,10114,Transfer Bank,shipped,No Promo,0.0,SiCepat,2025,February,2,2025-02,0,0,0,0
ORD000813,CUST0097,2024-09-29,766000,Makassar,Sulawesi Selatan,41826,Transfer Bank,processing,No Promo,0.0,J&T,2024,September,9,2024-09,0,0,0,0
ORD000814,CUST0665,2024-05-09,308216,Surabaya,Jawa Timur,16528,Kartu Kredit,delivered,MEMBER10,38784.0,SiCepat,2024,May,5,2024-05,0,0,1,1
ORD000815,CUST0422,2023-02-04,1157000,Makassar,Sulawesi Selatan,38433,GoPay,delivered,No Promo,0.0,J&T,2023,February,2,2023-02,0,0,1,0
ORD000816,CUST0724,2022-04-15,916000,Surabaya,Jawa Timur,14548,Kartu Kredit,delivered,No Promo,0.0,SiCepat,2022,April,4,2022-04,0,0,1,0
ORD000817,CUST0028,2024-06-13,10638,Pontianak,Kalimantan Barat,32377,Transfer Bank,delivered,WEEKEND25,38362.0,Pos Indonesia,2024,June,6,2024-06,0,0,1,1
ORD000818,CUST0598,2024-07-20,29100,Depok,Jawa Barat,10375,OVO,delivered,NEWUSER,49900.0,J&T,2024,July,7,2024-07,0,0,1,1
ORD000819,CUST0694,2022-10-26,329000,Jakarta,Dki Jakarta,11252,GoPay,delivered,No Promo,0.0,SiCepat,2022,October,10,2022-10,0,0,1,0
ORD000820,CUST0525,2024-05-14,360415,Bogor,Jawa Barat,12456,OVO,delivered,WEEKEND25,38585.0,JNE,2024,May,5,2024-05,0,0,1,1
ORD000821,CUST0627,2023-01-17,536000,Balikpapan,Kalimantan Timur,43244,GoPay,delivered,No Promo,0.0,JNE,2023,January,1,2023-01,0,0,1,0
ORD000822,CUST0352,2022-05-07,2695000,Makassar,Sulawesi Selatan,43645,Transfer Bank,cancelled,No Promo,0.0,JNE,2022,May,5,2022-05,1,0,0,0
ORD000823,CUST0492,2024-01-08,178000,Pekanbaru,Riau,31913,Kartu Kredit,delivered,No Promo,0.0,J&T,2024,January,1,2024-01,0,0,1,0
ORD000824,CUST0337,2022-08-04,349000,Banjarmasin,Kalimantan Selatan,31299,Transfer Bank,processing,No Promo,0.0,SiCepat,2022,August,8,2022-08,0,0,0,0
ORD000825,CUST0218,2025-02-24,292224,Jakarta,Dki Jakarta,10642,GoPay,delivered,HARBOLNAS22,36776.0,Pos Indonesia,2025,February,2,2025-02,0,0,1,1
ORD000826,CUST0718,2022-12-28,129000,Jakarta,Dki Jakarta,11572,Kartu Kredit,cancelled,No Promo,0.0,J&T,2022,December,12,2022-12,1,0,0,0
ORD000827,CUST0083,2022-04-26,87649,Pontianak,Kalimantan Barat,41043,QRIS,shipped,WEEKEND25,31351.0,Anteraja,2022,April,4,2022-04,0,0,0,1
ORD000828,CUST0001,2024-02-18,302887,Semarang,Jawa Tengah,15460,QRIS,shipped,NEWUSER,34113.0,J&T,2024,February,2,2024-02,0,0,0,1
ORD000829,CUST0626,2024-07-19,1057000,Jakarta,Dki Jakarta,8076,Kartu Kredit,returned,No Promo,0.0,JNE,2024,July,7,2024-07,0,1,0,0
ORD000830,CUST0235,2023-05-02,329000,Tangerang,Banten,11165,QRIS,processing,No Promo,0.0,J&T,2023,May,5,2023-05,0,0,0,0
ORD000831,CUST0457,2022-01-28,19284,Malang,Jawa Timur,14456,QRIS,shipped,WEEKEND25,29716.0,JNE,2022,January,1,2022-01,0,0,0,1
ORD000832,CUST0527,2025-01-21,922534,Malang,Jawa Timur,20192,Transfer Bank,shipped,FLASHSALE,24466.0,J&T,2025,January,1,2025-01,0,0,0,1
ORD000833,CUST0020,2024-02-01,379339,Bandung,Jawa Barat,11157,GoPay,delivered,FLASHSALE,19661.0,SiCepat,2024,February,2,2024-02,0,0,1,1
ORD000834,CUST0726,2023-06-17,50568,Medan,Sumatera Utara,32779,Transfer Bank,delivered,MEMBER10,28432.0,J&T,2023,June,6,2023-06,0,0,1,1
ORD000835,CUST0217,2024-05-13,114701,Denpasar,Bali,29793,GoPay,shipped,NEWUSER,34299.0,JNE,2024,May,5,2024-05,0,0,0,1
ORD000836,CUST0451,2024-02-16,79000,Manado,Sulawesi Utara,44169,QRIS,delivered,No Promo,0.0,JNE,2024,February,2,2024-02,0,0,1,0
ORD000837,CUST0473,2023-07-06,299000,Banjarmasin,Kalimantan Selatan,30226,GoPay,cancelled,No Promo,0.0,J&T,2023,July,7,2023-07,1,0,0,0
ORD000838,CUST0568,2025-02-27,504532,Bekasi,Jawa Barat,13061,QRIS,cancelled,FLASHSALE,22468.0,SiCepat,2025,February,2,2025-02,1,0,0,1
ORD000839,CUST0457,2024-05-29,37524,Jakarta,Dki Jakarta,11941,Kartu Kredit,delivered,SALE2024,11476.0,J&T,2024,May,5,2024-05,0,0,1,1
ORD000840,CUST0492,2023-06-03,420581,Pekanbaru,Riau,29293,GoPay,delivered,HARBOLNAS22,47419.0,JNE,2023,June,6,2023-06,0,0,1,1
ORD000841,CUST0285,2024-07-12,987000,Bekasi,Jawa Barat,13147,Transfer Bank,shipped,No Promo,0.0,SiCepat,2024,July,7,2024-07,0,0,0,0
ORD000842,CUST0671,2024-06-08,149000,Malang,Jawa Timur,15476,QRIS,cancelled,No Promo,0.0,JNE,2024,June,6,2024-06,1,0,0,0
ORD000843,CUST0688,2024-01-09,1946000,Malang,Jawa Timur,21007,QRIS,shipped,No Promo,0.0,JNE,2024,January,1,2024-01,0,0,0,0
ORD000844,CUST0080,2022-12-25,149000,Bogor,Jawa Barat,14650,OVO,delivered,No Promo,0.0,J&T,2022,December,12,2022-12,0,0,1,0
ORD000845,CUST0515,2023-08-26,69000,Depok,Jawa Barat,12492,Transfer Bank,shipped,No Promo,0.0,J&T,2023,August,8,2023-08,0,0,0,0
ORD000846,CUST0419,2024-11-01,514516,Medan,Sumatera Utara,32562,OVO,delivered,WEEKEND25,32484.0,SiCepat,2024,November,11,2024-11,0,0,1,1
ORD000847,CUST0615,2024-01-17,250272,Semarang,Jawa Tengah,12555,Transfer Bank,delivered,WEEKEND25,28728.0,JNE,2024,January,1,2024-01,0,0,1,1
ORD000848,CUST0018,2023-08-22,364353,Manado,Sulawesi Utara,40765,GoPay,cancelled,WEEKEND25,34647.0,JNE,2023,August,8,2023-08,1,0,0,1
ORD000849,CUST0034,2023-05-15,387826,Semarang,Jawa Tengah,16520,OVO,delivered,SALE2024,10174.0,J&T,2023,May,5,2023-05,0,0,1,1
ORD000850,CUST0193,2023-05-10,583621,Medan,Sumatera Utara,39699,OVO,shipped,FLASHSALE,15379.0,Anteraja,2023,May,5,2023-05,0,0,0,1
ORD000851,CUST0551,2025-02-14,69000,Banjarmasin,Kalimantan Selatan,36141,GoPay,delivered,No Promo,0.0,JNE,2025,February,2,2025-02,0,0,1,0
ORD000852,CUST0009,2022-09-12,680206,Semarang,Jawa Tengah,15427,Kartu Kredit,delivered,SALE2024,17794.0,JNE,2022,September,9,2022-09,0,0,1,1
ORD000853,CUST0501,2024-06-11,1351999,Pontianak,Kalimantan Barat,28948,Kartu Kredit,delivered,FLASHSALE,44001.0,SiCepat,2024,June,6,2024-06,0,0,1,1
ORD000854,CUST0114,2023-06-25,358000,Tangerang,Banten,10762,GoPay,cancelled,No Promo,0.0,JNE,2023,June,6,2023-06,1,0,0,0
ORD000855,CUST0561,2024-01-24,399000,Yogyakarta,Di Yogyakarta,14606,QRIS,delivered,No Promo,0.0,JNE,2024,January,1,2024-01,0,0,1,0
ORD000856,CUST0178,2023-03-04,248655,Yogyakarta,Di Yogyakarta,16030,OVO,shipped,NEWUSER,29345.0,JNE,2023,March,3,2023-03,0,0,0,1
ORD000857,CUST0093,2025-02-24,874561,Bandung,Jawa Barat,11610,Transfer Bank,delivered,HARBOLNAS22,22439.0,SiCepat,2025,February,2,2025-02,0,0,1,1
ORD000858,CUST0061,2024-05-01,848000,Bekasi,Jawa Barat,13364,Transfer Bank,shipped,No Promo,0.0,Anteraja,2024,May,5,2024-05,0,0,0,0
ORD000859,CUST0328,2023-12-27,29736,Makassar,Sulawesi Selatan,33889,OVO,delivered,RAMADAN23,19264.0,Pos Indonesia,2023,December,12,2023-12,0,0,1,1
ORD000860,CUST0417,2025-02-11,648000,Medan,Sumatera Utara,31831,GoPay,delivered,No Promo,0.0,SiCepat,2025,February,2,2025-02,0,0,1,0
ORD000861,CUST0392,2025-02-23,478000,Pontianak,Kalimantan Barat,28282,Transfer Bank,processing,No Promo,0.0,SiCepat,2025,February,2,2025-02,0,0,0,0
ORD000862,CUST0127,2023-03-14,738241,Makassar,Sulawesi Selatan,32489,OVO,shipped,NEWUSER,27759.0,J&T,2023,March,3,2023-03,0,0,0,1
ORD000863,CUST0509,2024-12-03,678000,Manado,Sulawesi Utara,32182,GoPay,delivered,No Promo,0.0,SiCepat,2024,December,12,2024-12,0,0,1,0
ORD000864,CUST0051,2024-03-05,352530,Yogyakarta,Di Yogyakarta,18287,OVO,cancelled,NEWUSER,46470.0,JNE,2024,March,3,2024-03,1,0,0,1
ORD000865,CUST0475,2025-01-20,178000,Palembang,Sumatera Selatan,26837,GoPay,cancelled,No Promo,0.0,SiCepat,2025,January,1,2025-01,1,0,0,0
ORD000866,CUST0024,2024-03-30,196733,Makassar,Sulawesi Selatan,38454,GoPay,processing,MEMBER10,41267.0,JNE,2024,March,3,2024-03,0,0,0,1
ORD000867,CUST0270,2023-07-23,748000,Bekasi,Jawa Barat,9341,OVO,delivered,No Promo,0.0,Anteraja,2023,July,7,2023-07,0,0,1,0
ORD000868,CUST0210,2022-07-11,558000,Bandung,Jawa Barat,12903,GoPay,delivered,No Promo,0.0,J&T,2022,July,7,2022-07,0,0,1,0
ORD000869,CUST0391,2023-12-30,682221,Pontianak,Kalimantan Barat,41591,Transfer Bank,delivered,HARBOLNAS22,15779.0,SiCepat,2023,December,12,2023-12,0,0,1,1
ORD000870,CUST0101,2024-04-18,398000,Semarang,Jawa Tengah,14289,GoPay,delivered,No Promo,0.0,SiCepat,2024,April,4,2024-04,0,0,1,0
ORD000871,CUST0220,2024-04-11,1386000,Medan,Sumatera Utara,36813,OVO,cancelled,No Promo,0.0,J&T,2024,April,4,2024-04,1,0,0,0
ORD000872,CUST0316,2022-12-25,432907,Depok,Jawa Barat,12765,Kartu Kredit,shipped,FLASHSALE,16093.0,Pos Indonesia,2022,December,12,2022-12,0,0,0,1
ORD000873,CUST0754,2023-04-21,1153350,Tangerang,Banten,13623,GoPay,delivered,WEEKEND25,44650.0,SiCepat,2023,April,4,2023-04,0,0,1,1
ORD000874,CUST0767,2024-06-13,482467,Palembang,Sumatera Selatan,24445,OVO,delivered,RAMADAN23,44533.0,SiCepat,2024,June,6,2024-06,0,0,1,1
ORD000875,CUST0224,2023-06-07,707000,Depok,Jawa Barat,13177,GoPay,delivered,No Promo,0.0,SiCepat,2023,June,6,2023-06,0,0,1,0
ORD000876,CUST0626,2025-02-11,307000,Palembang,Sumatera Selatan,29858,QRIS,shipped,No Promo,0.0,J&T,2025,February,2,2025-02,0,0,0,0
ORD000877,CUST0331,2024-11-26,329000,Depok,Jawa Barat,13912,OVO,cancelled,No Promo,0.0,SiCepat,2024,November,11,2024-11,1,0,0,0
ORD000878,CUST0090,2025-01-23,1098000,Bandung,Jawa Barat,14313,GoPay,cancelled,No Promo,0.0,Anteraja,2025,January,1,2025-01,1,0,0,0
ORD000879,CUST0668,2022-10-20,497000,Padang,Sumatera Barat,28213,GoPay,delivered,No Promo,0.0,J&T,2022,October,10,2022-10,0,0,1,0
ORD000880,CUST0627,2023-09-20,1162048,Balikpapan,Kalimantan Timur,41839,Transfer Bank,processing,RAMADAN23,35952.0,J&T,2023,September,9,2023-09,0,0,0,1
ORD000881,CUST0197,2024-02-25,249000,Depok,Jawa Barat,13715,GoPay,shipped,No Promo,0.0,JNE,2024,February,2,2024-02,0,0,0,0
ORD000882,CUST0763,2023-11-20,625000,Surabaya,Jawa Timur,15125,GoPay,delivered,No Promo,0.0,SiCepat,2023,November,11,2023-11,0,0,1,0
ORD000883,CUST0035,2023-04-07,179000,Balikpapan,Kalimantan Timur,30082,Transfer Bank,cancelled,No Promo,0.0,Anteraja,2023,April,4,2023-04,1,0,0,0
ORD000884,CUST0409,2023-12-16,107245,Bekasi,Jawa Barat,11833,GoPay,delivered,WEEKEND25,41755.0,Anteraja,2023,December,12,2023-12,0,0,1,1
ORD000885,CUST0274,2025-02-21,74220,Surabaya,Jawa Timur,16061,Transfer Bank,shipped,SALE2024,44780.0,SiCepat,2025,February,2,2025-02,0,0,0,1
ORD000886,CUST0358,2023-12-21,357000,Makassar,Sulawesi Selatan,43156,GoPay,shipped,No Promo,0.0,JNE,2023,December,12,2023-12,0,0,0,0
ORD000887,CUST0665,2024-04-18,391939,Surabaya,Jawa Timur,12160,OVO,delivered,FLASHSALE,36061.0,Anteraja,2024,April,4,2024-04,0,0,1,1
ORD000888,CUST0490,2024-05-10,941448,Pontianak,Kalimantan Barat,28041,GoPay,shipped,HARI BELANJA,34552.0,SiCepat,2024,May,5,2024-05,0,0,0,1
ORD000889,CUST0380,2022-10-22,354921,Malang,Jawa Timur,16448,Transfer Bank,delivered,SALE2024,44079.0,SiCepat,2022,October,10,2022-10,0,0,1,1
ORD000890,CUST0778,2024-04-17,298000,Malang,Jawa Timur,16755,OVO,delivered,No Promo,0.0,J&T,2024,April,4,2024-04,0,0,1,0
ORD000891,CUST0038,2023-06-11,179000,Bekasi,Jawa Barat,11157,OVO,shipped,No Promo,0.0,SiCepat,2023,June,6,2023-06,0,0,0,0
ORD000892,CUST0105,2023-07-26,564340,Padang,Sumatera Barat,26307,OVO,processing,RAMADAN23,32660.0,JNE,2023,July,7,2023-07,0,0,0,1
ORD000893,CUST0216,2023-08-15,496000,Jakarta,Dki Jakarta,8208,OVO,delivered,No Promo,0.0,Anteraja,2023,August,8,2023-08,0,0,1,0
ORD000894,CUST0270,2023-02-27,26547,Denpasar,Bali,31374,GoPay,delivered,NEWUSER,32453.0,J&T,2023,February,2,2023-02,0,0,1,1
ORD000895,CUST0277,2024-12-21,179000,Malang,Jawa Timur,14780,GoPay,delivered,No Promo,0.0,SiCepat,2024,December,12,2024-12,0,0,1,0
ORD000896,CUST0550,2023-06-12,427000,Depok,Jawa Barat,13768,Kartu Kredit,processing,No Promo,0.0,J&T,2023,June,6,2023-06,0,0,0,0
ORD000897,CUST0046,2023-09-25,849144,Medan,Sumatera Utara,37725,Transfer Bank,delivered,WEEKEND25,48856.0,JNE,2023,September,9,2023-09,0,0,1,1
ORD000898,CUST0456,2024-02-09,815265,Makassar,Sulawesi Selatan,38072,OVO,delivered,FLASHSALE,12735.0,SiCepat,2024,February,2,2024-02,0,0,1,1
ORD000899,CUST0531,2024-08-31,56953,Banjarmasin,Kalimantan Selatan,39696,Kartu Kredit,delivered,FLASHSALE,12047.0,J&T,2024,August,8,2024-08,0,0,1,1
ORD000900,CUST0675,2024-02-15,449000,Pontianak,Kalimantan Barat,34278,GoPay,processing,No Promo,0.0,JNE,2024,February,2,2024-02,0,0,0,0
ORD000901,CUST0542,2023-11-04,536000,Semarang,Jawa Tengah,17764,Transfer Bank,shipped,No Promo,0.0,J&T,2023,November,11,2023-11,0,0,0,0
ORD000902,CUST0412,2024-06-07,309217,Depok,Jawa Barat,12987,QRIS,delivered,HARBOLNAS22,39783.0,SiCepat,2024,June,6,2024-06,0,0,1,1
ORD000903,CUST0132,2022-09-07,65912,Depok,Jawa Barat,9699,QRIS,delivered,NEWUSER,13088.0,J&T,2022,September,9,2022-09,0,0,1,1
ORD000904,CUST0619,2023-05-06,657000,Yogyakarta,Di Yogyakarta,15537,QRIS,delivered,No Promo,0.0,J&T,2023,May,5,2023-05,0,0,1,0
ORD000905,CUST0453,2024-02-23,547000,Malang,Jawa Timur,21891,Transfer Bank,shipped,No Promo,0.0,Anteraja,2024,February,2,2024-02,0,0,0,0
ORD000906,CUST0374,2024-03-13,1136000,Banjarmasin,Kalimantan Selatan,30852,QRIS,delivered,No Promo,0.0,Anteraja,2024,March,3,2024-03,0,0,1,0
ORD000907,CUST0070,2022-09-28,1047000,Balikpapan,Kalimantan Timur,36395,GoPay,delivered,No Promo,0.0,JNE,2022,September,9,2022-09,0,0,1,0
ORD000908,CUST0171,2022-11-22,229000,Pekanbaru,Riau,24606,Kartu Kredit,delivered,No Promo,0.0,JNE,2022,November,11,2022-11,0,0,1,0
ORD000909,CUST0342,2024-05-13,662114,Bekasi,Jawa Barat,12698,QRIS,shipped,RAMADAN23,44886.0,JNE,2024,May,5,2024-05,0,0,0,1
ORD000910,CUST0682,2024-12-11,847000,Bandung,Jawa Barat,13129,QRIS,delivered,No Promo,0.0,Pos Indonesia,2024,December,12,2024-12,0,0,1,0
ORD000911,CUST0103,2024-04-15,337134,Bogor,Jawa Barat,14202,GoPay,delivered,SALE2024,20866.0,SiCepat,2024,April,4,2024-04,0,0,1,1
ORD000912,CUST0029,2025-02-22,89000,Yogyakarta,Di Yogyakarta,14624,Transfer Bank,delivered,No Promo,0.0,JNE,2025,February,2,2025-02,0,0,1,0
ORD000913,CUST0399,2022-01-17,229000,Banjarmasin,Kalimantan Selatan,40742,GoPay,delivered,No Promo,0.0,Anteraja,2022,January,1,2022-01,0,0,1,0
ORD000914,CUST0681,2023-02-18,276841,Surabaya,Jawa Timur,15809,GoPay,shipped,WEEKEND25,22159.0,J&T,2023,February,2,2023-02,0,0,0,1
ORD000915,CUST0097,2023-01-10,977394,Makassar,Sulawesi Selatan,43853,GoPay,delivered,NEWUSER,20606.0,SiCepat,2023,January,1,2023-01,0,0,1,1
ORD000916,CUST0397,2024-11-11,297000,Balikpapan,Kalimantan Timur,34205,OVO,delivered,No Promo,0.0,JNE,2024,November,11,2024-11,0,0,1,0
ORD000917,CUST0624,2024-07-26,707000,Manado,Sulawesi Utara,32543,QRIS,shipped,No Promo,0.0,SiCepat,2024,July,7,2024-07,0,0,0,0
ORD000918,CUST0723,2025-02-22,166556,Medan,Sumatera Utara,34049,Transfer Bank,cancelled,WEEKEND25,40444.0,J&T,2025,February,2,2025-02,1,0,0,1
ORD000919,CUST0012,2023-03-04,837000,Palembang,Sumatera Selatan,23097,OVO,shipped,No Promo,0.0,J&T,2023,March,3,2023-03,0,0,0,0
ORD000920,CUST0004,2022-02-14,119000,Semarang,Jawa Tengah,12205,OVO,delivered,No Promo,0.0,J&T,2022,February,2,2022-02,0,0,1,0
ORD000921,CUST0618,2023-06-18,598000,Manado,Sulawesi Utara,40249,Kartu Kredit,delivered,No Promo,0.0,SiCepat,2023,June,6,2023-06,0,0,1,0
ORD000922,CUST0087,2023-06-30,49135,Malang,Jawa Timur,18701,Transfer Bank,shipped,RAMADAN23,19865.0,J&T,2023,June,6,2023-06,0,0,0,1
ORD000923,CUST0557,2023-02-19,1136000,Tangerang,Banten,13204,QRIS,delivered,No Promo,0.0,J&T,2023,February,2,2023-02,0,0,1,0
ORD000924,CUST0505,2025-01-28,690300,Pontianak,Kalimantan Barat,28439,Transfer Bank,delivered,RAMADAN23,35700.0,J&T,2025,January,1,2025-01,0,0,1,1
ORD000925,CUST0260,2024-04-25,647000,Balikpapan,Kalimantan Timur,39097,OVO,delivered,No Promo,0.0,J&T,2024,April,4,2024-04,0,0,1,0
ORD000926,CUST0684,2023-01-01,187000,Pontianak,Kalimantan Barat,31677,GoPay,cancelled,No Promo,0.0,SiCepat,2023,January,1,2023-01,1,0,0,0
ORD000927,CUST0243,2022-04-06,80378,Malang,Jawa Timur,20481,GoPay,processing,FLASHSALE,17622.0,SiCepat,2022,April,4,2022-04,0,0,0,1
ORD000928,CUST0799,2022-09-09,1019027,Surabaya,Jawa Timur,16805,GoPay,cancelled,FLASHSALE,28973.0,J&T,2022,September,9,2022-09,1,0,0,1
ORD000929,CUST0167,2023-08-20,2425000,Medan,Sumatera Utara,34562,Kartu Kredit,delivered,No Promo,0.0,J&T,2023,August,8,2023-08,0,0,1,0
ORD000930,CUST0402,2023-08-12,270413,Banjarmasin,Kalimantan Selatan,40176,GoPay,delivered,FLASHSALE,27587.0,JNE,2023,August,8,2023-08,0,0,1,1
ORD000931,CUST0697,2022-04-19,549000,Bandung,Jawa Barat,14157,Transfer Bank,shipped,No Promo,0.0,J&T,2022,April,4,2022-04,0,0,0,0
ORD000932,CUST0741,2024-10-06,796000,Bogor,Jawa Barat,10554,Transfer Bank,delivered,No Promo,0.0,J&T,2024,October,10,2024-10,0,0,1,0
ORD000933,CUST0384,2023-11-07,399000,Denpasar,Bali,26656,Transfer Bank,delivered,No Promo,0.0,J&T,2023,November,11,2023-11,0,0,1,0
ORD000934,CUST0057,2025-01-12,387000,Semarang,Jawa Tengah,16537,OVO,delivered,No Promo,0.0,SiCepat,2025,January,1,2025-01,0,0,1,0
ORD000935,CUST0172,2023-03-08,578000,Padang,Sumatera Barat,36719,Transfer Bank,processing,No Promo,0.0,JNE,2023,March,3,2023-03,0,0,0,0
ORD000936,CUST0726,2024-07-19,549000,Denpasar,Bali,31595,Transfer Bank,cancelled,No Promo,0.0,J&T,2024,July,7,2024-07,1,0,0,0
ORD000937,CUST0402,2023-03-20,869174,Banjarmasin,Kalimantan Selatan,30237,GoPay,delivered,FLASHSALE,28826.0,SiCepat,2023,March,3,2023-03,0,0,1,1
ORD000938,CUST0545,2023-06-08,329000,Balikpapan,Kalimantan Timur,39480,OVO,processing,No Promo,0.0,J&T,2023,June,6,2023-06,0,0,0,0
ORD000939,CUST0147,2024-01-11,89000,Jakarta,Dki Jakarta,9818,GoPay,returned,No Promo,0.0,Pos Indonesia,2024,January,1,2024-01,0,1,0,0
ORD000940,CUST0435,2024-11-15,1255000,Depok,Jawa Barat,9224,OVO,delivered,No Promo,0.0,SiCepat,2024,November,11,2024-11,0,0,1,0
ORD000941,CUST0637,2025-02-18,1003698,Makassar,Sulawesi Selatan,36794,QRIS,returned,HARI BELANJA,23302.0,SiCepat,2025,February,2,2025-02,0,1,0,1
ORD000942,CUST0717,2022-03-26,138454,Palembang,Sumatera Selatan,27935,Kartu Kredit,delivered,WEEKEND25,10546.0,SiCepat,2022,March,3,2022-03,0,0,1,1
ORD000943,CUST0241,2023-03-18,329166,Depok,Jawa Barat,9054,GoPay,delivered,RAMADAN23,19834.0,JNE,2023,March,3,2023-03,0,0,1,1
ORD000944,CUST0022,2022-03-24,159990,Surabaya,Jawa Timur,12029,Transfer Bank,cancelled,HARI BELANJA,19010.0,J&T,2022,March,3,2022-03,1,0,0,1
ORD000945,CUST0675,2024-02-02,518000,Denpasar,Bali,26648,GoPay,cancelled,No Promo,0.0,J&T,2024,February,2,2024-02,1,0,0,0
ORD000946,CUST0259,2023-01-08,736000,Depok,Jawa Barat,9453,GoPay,cancelled,No Promo,0.0,J&T,2023,January,1,2023-01,1,0,0,0
ORD000947,CUST0506,2022-04-23,416188,Pekanbaru,Riau,28519,GoPay,shipped,WEEKEND25,41812.0,J&T,2022,April,4,2022-04,0,0,0,1
ORD000948,CUST0078,2023-11-18,129000,Bandung,Jawa Barat,10816,OVO,delivered,No Promo,0.0,JNE,2023,November,11,2023-11,0,0,1,0
ORD000949,CUST0495,2024-01-20,231966,Manado,Sulawesi Utara,33206,OVO,delivered,SALE2024,47034.0,SiCepat,2024,January,1,2024-01,0,0,1,1
ORD000950,CUST0461,2024-05-19,1247000,Bekasi,Jawa Barat,10619,Kartu Kredit,delivered,No Promo,0.0,J&T,2024,May,5,2024-05,0,0,1,0
ORD000951,CUST0331,2024-02-14,179000,Pontianak,Kalimantan Barat,38582,GoPay,delivered,No Promo,0.0,JNE,2024,February,2,2024-02,0,0,1,0
ORD000952,CUST0310,2024-02-26,149000,Yogyakarta,Di Yogyakarta,15449,OVO,delivered,No Promo,0.0,JNE,2024,February,2,2024-02,0,0,1,0
ORD000953,CUST0530,2025-01-23,767000,Manado,Sulawesi Utara,36921,OVO,returned,No Promo,0.0,Pos Indonesia,2025,January,1,2025-01,0,1,0,0
ORD000954,CUST0305,2023-05-07,148856,Semarang,Jawa Tengah,14806,Kartu Kredit,shipped,WEEKEND25,30144.0,J&T,2023,May,5,2023-05,0,0,0,1
ORD000955,CUST0229,2024-11-21,229000,Padang,Sumatera Barat,26567,OVO,delivered,No Promo,0.0,SiCepat,2024,November,11,2024-11,0,0,1,0
ORD000956,CUST0129,2023-10-28,237682,Pekanbaru,Riau,22828,OVO,shipped,NEWUSER,41318.0,J&T,2023,October,10,2023-10,0,0,0,1
ORD000957,CUST0426,2022-03-13,984524,Makassar,Sulawesi Selatan,42766,QRIS,processing,NEWUSER,13476.0,JNE,2022,March,3,2022-03,0,0,0,1
ORD000958,CUST0610,2024-12-31,762048,Depok,Jawa Barat,9480,QRIS,shipped,SALE2024,35952.0,JNE,2024,December,12,2024-12,0,0,0,1
ORD000959,CUST0319,2025-02-16,673431,Bekasi,Jawa Barat,12449,OVO,processing,FLASHSALE,44569.0,Anteraja,2025,February,2,2025-02,0,0,0,1
ORD000960,CUST0755,2023-05-06,1647000,Tangerang,Banten,13413,OVO,processing,No Promo,0.0,Pos Indonesia,2023,May,5,2023-05,0,0,0,0
ORD000961,CUST0489,2024-02-12,719340,Depok,Jawa Barat,13875,Transfer Bank,delivered,HARBOLNAS22,47660.0,J&T,2024,February,2,2024-02,0,0,1,1
ORD000962,CUST0039,2024-11-02,18154,Semarang,Jawa Tengah,15713,GoPay,cancelled,FLASHSALE,30846.0,SiCepat,2024,November,11,2024-11,1,0,0,1
ORD000963,CUST0267,2024-01-23,99000,Yogyakarta,Di Yogyakarta,18253,Transfer Bank,delivered,No Promo,0.0,J&T,2024,January,1,2024-01,0,0,1,0
ORD000964,CUST0373,2024-05-31,99000,Semarang,Jawa Tengah,17095,Transfer Bank,returned,No Promo,0.0,SiCepat,2024,May,5,2024-05,0,1,0,0
ORD000965,CUST0758,2024-10-28,59000,Tangerang,Banten,11840,Transfer Bank,delivered,No Promo,0.0,SiCepat,2024,October,10,2024-10,0,0,1,0
ORD000966,CUST0524,2022-04-08,1613828,Bogor,Jawa Barat,13943,Transfer Bank,delivered,MEMBER10,41172.0,SiCepat,2022,April,4,2022-04,0,0,1,1
ORD000967,CUST0260,2022-10-18,1071712,Balikpapan,Kalimantan Timur,41707,Kartu Kredit,delivered,SALE2024,26288.0,JNE,2022,October,10,2022-10,0,0,1,1
ORD000968,CUST0136,2023-01-16,119000,Jakarta,Dki Jakarta,9497,QRIS,delivered,No Promo,0.0,Anteraja,2023,January,1,2023-01,0,0,1,0
ORD000969,CUST0280,2023-11-27,512532,Depok,Jawa Barat,11450,QRIS,delivered,NEWUSER,43468.0,JNE,2023,November,11,2023-11,0,0,1,1
ORD000970,CUST0037,2025-01-19,958787,Depok,Jawa Barat,11043,Kartu Kredit,shipped,HARI BELANJA,17213.0,Anteraja,2025,January,1,2025-01,0,0,0,1
ORD000971,CUST0342,2024-06-12,42158,Pontianak,Kalimantan Barat,29986,Kartu Kredit,delivered,MEMBER10,36842.0,SiCepat,2024,June,6,2024-06,0,0,1,1
ORD000972,CUST0252,2022-07-04,228000,Balikpapan,Kalimantan Timur,32197,Kartu Kredit,delivered,No Promo,0.0,SiCepat,2022,July,7,2022-07,0,0,1,0
ORD000973,CUST0001,2023-02-11,373860,Semarang,Jawa Tengah,13260,Transfer Bank,shipped,NEWUSER,24140.0,SiCepat,2023,February,2,2023-02,0,0,0,1
ORD000974,CUST0710,2025-01-30,1187000,Surabaya,Jawa Timur,16856,Transfer Bank,delivered,No Promo,0.0,Anteraja,2025,January,1,2025-01,0,0,1,0
ORD000975,CUST0498,2024-09-17,1385000,Depok,Jawa Barat,13406,OVO,delivered,No Promo,0.0,SiCepat,2024,September,9,2024-09,0,0,1,0
ORD000976,CUST0549,2024-02-17,449000,Tangerang,Banten,12444,QRIS,delivered,No Promo,0.0,J&T,2024,February,2,2024-02,0,0,1,0
ORD000977,CUST0571,2024-03-13,599000,Manado,Sulawesi Utara,40585,Transfer Bank,delivered,No Promo,0.0,JNE,2024,March,3,2024-03,0,0,1,0
ORD000978,CUST0115,2024-05-15,399000,Malang,Jawa Timur,15582,GoPay,delivered,No Promo,0.0,JNE,2024,May,5,2024-05,0,0,1,0
ORD000979,CUST0030,2025-01-02,178000,Pekanbaru,Riau,31890,GoPay,cancelled,No Promo,0.0,SiCepat,2025,January,1,2025-01,1,0,0,0
ORD000980,CUST0623,2024-07-15,79000,Denpasar,Bali,26349,GoPay,delivered,No Promo,0.0,Anteraja,2024,July,7,2024-07,0,0,1,0
ORD000981,CUST0071,2024-06-25,111686,Pontianak,Kalimantan Barat,29654,Transfer Bank,delivered,MEMBER10,26314.0,J&T,2024,June,6,2024-06,0,0,1,1
ORD000982,CUST0769,2022-01-30,399000,Bandung,Jawa Barat,13595,Transfer Bank,cancelled,No Promo,0.0,JNE,2022,January,1,2022-01,1,0,0,0
ORD000983,CUST0439,2023-04-08,299000,Bekasi,Jawa Barat,12906,GoPay,delivered,No Promo,0.0,SiCepat,2023,April,4,2023-04,0,0,1,0
ORD000984,CUST0607,2024-07-04,166914,Bogor,Jawa Barat,14485,GoPay,delivered,MEMBER10,32086.0,Anteraja,2024,July,7,2024-07,0,0,1,1
ORD000985,CUST0329,2022-01-11,548000,Bekasi,Jawa Barat,9256,GoPay,shipped,No Promo,0.0,JNE,2022,January,1,2022-01,0,0,0,0
ORD000986,CUST0243,2024-08-05,598926,Malang,Jawa Timur,14797,GoPay,delivered,RAMADAN23,29074.0,SiCepat,2024,August,8,2024-08,0,0,1,1
ORD000987,CUST0229,2023-10-10,1197000,Padang,Sumatera Barat,27703,QRIS,delivered,No Promo,0.0,Pos Indonesia,2023,October,10,2023-10,0,0,1,0
ORD000988,CUST0660,2023-05-14,87550,Pontianak,Kalimantan Barat,30500,GoPay,delivered,HARI BELANJA,31450.0,JNE,2023,May,5,2023-05,0,0,1,1
ORD000989,CUST0648,2023-01-06,69000,Balikpapan,Kalimantan Timur,30612,Transfer Bank,cancelled,No Promo,0.0,JNE,2023,January,1,2023-01,1,0,0,0
ORD000990,CUST0105,2023-02-22,298731,Padang,Sumatera Barat,33238,OVO,processing,WEEKEND25,38269.0,JNE,2023,February,2,2023-02,0,0,0,1
ORD000991,CUST0045,2024-02-28,261719,Bandung,Jawa Barat,14744,Transfer Bank,delivered,NEWUSER,37281.0,JNE,2024,February,2,2024-02,0,0,1,1
ORD000992,CUST0085,2023-08-13,282607,Pontianak,Kalimantan Barat,41584,OVO,processing,MEMBER10,46393.0,Anteraja,2023,August,8,2023-08,0,0,0,1
ORD000993,CUST0153,2023-09-27,69000,Pontianak,Kalimantan Barat,39865,Transfer Bank,cancelled,No Promo,0.0,JNE,2023,September,9,2023-09,1,0,0,0
ORD000994,CUST0113,2025-01-23,78581,Palembang,Sumatera Selatan,33125,GoPay,delivered,WEEKEND25,10419.0,JNE,2025,January,1,2025-01,0,0,1,1
ORD000995,CUST0393,2022-05-15,617000,Bandung,Jawa Barat,14107,OVO,shipped,No Promo,0.0,SiCepat,2022,May,5,2022-05,0,0,0,0
ORD000996,CUST0614,2022-05-24,816550,Medan,Sumatera Utara,34178,OVO,processing,RAMADAN23,30450.0,JNE,2022,May,5,2022-05,0,0,0,1
ORD000997,CUST0010,2025-02-03,370480,Manado,Sulawesi Utara,35792,Transfer Bank,shipped,HARBOLNAS22,47520.0,J&T,2025,February,2,2025-02,0,0,0,1
ORD000998,CUST0763,2023-01-26,898000,Depok,Jawa Barat,12712,Transfer Bank,shipped,No Promo,0.0,J&T,2023,January,1,2023-01,0,0,0,0
ORD000999,CUST0782,2025-02-11,274924,Denpasar,Bali,22498,GoPay,shipped,NEWUSER,24076.0,J&T,2025,February,2,2025-02,0,0,0,1
ORD001000,CUST0461,2023-10-21,1059490,Bekasi,Jawa Barat,13302,GoPay,shipped,SALE2024,36510.0,JNE,2023,October,10,2023-10,0,0,0,1
ORD001001,CUST0308,2022-07-01,499000,Denpasar,Bali,26989,Kartu Kredit,delivered,No Promo,0.0,JNE,2022,July,7,2022-07,0,0,1,0
ORD001002,CUST0407,2023-11-27,63540,Pontianak,Kalimantan Barat,28438,QRIS,shipped,HARBOLNAS22,35460.0,SiCepat,2023,November,11,2023-11,0,0,0,1
ORD001003,CUST0296,2022-05-15,798000,Manado,Sulawesi Utara,40536,GoPay,delivered,No Promo,0.0,Anteraja,2022,May,5,2022-05,0,0,1,0
ORD001004,CUST0521,2023-02-15,358869,Palembang,Sumatera Selatan,32643,Transfer Bank,processing,RAMADAN23,39131.0,JNE,2023,February,2,2023-02,0,0,0,1
ORD001005,CUST0498,2025-01-21,518000,Depok,Jawa Barat,13703,QRIS,delivered,No Promo,0.0,SiCepat,2025,January,1,2025-01,0,0,1,0
ORD001006,CUST0453,2022-12-25,1375000,Malang,Jawa Timur,14426,QRIS,delivered,No Promo,0.0,JNE,2022,December,12,2022-12,0,0,1,0
ORD001007,CUST0434,2023-04-08,1335000,Pekanbaru,Riau,32845,GoPay,shipped,No Promo,0.0,SiCepat,2023,April,4,2023-04,0,0,0,0
ORD001008,CUST0217,2024-06-08,579682,Surabaya,Jawa Timur,14548,OVO,processing,WEEKEND25,17318.0,J&T,2024,June,6,2024-06,0,0,0,1
ORD001009,CUST0758,2024-11-27,209024,Tangerang,Banten,9850,QRIS,delivered,HARI BELANJA,19976.0,J&T,2024,November,11,2024-11,0,0,1,1
ORD001010,CUST0201,2024-09-27,939078,Yogyakarta,Di Yogyakarta,17309,GoPay,delivered,NEWUSER,27922.0,SiCepat,2024,September,9,2024-09,0,0,1,1
ORD001011,CUST0591,2023-02-25,449000,Pekanbaru,Riau,31977,GoPay,cancelled,No Promo,0.0,J&T,2023,February,2,2023-02,1,0,0,0
ORD001012,CUST0235,2024-08-20,110744,Tangerang,Banten,9994,GoPay,delivered,MEMBER10,36256.0,J&T,2024,August,8,2024-08,0,0,1,1
ORD001013,CUST0214,2024-09-23,1497000,Padang,Sumatera Barat,24255,Transfer Bank,delivered,No Promo,0.0,Pos Indonesia,2024,September,9,2024-09,0,0,1,0
ORD001014,CUST0244,2023-03-16,228000,Yogyakarta,Di Yogyakarta,13811,OVO,returned,No Promo,0.0,J&T,2023,March,3,2023-03,0,1,0,0
ORD001015,CUST0057,2023-10-30,749634,Semarang,Jawa Tengah,12439,Transfer Bank,shipped,RAMADAN23,48366.0,SiCepat,2023,October,10,2023-10,0,0,0,1
ORD001016,CUST0471,2023-05-26,499000,Bandung,Jawa Barat,14212,Transfer Bank,cancelled,No Promo,0.0,Anteraja,2023,May,5,2023-05,1,0,0,0
ORD001017,CUST0198,2024-05-22,512317,Manado,Sulawesi Utara,42231,Transfer Bank,shipped,MEMBER10,44683.0,Pos Indonesia,2024,May,5,2024-05,0,0,0,1
ORD001018,CUST0128,2023-08-31,685000,Banjarmasin,Kalimantan Selatan,38291,QRIS,cancelled,No Promo,0.0,Anteraja,2023,August,8,2023-08,1,0,0,0
ORD001019,CUST0144,2022-04-25,770843,Banjarmasin,Kalimantan Selatan,39915,QRIS,processing,WEEKEND25,27157.0,JNE,2022,April,4,2022-04,0,0,0,1
ORD001020,CUST0783,2022-11-14,650160,Tangerang,Banten,12469,GoPay,delivered,NEWUSER,47840.0,SiCepat,2022,November,11,2022-11,0,0,1,1
ORD001021,CUST0683,2022-10-24,118000,Semarang,Jawa Tengah,13471,QRIS,delivered,No Promo,0.0,Anteraja,2022,October,10,2022-10,0,0,1,0
ORD001022,CUST0180,2023-10-08,379727,Tangerang,Banten,11130,OVO,shipped,MEMBER10,26273.0,J&T,2023,October,10,2023-10,0,0,0,1
ORD001023,CUST0765,2024-12-24,199000,Makassar,Sulawesi Selatan,38311,Transfer Bank,returned,No Promo,0.0,JNE,2024,December,12,2024-12,0,1,0,0
ORD001024,CUST0025,2024-09-01,998000,Pekanbaru,Riau,30186,GoPay,processing,No Promo,0.0,J&T,2024,September,9,2024-09,0,0,0,0
ORD001025,CUST0716,2024-08-17,1854000,Yogyakarta,Di Yogyakarta,17995,Transfer Bank,cancelled,No Promo,0.0,J&T,2024,August,8,2024-08,1,0,0,0
ORD001026,CUST0120,2023-12-31,625410,Pontianak,Kalimantan Barat,39875,Transfer Bank,delivered,FLASHSALE,32590.0,J&T,2023,December,12,2023-12,0,0,1,1
ORD001027,CUST0674,2024-10-31,500298,Banjarmasin,Kalimantan Selatan,40608,Transfer Bank,delivered,SALE2024,26702.0,Anteraja,2024,October,10,2024-10,0,0,1,1
ORD001028,CUST0738,2023-11-03,249000,Jakarta,Dki Jakarta,9963,OVO,returned,No Promo,0.0,Pos Indonesia,2023,November,11,2023-11,0,1,0,0
ORD001029,CUST0364,2023-11-15,686000,Medan,Sumatera Utara,26694,Transfer Bank,cancelled,No Promo,0.0,JNE,2023,November,11,2023-11,1,0,0,0
ORD001030,CUST0033,2024-09-23,997000,Balikpapan,Kalimantan Timur,32721,OVO,returned,No Promo,0.0,J&T,2024,September,9,2024-09,0,1,0,0
ORD001031,CUST0734,2024-04-03,1177000,Medan,Sumatera Utara,32231,Transfer Bank,delivered,No Promo,0.0,J&T,2024,April,4,2024-04,0,0,1,0
ORD001032,CUST0024,2024-03-18,206620,Makassar,Sulawesi Selatan,43592,OVO,delivered,WEEKEND25,31380.0,SiCepat,2024,March,3,2024-03,0,0,1,1
ORD001033,CUST0068,2023-12-24,403757,Makassar,Sulawesi Selatan,35439,Transfer Bank,shipped,MEMBER10,45243.0,JNE,2023,December,12,2023-12,0,0,0,1
ORD001034,CUST0788,2023-03-05,28938,Semarang,Jawa Tengah,13416,Transfer Bank,delivered,HARBOLNAS22,20062.0,JNE,2023,March,3,2023-03,0,0,1,1
ORD001035,CUST0764,2024-04-01,210440,Pontianak,Kalimantan Barat,31119,OVO,shipped,WEEKEND25,47560.0,Anteraja,2024,April,4,2024-04,0,0,0,1
ORD001036,CUST0145,2024-09-01,400339,Medan,Sumatera Utara,39273,GoPay,delivered,HARBOLNAS22,26661.0,JNE,2024,September,9,2024-09,0,0,1,1
ORD001037,CUST0383,2023-05-03,229000,Depok,Jawa Barat,9815,GoPay,delivered,No Promo,0.0,J&T,2023,May,5,2023-05,0,0,1,0
ORD001038,CUST0340,2024-02-11,199000,Malang,Jawa Timur,14778,GoPay,delivered,No Promo,0.0,J&T,2024,February,2,2024-02,0,0,1,0
ORD001039,CUST0303,2022-06-01,965281,Surabaya,Jawa Timur,12148,OVO,returned,SALE2024,31719.0,J&T,2022,June,6,2022-06,0,1,0,1
ORD001040,CUST0382,2023-04-23,199000,Bandung,Jawa Barat,14527,QRIS,delivered,No Promo,0.0,SiCepat,2023,April,4,2023-04,0,0,1,0
ORD001041,CUST0241,2023-05-24,87570,Depok,Jawa Barat,11507,GoPay,delivered,FLASHSALE,20430.0,Anteraja,2023,May,5,2023-05,0,0,1,1
ORD001042,CUST0333,2023-11-14,421406,Padang,Sumatera Barat,31296,OVO,delivered,HARBOLNAS22,25594.0,JNE,2023,November,11,2023-11,0,0,1,1
ORD001043,CUST0021,2023-06-26,887000,Banjarmasin,Kalimantan Selatan,28114,OVO,delivered,No Promo,0.0,JNE,2023,June,6,2023-06,0,0,1,0
ORD001044,CUST0226,2023-12-11,279000,Malang,Jawa Timur,19412,OVO,delivered,No Promo,0.0,JNE,2023,December,12,2023-12,0,0,1,0
ORD001045,CUST0456,2023-10-28,267000,Makassar,Sulawesi Selatan,41151,Transfer Bank,delivered,No Promo,0.0,J&T,2023,October,10,2023-10,0,0,1,0
ORD001046,CUST0453,2024-06-25,1093998,Medan,Sumatera Utara,26437,QRIS,delivered,FLASHSALE,21002.0,J&T,2024,June,6,2024-06,0,0,1,1
ORD001047,CUST0186,2022-04-07,227540,Semarang,Jawa Tengah,16273,OVO,delivered,NEWUSER,10460.0,JNE,2022,April,4,2022-04,0,0,1,1
ORD001048,CUST0704,2025-02-09,1064481,Bandung,Jawa Barat,10866,OVO,shipped,RAMADAN23,31519.0,SiCepat,2025,February,2,2025-02,0,0,0,1
ORD001049,CUST0713,2023-01-30,956000,Depok,Jawa Barat,10804,Transfer Bank,shipped,No Promo,0.0,SiCepat,2023,January,1,2023-01,0,0,0,0
ORD001050,CUST0525,2023-11-04,309833,Bogor,Jawa Barat,12115,Kartu Kredit,returned,MEMBER10,48167.0,J&T,2023,November,11,2023-11,0,1,0,1
ORD001051,CUST0627,2024-12-21,676000,Denpasar,Bali,25122,GoPay,cancelled,No Promo,0.0,SiCepat,2024,December,12,2024-12,1,0,0,0
ORD001052,CUST0175,2024-03-13,1032202,Palembang,Sumatera Selatan,27625,Transfer Bank,delivered,NEWUSER,43798.0,SiCepat,2024,March,3,2024-03,0,0,1,1
ORD001053,CUST0338,2025-01-15,716000,Manado,Sulawesi Utara,39031,GoPay,cancelled,No Promo,0.0,J&T,2025,January,1,2025-01,1,0,0,0
ORD001054,CUST0388,2023-05-27,58481,Pontianak,Kalimantan Barat,33023,OVO,delivered,HARI BELANJA,40519.0,Pos Indonesia,2023,May,5,2023-05,0,0,1,1
ORD001055,CUST0398,2022-11-21,370485,Bekasi,Jawa Barat,9209,OVO,delivered,FLASHSALE,28515.0,J&T,2022,November,11,2022-11,0,0,1,1
ORD001056,CUST0014,2023-04-14,1235353,Depok,Jawa Barat,13948,GoPay,returned,WEEKEND25,30647.0,J&T,2023,April,4,2023-04,0,1,0,1
ORD001057,CUST0201,2023-04-11,299000,Yogyakarta,Di Yogyakarta,18823,GoPay,delivered,No Promo,0.0,SiCepat,2023,April,4,2023-04,0,0,1,0
ORD001058,CUST0252,2023-08-03,578000,Balikpapan,Kalimantan Timur,42979,OVO,cancelled,No Promo,0.0,J&T,2023,August,8,2023-08,1,0,0,0
ORD001059,CUST0153,2022-07-04,1755871,Pontianak,Kalimantan Barat,29206,Transfer Bank,returned,NEWUSER,49129.0,JNE,2022,July,7,2022-07,0,1,0,1
ORD001060,CUST0096,2025-01-16,283544,Pontianak,Kalimantan Barat,40383,Kartu Kredit,processing,SALE2024,45456.0,J&T,2025,January,1,2025-01,0,0,0,1
ORD001061,CUST0665,2023-12-21,665711,Surabaya,Jawa Timur,15163,Transfer Bank,delivered,FLASHSALE,32289.0,SiCepat,2023,December,12,2023-12,0,0,1,1
ORD001062,CUST0595,2023-03-14,528000,Surabaya,Jawa Timur,14726,GoPay,delivered,No Promo,0.0,J&T,2023,March,3,2023-03,0,0,1,0
ORD001063,CUST0197,2024-10-02,398000,Depok,Jawa Barat,12367,Transfer Bank,delivered,No Promo,0.0,SiCepat,2024,October,10,2024-10,0,0,1,0
ORD001064,CUST0146,2025-02-19,599000,Depok,Jawa Barat,10505,Transfer Bank,delivered,No Promo,0.0,J&T,2025,February,2,2025-02,0,0,1,0
ORD001065,CUST0621,2022-11-30,499000,Malang,Jawa Timur,21517,OVO,returned,No Promo,0.0,SiCepat,2022,November,11,2022-11,0,1,0,0
ORD001066,CUST0259,2023-01-15,407000,Banjarmasin,Kalimantan Selatan,35792,Kartu Kredit,cancelled,No Promo,0.0,J&T,2023,January,1,2023-01,1,0,0,0
ORD001067,CUST0603,2024-02-24,249000,Padang,Sumatera Barat,33469,QRIS,processing,No Promo,0.0,SiCepat,2024,February,2,2024-02,0,0,0,0
ORD001068,CUST0164,2023-07-02,59000,Balikpapan,Kalimantan Timur,32063,Kartu Kredit,delivered,No Promo,0.0,SiCepat,2023,July,7,2023-07,0,0,1,0
ORD001069,CUST0324,2023-09-11,598000,Balikpapan,Kalimantan Timur,38871,GoPay,delivered,No Promo,0.0,JNE,2023,September,9,2023-09,0,0,1,0
ORD001070,CUST0531,2024-12-24,488000,Banjarmasin,Kalimantan Selatan,29296,QRIS,delivered,No Promo,0.0,Pos Indonesia,2024,December,12,2024-12,0,0,1,0
ORD001071,CUST0332,2022-05-16,119000,Palembang,Sumatera Selatan,31303,GoPay,shipped,No Promo,0.0,JNE,2022,May,5,2022-05,0,0,0,0
ORD001072,CUST0264,2025-02-06,329000,Banjarmasin,Kalimantan Selatan,31563,GoPay,delivered,No Promo,0.0,JNE,2025,February,2,2025-02,0,0,1,0
ORD001073,CUST0714,2024-05-14,79000,Medan,Sumatera Utara,32669,GoPay,cancelled,No Promo,0.0,Pos Indonesia,2024,May,5,2024-05,1,0,0,0
ORD001074,CUST0157,2024-03-13,497000,Yogyakarta,Di Yogyakarta,19517,OVO,delivered,No Promo,0.0,Pos Indonesia,2024,March,3,2024-03,0,0,1,0
ORD001075,CUST0077,2024-07-02,59000,Medan,Sumatera Utara,36937,OVO,delivered,No Promo,0.0,JNE,2024,July,7,2024-07,0,0,1,0
ORD001076,CUST0592,2024-11-03,378000,Bandung,Jawa Barat,14772,GoPay,cancelled,No Promo,0.0,Anteraja,2024,November,11,2024-11,1,0,0,0
ORD001077,CUST0689,2024-02-27,628000,Medan,Sumatera Utara,25295,Transfer Bank,shipped,No Promo,0.0,Pos Indonesia,2024,February,2,2024-02,0,0,0,0
ORD001078,CUST0122,2023-12-17,69000,Bandung,Jawa Barat,13279,GoPay,cancelled,No Promo,0.0,J&T,2023,December,12,2023-12,1,0,0,0
ORD001079,CUST0057,2023-05-02,111981,Semarang,Jawa Tengah,13842,GoPay,delivered,MEMBER10,37019.0,J&T,2023,May,5,2023-05,0,0,1,1
ORD001080,CUST0086,2024-06-03,129000,Malang,Jawa Timur,21588,Kartu Kredit,cancelled,No Promo,0.0,JNE,2024,June,6,2024-06,1,0,0,0
ORD001081,CUST0029,2024-01-12,398000,Yogyakarta,Di Yogyakarta,15850,OVO,delivered,No Promo,0.0,JNE,2024,January,1,2024-01,0,0,1,0
ORD001082,CUST0635,2025-02-12,607000,Pontianak,Kalimantan Barat,35755,Transfer Bank,delivered,No Promo,0.0,SiCepat,2025,February,2,2025-02,0,0,1,0
ORD001083,CUST0767,2025-02-09,504160,Yogyakarta,Di Yogyakarta,15838,Transfer Bank,shipped,FLASHSALE,23840.0,SiCepat,2025,February,2,2025-02,0,0,0,1
ORD001084,CUST0452,2023-11-28,927000,Semarang,Jawa Tengah,13537,Transfer Bank,cancelled,No Promo,0.0,Pos Indonesia,2023,November,11,2023-11,1,0,0,0
ORD001085,CUST0704,2024-07-18,398000,Bandung,Jawa Barat,13086,Kartu Kredit,delivered,No Promo,0.0,J&T,2024,July,7,2024-07,0,0,1,0
ORD001086,CUST0614,2024-06-17,536000,Medan,Sumatera Utara,36855,GoPay,delivered,No Promo,0.0,JNE,2024,June,6,2024-06,0,0,1,0
ORD001087,CUST0516,2023-05-24,138000,Denpasar,Bali,25824,GoPay,delivered,No Promo,0.0,JNE,2023,May,5,2023-05,0,0,1,0
ORD001088,CUST0325,2022-08-24,1095000,Tangerang,Banten,9796,QRIS,delivered,No Promo,0.0,Pos Indonesia,2022,August,8,2022-08,0,0,1,0
ORD001089,CUST0625,2024-12-11,35988,Jakarta,Dki Jakarta,11352,Transfer Bank,delivered,HARI BELANJA,23012.0,SiCepat,2024,December,12,2024-12,0,0,1,1
ORD001090,CUST0667,2023-09-01,267250,Surabaya,Jawa Timur,13279,Transfer Bank,cancelled,FLASHSALE,31750.0,JNE,2023,September,9,2023-09,1,0,0,1
ORD001091,CUST0304,2024-03-27,428000,Surabaya,Jawa Timur,15967,QRIS,delivered,No Promo,0.0,JNE,2024,March,3,2024-03,0,0,1,0
ORD001092,CUST0553,2023-05-13,298000,Malang,Jawa Timur,15429,OVO,cancelled,No Promo,0.0,Pos Indonesia,2023,May,5,2023-05,1,0,0,0
ORD001093,CUST0185,2022-07-03,537000,Padang,Sumatera Barat,32176,GoPay,delivered,No Promo,0.0,JNE,2022,July,7,2022-07,0,0,1,0
ORD001094,CUST0516,2024-10-15,89000,Denpasar,Bali,28876,GoPay,cancelled,No Promo,0.0,J&T,2024,October,10,2024-10,1,0,0,0
ORD001095,CUST0302,2025-01-09,1125000,Manado,Sulawesi Utara,42000,QRIS,delivered,No Promo,0.0,Anteraja,2025,January,1,2025-01,0,0,1,0
ORD001096,CUST0341,2024-02-23,658000,Bogor,Jawa Barat,12057,GoPay,delivered,No Promo,0.0,SiCepat,2024,February,2,2024-02,0,0,1,0
ORD001097,CUST0302,2023-04-14,766000,Manado,Sulawesi Utara,42962,GoPay,delivered,No Promo,0.0,Anteraja,2023,April,4,2023-04,0,0,1,0
ORD001098,CUST0064,2025-02-01,453536,Bekasi,Jawa Barat,11746,OVO,delivered,NEWUSER,13464.0,Anteraja,2025,February,2,2025-02,0,0,1,1
ORD001099,CUST0219,2024-11-06,279000,Pekanbaru,Riau,23104,GoPay,shipped,No Promo,0.0,JNE,2024,November,11,2024-11,0,0,0,0
ORD001100,CUST0108,2022-02-07,118000,Yogyakarta,Di Yogyakarta,13117,GoPay,processing,No Promo,0.0,J&T,2022,February,2,2022-02,0,0,0,0
ORD001101,CUST0327,2024-05-12,59000,Denpasar,Bali,28366,GoPay,delivered,No Promo,0.0,JNE,2024,May,5,2024-05,0,0,1,0
ORD001102,CUST0170,2024-09-22,578000,Bekasi,Jawa Barat,11773,Transfer Bank,cancelled,No Promo,0.0,Anteraja,2024,September,9,2024-09,1,0,0,0
ORD001103,CUST0629,2023-10-30,537000,Padang,Sumatera Barat,32617,Kartu Kredit,delivered,No Promo,0.0,J&T,2023,October,10,2023-10,0,0,1,0
ORD001104,CUST0037,2023-01-08,764901,Depok,Jawa Barat,10804,Kartu Kredit,delivered,SALE2024,11099.0,SiCepat,2023,January,1,2023-01,0,0,1,1
ORD001105,CUST0213,2024-07-17,499000,Medan,Sumatera Utara,29800,Transfer Bank,delivered,No Promo,0.0,Anteraja,2024,July,7,2024-07,0,0,1,0
ORD001106,CUST0720,2024-06-06,199000,Palembang,Sumatera Selatan,30670,GoPay,delivered,No Promo,0.0,JNE,2024,June,6,2024-06,0,0,1,0
ORD001107,CUST0460,2024-05-15,498000,Jakarta,Dki Jakarta,9665,Transfer Bank,delivered,No Promo,0.0,SiCepat,2024,May,5,2024-05,0,0,1,0
ORD001108,CUST0652,2024-08-08,123044,Denpasar,Bali,26967,Transfer Bank,returned,FLASHSALE,23956.0,JNE,2024,August,8,2024-08,0,1,0,1
ORD001109,CUST0348,2024-12-19,647000,Bandung,Jawa Barat,10498,QRIS,processing,No Promo,0.0,JNE,2024,December,12,2024-12,0,0,0,0
ORD001110,CUST0024,2023-03-26,329000,Makassar,Sulawesi Selatan,42505,OVO,delivered,No Promo,0.0,J&T,2023,March,3,2023-03,0,0,1,0
ORD001111,CUST0718,2024-10-26,49000,Pontianak,Kalimantan Barat,35506,OVO,delivered,No Promo,0.0,JNE,2024,October,10,2024-10,0,0,1,0
ORD001112,CUST0369,2024-07-21,555256,Pekanbaru,Riau,26677,GoPay,shipped,MEMBER10,43744.0,JNE,2024,July,7,2024-07,0,0,0,1
ORD001113,CUST0688,2025-02-24,179315,Malang,Jawa Timur,18091,OVO,delivered,HARI BELANJA,38685.0,SiCepat,2025,February,2,2025-02,0,0,1,1
ORD001114,CUST0030,2022-07-29,558000,Pekanbaru,Riau,33098,OVO,cancelled,No Promo,0.0,J&T,2022,July,7,2022-07,1,0,0,0
ORD001115,CUST0652,2024-06-07,83029,Denpasar,Bali,22109,QRIS,delivered,HARI BELANJA,15971.0,Anteraja,2024,June,6,2024-06,0,0,1,1
ORD001116,CUST0778,2023-09-08,434454,Malang,Jawa Timur,17475,GoPay,delivered,NEWUSER,23546.0,Anteraja,2023,September,9,2023-09,0,0,1,1
ORD001117,CUST0469,2023-04-11,440877,Surabaya,Jawa Timur,12173,Transfer Bank,shipped,WEEKEND25,34123.0,J&T,2023,April,4,2023-04,0,0,0,1
ORD001118,CUST0474,2024-10-22,2006961,Tangerang,Banten,13052,GoPay,delivered,RAMADAN23,39039.0,J&T,2024,October,10,2024-10,0,0,1,1
ORD001119,CUST0118,2023-06-29,179000,Malang,Jawa Timur,21352,Transfer Bank,delivered,No Promo,0.0,J&T,2023,June,6,2023-06,0,0,1,0
ORD001120,CUST0376,2022-01-31,631936,Banjarmasin,Kalimantan Selatan,38956,Kartu Kredit,shipped,SALE2024,16064.0,J&T,2022,January,1,2022-01,0,0,0,1
ORD001121,CUST0307,2024-06-16,907000,Pontianak,Kalimantan Barat,32847,GoPay,delivered,No Promo,0.0,JNE,2024,June,6,2024-06,0,0,1,0
ORD001122,CUST0475,2023-09-24,179000,Palembang,Sumatera Selatan,24318,GoPay,delivered,No Promo,0.0,SiCepat,2023,September,9,2023-09,0,0,1,0
ORD001123,CUST0173,2024-05-29,549000,Jakarta,Dki Jakarta,11017,OVO,delivered,No Promo,0.0,Pos Indonesia,2024,May,5,2024-05,0,0,1,0
ORD001124,CUST0023,2024-02-06,327169,Tangerang,Banten,9725,Kartu Kredit,cancelled,HARI BELANJA,49831.0,J&T,2024,February,2,2024-02,1,0,0,1
ORD001125,CUST0259,2022-11-08,371831,Bekasi,Jawa Barat,11477,GoPay,delivered,NEWUSER,27169.0,Anteraja,2022,November,11,2022-11,0,0,1,1
ORD001126,CUST0515,2024-08-03,637122,Medan,Sumatera Utara,34843,Kartu Kredit,shipped,RAMADAN23,19878.0,SiCepat,2024,August,8,2024-08,0,0,0,1
ORD001127,CUST0027,2024-10-03,518000,Semarang,Jawa Tengah,16116,Transfer Bank,delivered,No Promo,0.0,JNE,2024,October,10,2024-10,0,0,1,0
ORD001128,CUST0052,2024-11-17,1054372,Semarang,Jawa Tengah,16738,GoPay,delivered,HARBOLNAS22,43628.0,SiCepat,2024,November,11,2024-11,0,0,1,1
ORD001129,CUST0158,2022-04-07,803000,Bandung,Jawa Barat,14600,OVO,shipped,No Promo,0.0,JNE,2022,April,4,2022-04,0,0,0,0
ORD001130,CUST0713,2025-02-03,158000,Depok,Jawa Barat,10783,OVO,cancelled,No Promo,0.0,JNE,2025,February,2,2025-02,1,0,0,0
ORD001131,CUST0037,2023-01-04,149000,Depok,Jawa Barat,10687,Kartu Kredit,delivered,No Promo,0.0,Anteraja,2023,January,1,2023-01,0,0,1,0
ORD001132,CUST0505,2022-09-16,663272,Pontianak,Kalimantan Barat,33651,Transfer Bank,shipped,RAMADAN23,34728.0,J&T,2022,September,9,2022-09,0,0,0,1
ORD001133,CUST0775,2024-02-13,499000,Manado,Sulawesi Utara,35208,OVO,returned,No Promo,0.0,J&T,2024,February,2,2024-02,0,1,0,0
ORD001134,CUST0774,2023-01-31,162616,Padang,Sumatera Barat,33393,OVO,cancelled,MEMBER10,36384.0,JNE,2023,January,1,2023-01,1,0,0,1
ORD001135,CUST0612,2024-07-13,199000,Pekanbaru,Riau,26023,Kartu Kredit,delivered,No Promo,0.0,SiCepat,2024,July,7,2024-07,0,0,1,0
ORD001136,CUST0761,2024-09-27,611378,Yogyakarta,Di Yogyakarta,13216,OVO,cancelled,HARBOLNAS22,36622.0,JNE,2024,September,9,2024-09,1,0,0,1
ORD001137,CUST0346,2024-08-10,616000,Medan,Sumatera Utara,36400,GoPay,delivered,No Promo,0.0,JNE,2024,August,8,2024-08,0,0,1,0
ORD001138,CUST0146,2024-06-30,309245,Depok,Jawa Barat,10158,OVO,delivered,RAMADAN23,47755.0,J&T,2024,June,6,2024-06,0,0,1,1
ORD001139,CUST0431,2024-04-30,248000,Banjarmasin,Kalimantan Selatan,30704,Kartu Kredit,delivered,No Promo,0.0,J&T,2024,April,4,2024-04,0,0,1,0
ORD001140,CUST0651,2023-04-18,1197000,Pontianak,Kalimantan Barat,32228,OVO,delivered,No Promo,0.0,J&T,2023,April,4,2023-04,0,0,1,0
ORD001141,CUST0492,2025-02-04,87492,Pekanbaru,Riau,30046,Kartu Kredit,delivered,HARI BELANJA,41508.0,J&T,2025,February,2,2025-02,0,0,1,1
ORD001142,CUST0410,2022-05-12,168579,Semarang,Jawa Tengah,12039,GoPay,delivered,RAMADAN23,30421.0,SiCepat,2022,May,5,2022-05,0,0,1,1
ORD001143,CUST0729,2023-07-29,637000,Malang,Jawa Timur,17392,GoPay,delivered,No Promo,0.0,J&T,2023,July,7,2023-07,0,0,1,0
ORD001144,CUST0341,2023-12-21,753000,Bogor,Jawa Barat,12872,QRIS,delivered,No Promo,0.0,J&T,2023,December,12,2023-12,0,0,1,0
ORD001145,CUST0512,2023-05-26,100214,Semarang,Jawa Tengah,14376,Kartu Kredit,shipped,WEEKEND25,37786.0,SiCepat,2023,May,5,2023-05,0,0,0,1
ORD001146,CUST0030,2022-01-28,987000,Pekanbaru,Riau,31846,QRIS,shipped,No Promo,0.0,JNE,2022,January,1,2022-01,0,0,0,0
ORD001147,CUST0386,2024-08-30,1248929,Padang,Sumatera Barat,26059,OVO,shipped,HARBOLNAS22,48071.0,SiCepat,2024,August,8,2024-08,0,0,0,1
ORD001148,CUST0333,2024-11-15,762437,Palembang,Sumatera Selatan,34943,OVO,delivered,RAMADAN23,14563.0,SiCepat,2024,November,11,2024-11,0,0,1,1
ORD001149,CUST0194,2023-12-26,377000,Tangerang,Banten,9157,Transfer Bank,processing,No Promo,0.0,SiCepat,2023,December,12,2023-12,0,0,0,0
ORD001150,CUST0177,2024-10-11,119000,Bekasi,Jawa Barat,13721,GoPay,shipped,No Promo,0.0,J&T,2024,October,10,2024-10,0,0,0,0
ORD001151,CUST0397,2023-06-10,618000,Balikpapan,Kalimantan Timur,31385,QRIS,processing,No Promo,0.0,J&T,2023,June,6,2023-06,0,0,0,0
ORD001152,CUST0013,2022-12-29,174051,Bandung,Jawa Barat,13660,Transfer Bank,delivered,WEEKEND25,23949.0,J&T,2022,December,12,2022-12,0,0,1,1
ORD001153,CUST0565,2023-03-14,1402860,Banjarmasin,Kalimantan Selatan,39997,GoPay,delivered,MEMBER10,32140.0,JNE,2023,March,3,2023-03,0,0,1,1
ORD001154,CUST0460,2023-02-24,1626000,Jakarta,Dki Jakarta,8167,Kartu Kredit,cancelled,No Promo,0.0,SiCepat,2023,February,2,2023-02,1,0,0,0
ORD001155,CUST0653,2024-04-11,199000,Denpasar,Bali,22453,Kartu Kredit,cancelled,No Promo,0.0,Anteraja,2024,April,4,2024-04,1,0,0,0
ORD001156,CUST0484,2024-07-22,149000,Medan,Sumatera Utara,34089,Transfer Bank,delivered,No Promo,0.0,Anteraja,2024,July,7,2024-07,0,0,1,0
ORD001157,CUST0729,2023-02-11,128000,Malang,Jawa Timur,15064,Kartu Kredit,shipped,No Promo,0.0,JNE,2023,February,2,2023-02,0,0,0,0
ORD001158,CUST0075,2025-01-16,777000,Semarang,Jawa Tengah,12989,Transfer Bank,delivered,No Promo,0.0,JNE,2025,January,1,2025-01,0,0,1,0
ORD001159,CUST0517,2023-10-15,658000,Tangerang,Banten,11485,Transfer Bank,processing,No Promo,0.0,Anteraja,2023,October,10,2023-10,0,0,0,0
ORD001160,CUST0784,2023-12-06,408000,Tangerang,Banten,12955,QRIS,delivered,No Promo,0.0,SiCepat,2023,December,12,2023-12,0,0,1,0
ORD001161,CUST0648,2022-04-06,565000,Balikpapan,Kalimantan Timur,31553,Transfer Bank,processing,No Promo,0.0,SiCepat,2022,April,4,2022-04,0,0,0,0
ORD001162,CUST0586,2025-01-20,158895,Manado,Sulawesi Utara,38649,GoPay,delivered,FLASHSALE,40105.0,J&T,2025,January,1,2025-01,0,0,1,1
ORD001163,CUST0065,2023-07-25,449000,Banjarmasin,Kalimantan Selatan,30188,QRIS,processing,No Promo,0.0,JNE,2023,July,7,2023-07,0,0,0,0
ORD001164,CUST0608,2024-01-15,2053317,Manado,Sulawesi Utara,36029,GoPay,processing,HARBOLNAS22,42683.0,J&T,2024,January,1,2024-01,0,0,0,1
ORD001165,CUST0771,2024-10-31,548000,Banjarmasin,Kalimantan Selatan,31843,Transfer Bank,delivered,No Promo,0.0,JNE,2024,October,10,2024-10,0,0,1,0
ORD001166,CUST0701,2023-07-12,119000,Pontianak,Kalimantan Barat,35778,Kartu Kredit,shipped,No Promo,0.0,JNE,2023,July,7,2023-07,0,0,0,0
ORD001167,CUST0405,2023-05-03,106298,Denpasar,Bali,28353,Transfer Bank,delivered,HARBOLNAS22,22702.0,Pos Indonesia,2023,May,5,2023-05,0,0,1,1
ORD001168,CUST0315,2023-03-25,1559672,Bogor,Jawa Barat,11522,GoPay,delivered,SALE2024,34328.0,SiCepat,2023,March,3,2023-03,0,0,1,1
ORD001169,CUST0454,2023-01-20,429390,Surabaya,Jawa Timur,15780,Kartu Kredit,processing,FLASHSALE,19610.0,SiCepat,2023,January,1,2023-01,0,0,0,1
ORD001170,CUST0663,2022-08-13,205242,Balikpapan,Kalimantan Timur,36030,Transfer Bank,delivered,FLASHSALE,23758.0,J&T,2022,August,8,2022-08,0,0,1,1
ORD001171,CUST0410,2024-07-20,358000,Semarang,Jawa Tengah,13114,GoPay,delivered,No Promo,0.0,Pos Indonesia,2024,July,7,2024-07,0,0,1,0
ORD001172,CUST0164,2024-09-08,168000,Bandung,Jawa Barat,11794,GoPay,delivered,No Promo,0.0,J&T,2024,September,9,2024-09,0,0,1,0
ORD001173,CUST0786,2024-12-29,299000,Bogor,Jawa Barat,14450,OVO,delivered,No Promo,0.0,SiCepat,2024,December,12,2024-12,0,0,1,0
ORD001174,CUST0274,2023-04-29,288000,Surabaya,Jawa Timur,17593,Transfer Bank,shipped,No Promo,0.0,Anteraja,2023,April,4,2023-04,0,0,0,0
ORD001175,CUST0131,2023-08-29,448000,Bekasi,Jawa Barat,9103,Transfer Bank,delivered,No Promo,0.0,JNE,2023,August,8,2023-08,0,0,1,0
ORD001176,CUST0554,2022-11-21,1336000,Semarang,Jawa Tengah,15027,Kartu Kredit,delivered,No Promo,0.0,J&T,2022,November,11,2022-11,0,0,1,0
ORD001177,CUST0685,2023-05-01,1129503,Padang,Sumatera Barat,35686,Transfer Bank,processing,NEWUSER,47497.0,JNE,2023,May,5,2023-05,0,0,0,1
ORD001178,CUST0039,2023-08-20,1000,Padang,Sumatera Barat,35090,OVO,cancelled,FLASHSALE,48000.0,SiCepat,2023,August,8,2023-08,1,0,0,1
ORD001179,CUST0691,2023-06-26,89000,Jakarta,Dki Jakarta,8330,OVO,shipped,No Promo,0.0,JNE,2023,June,6,2023-06,0,0,0,0
ORD001180,CUST0665,2024-11-22,138000,Surabaya,Jawa Timur,15303,OVO,delivered,No Promo,0.0,JNE,2024,November,11,2024-11,0,0,1,0
ORD001181,CUST0591,2024-07-08,94023,Pekanbaru,Riau,31561,GoPay,shipped,HARI BELANJA,34977.0,Anteraja,2024,July,7,2024-07,0,0,0,1
ORD001182,CUST0173,2023-06-12,237527,Pekanbaru,Riau,28560,Transfer Bank,shipped,MEMBER10,10473.0,JNE,2023,June,6,2023-06,0,0,0,1
ORD001183,CUST0206,2024-06-11,399000,Bogor,Jawa Barat,12342,GoPay,delivered,No Promo,0.0,SiCepat,2024,June,6,2024-06,0,0,1,0
ORD001184,CUST0223,2022-03-24,179000,Jakarta,Dki Jakarta,10712,Transfer Bank,processing,No Promo,0.0,J&T,2022,March,3,2022-03,0,0,0,0
ORD001185,CUST0172,2023-07-22,928000,Padang,Sumatera Barat,27356,OVO,processing,No Promo,0.0,JNE,2023,July,7,2023-07,0,0,0,0
ORD001186,CUST0067,2023-07-01,658000,Jakarta,Dki Jakarta,10376,Transfer Bank,shipped,No Promo,0.0,J&T,2023,July,7,2023-07,0,0,0,0
ORD001187,CUST0158,2023-05-30,119000,Bandung,Jawa Barat,14568,Kartu Kredit,shipped,No Promo,0.0,JNE,2023,May,5,2023-05,0,0,0,0
ORD001188,CUST0287,2022-07-26,1056000,Denpasar,Bali,30098,OVO,delivered,No Promo,0.0,J&T,2022,July,7,2022-07,0,0,1,0
ORD001189,CUST0733,2023-07-31,885000,Makassar,Sulawesi Selatan,34917,Transfer Bank,delivered,No Promo,0.0,JNE,2023,July,7,2023-07,0,0,1,0
ORD001190,CUST0729,2023-09-19,697000,Malang,Jawa Timur,16717,GoPay,delivered,No Promo,0.0,Pos Indonesia,2023,September,9,2023-09,0,0,1,0
ORD001191,CUST0093,2024-09-17,446808,Bandung,Jawa Barat,13645,Transfer Bank,processing,SALE2024,31192.0,J&T,2024,September,9,2024-09,0,0,0,1
ORD001192,CUST0060,2022-01-17,468015,Manado,Sulawesi Utara,43027,GoPay,delivered,WEEKEND25,48985.0,SiCepat,2022,January,1,2022-01,0,0,1,1
ORD001193,CUST0338,2023-02-06,191501,Tangerang,Banten,12185,Transfer Bank,delivered,MEMBER10,37499.0,J&T,2023,February,2,2023-02,0,0,1,1
ORD001194,CUST0637,2023-07-01,399000,Manado,Sulawesi Utara,32960,Transfer Bank,delivered,No Promo,0.0,J&T,2023,July,7,2023-07,0,0,1,0
ORD001195,CUST0084,2023-03-06,1166000,Jakarta,Dki Jakarta,9384,Transfer Bank,processing,No Promo,0.0,SiCepat,2023,March,3,2023-03,0,0,0,0
ORD001196,CUST0515,2024-12-03,40414,Medan,Sumatera Utara,39793,OVO,delivered,FLASHSALE,18586.0,SiCepat,2024,December,12,2024-12,0,0,1,1
ORD001197,CUST0557,2023-12-22,426351,Tangerang,Banten,9822,Kartu Kredit,delivered,HARI BELANJA,22649.0,J&T,2023,December,12,2023-12,0,0,1,1
ORD001198,CUST0532,2022-01-03,678000,Manado,Sulawesi Utara,36821,Kartu Kredit,cancelled,No Promo,0.0,JNE,2022,January,1,2022-01,1,0,0,0
ORD001199,CUST0093,2024-10-19,119000,Bandung,Jawa Barat,10949,Transfer Bank,delivered,No Promo,0.0,SiCepat,2024,October,10,2024-10,0,0,1,0
ORD001200,CUST0688,2024-10-08,698846,Manado,Sulawesi Utara,38746,GoPay,delivered,SALE2024,49154.0,J&T,2024,October,10,2024-10,0,0,1,1
ORD001201,CUST0209,2024-09-30,648687,Makassar,Sulawesi Selatan,42802,Kartu Kredit,returned,NEWUSER,28313.0,JNE,2024,September,9,2024-09,0,1,0,1
ORD001202,CUST0591,2023-03-02,598000,Pekanbaru,Riau,26344,Transfer Bank,delivered,No Promo,0.0,Pos Indonesia,2023,March,3,2023-03,0,0,1,0
ORD001203,CUST0372,2024-06-13,558000,Bandung,Jawa Barat,13677,Transfer Bank,delivered,No Promo,0.0,J&T,2024,June,6,2024-06,0,0,1,0
ORD001204,CUST0759,2022-01-21,497000,Malang,Jawa Timur,14487,QRIS,delivered,No Promo,0.0,SiCepat,2022,January,1,2022-01,0,0,1,0
ORD001205,CUST0659,2022-02-04,616000,Palembang,Sumatera Selatan,24158,Kartu Kredit,shipped,No Promo,0.0,SiCepat,2022,February,2,2022-02,0,0,0,0
ORD001206,CUST0508,2024-03-02,119000,Manado,Sulawesi Utara,34468,Transfer Bank,processing,No Promo,0.0,SiCepat,2024,March,3,2024-03,0,0,0,0
ORD001207,CUST0718,2024-02-28,116471,Pontianak,Kalimantan Barat,37546,OVO,shipped,HARBOLNAS22,32529.0,J&T,2024,February,2,2024-02,0,0,0,1
ORD001208,CUST0168,2022-03-25,147000,Banjarmasin,Kalimantan Selatan,31557,Kartu Kredit,delivered,No Promo,0.0,JNE,2022,March,3,2022-03,0,0,1,0
ORD001209,CUST0417,2024-09-23,256045,Medan,Sumatera Utara,35013,GoPay,delivered,FLASHSALE,11955.0,JNE,2024,September,9,2024-09,0,0,1,1
ORD001210,CUST0414,2022-11-26,279000,Bekasi,Jawa Barat,13108,Transfer Bank,processing,No Promo,0.0,SiCepat,2022,November,11,2022-11,0,0,0,0
ORD001211,CUST0226,2024-11-18,678749,Tangerang,Banten,13681,OVO,delivered,HARI BELANJA,38251.0,JNE,2024,November,11,2024-11,0,0,1,1
ORD001212,CUST0184,2023-04-22,406536,Medan,Sumatera Utara,33743,Transfer Bank,delivered,MEMBER10,42464.0,J&T,2023,April,4,2023-04,0,0,1,1
ORD001213,CUST0143,2024-11-13,2298567,Medan,Sumatera Utara,29808,OVO,delivered,HARI BELANJA,35433.0,J&T,2024,November,11,2024-11,0,0,1,1
ORD001214,CUST0087,2022-07-13,599000,Malang,Jawa Timur,19891,GoPay,delivered,No Promo,0.0,SiCepat,2022,July,7,2022-07,0,0,1,0
ORD001215,CUST0410,2024-10-30,458000,Semarang,Jawa Tengah,17530,GoPay,shipped,No Promo,0.0,JNE,2024,October,10,2024-10,0,0,0,0
ORD001216,CUST0701,2023-03-03,171423,Pekanbaru,Riau,24164,Transfer Bank,shipped,FLASHSALE,35577.0,JNE,2023,March,3,2023-03,0,0,0,1
ORD001217,CUST0035,2022-06-24,474080,Pontianak,Kalimantan Barat,33061,OVO,cancelled,FLASHSALE,24920.0,J&T,2022,June,6,2022-06,1,0,0,1
ORD001218,CUST0339,2023-02-07,787566,Semarang,Jawa Tengah,16219,Transfer Bank,cancelled,RAMADAN23,10434.0,JNE,2023,February,2,2023-02,1,0,0,1
ORD001219,CUST0620,2022-03-30,916000,Denpasar,Bali,24229,Kartu Kredit,delivered,No Promo,0.0,JNE,2022,March,3,2022-03,0,0,1,0
ORD001220,CUST0498,2024-05-23,548000,Semarang,Jawa Tengah,17578,Kartu Kredit,delivered,No Promo,0.0,SiCepat,2024,May,5,2024-05,0,0,1,0
ORD001221,CUST0099,2025-02-17,778000,Depok,Jawa Barat,9759,Transfer Bank,shipped,No Promo,0.0,J&T,2025,February,2,2025-02,0,0,0,0
ORD001222,CUST0698,2024-03-28,748000,Pekanbaru,Riau,28691,GoPay,delivered,No Promo,0.0,SiCepat,2024,March,3,2024-03,0,0,1,0
ORD001223,CUST0290,2024-06-28,938595,Palembang,Sumatera Selatan,25493,Kartu Kredit,delivered,SALE2024,18405.0,J&T,2024,June,6,2024-06,0,0,1,1
ORD001224,CUST0655,2023-06-04,1152526,Bogor,Jawa Barat,13816,QRIS,shipped,SALE2024,43474.0,SiCepat,2023,June,6,2023-06,0,0,0,1
ORD001225,CUST0484,2023-05-15,671821,Medan,Sumatera Utara,32129,GoPay,delivered,HARI BELANJA,15179.0,JNE,2023,May,5,2023-05,0,0,1,1
ORD001226,CUST0741,2024-01-21,1983742,Pekanbaru,Riau,25401,Transfer Bank,processing,RAMADAN23,12258.0,JNE,2024,January,1,2024-01,0,0,0,1
ORD001227,CUST0493,2024-12-29,1227000,Denpasar,Bali,24314,Transfer Bank,shipped,No Promo,0.0,JNE,2024,December,12,2024-12,0,0,0,0
ORD001228,CUST0612,2023-05-12,861073,Pekanbaru,Riau,27109,Transfer Bank,delivered,NEWUSER,25927.0,JNE,2023,May,5,2023-05,0,0,1,1
ORD001229,CUST0284,2024-08-06,465126,Bandung,Jawa Barat,13828,Transfer Bank,delivered,HARI BELANJA,33874.0,JNE,2024,August,8,2024-08,0,0,1,1
ORD001230,CUST0757,2024-12-12,1325469,Bogor,Jawa Barat,10563,OVO,delivered,FLASHSALE,47531.0,JNE,2024,December,12,2024-12,0,0,1,1
ORD001231,CUST0605,2023-10-09,777000,Tangerang,Banten,12580,QRIS,delivered,No Promo,0.0,JNE,2023,October,10,2023-10,0,0,1,0
ORD001232,CUST0330,2023-01-30,864470,Jakarta,Dki Jakarta,9187,GoPay,shipped,HARI BELANJA,42530.0,Pos Indonesia,2023,January,1,2023-01,0,0,0,1
ORD001233,CUST0262,2022-01-08,179000,Medan,Sumatera Utara,31735,Kartu Kredit,returned,No Promo,0.0,J&T,2022,January,1,2022-01,0,1,0,0
ORD001234,CUST0166,2024-09-28,947141,Tangerang,Banten,10482,Kartu Kredit,shipped,MEMBER10,38859.0,JNE,2024,September,9,2024-09,0,0,0,1
ORD001235,CUST0137,2023-12-26,377000,Surabaya,Jawa Timur,13687,Transfer Bank,delivered,No Promo,0.0,JNE,2023,December,12,2023-12,0,0,1,0
ORD001236,CUST0411,2024-07-02,456000,Balikpapan,Kalimantan Timur,35772,QRIS,delivered,No Promo,0.0,JNE,2024,July,7,2024-07,0,0,1,0
ORD001237,CUST0593,2024-09-03,1461520,Bekasi,Jawa Barat,13266,OVO,returned,HARBOLNAS22,35480.0,SiCepat,2024,September,9,2024-09,0,1,0,1
ORD001238,CUST0768,2023-09-22,179000,Denpasar,Bali,31592,Transfer Bank,delivered,No Promo,0.0,SiCepat,2023,September,9,2023-09,0,0,1,0
ORD001239,CUST0098,2022-07-24,327000,Bekasi,Jawa Barat,11864,QRIS,shipped,No Promo,0.0,SiCepat,2022,July,7,2022-07,0,0,0,0
ORD001240,CUST0512,2024-04-30,129000,Semarang,Jawa Tengah,15359,Transfer Bank,shipped,No Promo,0.0,J&T,2024,April,4,2024-04,0,0,0,0
ORD001241,CUST0505,2023-06-19,449000,Pontianak,Kalimantan Barat,40915,OVO,delivered,No Promo,0.0,SiCepat,2023,June,6,2023-06,0,0,1,0
ORD001242,CUST0599,2023-09-01,462390,Balikpapan,Kalimantan Timur,43098,Transfer Bank,delivered,HARI BELANJA,36610.0,J&T,2023,September,9,2023-09,0,0,1,1
ORD001243,CUST0118,2023-01-02,917000,Bekasi,Jawa Barat,9671,Transfer Bank,delivered,No Promo,0.0,J&T,2023,January,1,2023-01,0,0,1,0
ORD001244,CUST0777,2022-10-20,444546,Medan,Sumatera Utara,25041,Kartu Kredit,delivered,RAMADAN23,32454.0,J&T,2022,October,10,2022-10,0,0,1,1
ORD001245,CUST0493,2023-11-30,31256,Padang,Sumatera Barat,31441,OVO,delivered,WEEKEND25,17744.0,J&T,2023,November,11,2023-11,0,0,1,1
ORD001246,CUST0047,2024-04-15,737266,Malang,Jawa Timur,16503,Transfer Bank,delivered,FLASHSALE,40734.0,J&T,2024,April,4,2024-04,0,0,1,1
ORD001247,CUST0107,2024-11-12,558425,Depok,Jawa Barat,12636,OVO,delivered,RAMADAN23,40575.0,Anteraja,2024,November,11,2024-11,0,0,1,1
ORD001248,CUST0693,2023-11-26,279000,Manado,Sulawesi Utara,38778,Transfer Bank,returned,No Promo,0.0,J&T,2023,November,11,2023-11,0,1,0,0
ORD001249,CUST0657,2024-07-25,1131251,Padang,Sumatera Barat,36389,GoPay,shipped,NEWUSER,22749.0,J&T,2024,July,7,2024-07,0,0,0,1
ORD001250,CUST0421,2023-08-02,279000,Jakarta,Dki Jakarta,8822,Transfer Bank,delivered,No Promo,0.0,J&T,2023,August,8,2023-08,0,0,1,0
ORD001251,CUST0271,2024-09-15,70973,Balikpapan,Kalimantan Timur,36344,GoPay,delivered,NEWUSER,28027.0,J&T,2024,September,9,2024-09,0,0,1,1
ORD001252,CUST0454,2025-02-21,354645,Makassar,Sulawesi Selatan,40461,Transfer Bank,delivered,MEMBER10,44355.0,J&T,2025,February,2,2025-02,0,0,1,1
ORD001253,CUST0626,2023-04-21,753596,Jakarta,Dki Jakarta,9363,Kartu Kredit,delivered,HARI BELANJA,44404.0,SiCepat,2023,April,4,2023-04,0,0,1,1
ORD001254,CUST0008,2023-09-07,328000,Denpasar,Bali,28743,GoPay,delivered,No Promo,0.0,JNE,2023,September,9,2023-09,0,0,1,0
ORD001255,CUST0538,2022-05-26,927000,Depok,Jawa Barat,12888,Transfer Bank,delivered,No Promo,0.0,Pos Indonesia,2022,May,5,2022-05,0,0,1,0
ORD001256,CUST0264,2024-06-04,965000,Banjarmasin,Kalimantan Selatan,40092,Kartu Kredit,delivered,No Promo,0.0,J&T,2024,June,6,2024-06,0,0,1,0
ORD001257,CUST0664,2023-12-26,929280,Depok,Jawa Barat,12537,OVO,delivered,HARBOLNAS22,47720.0,Anteraja,2023,December,12,2023-12,0,0,1,1
ORD001258,CUST0291,2024-02-02,1234820,Jakarta,Dki Jakarta,8733,OVO,delivered,HARI BELANJA,41180.0,J&T,2024,February,2,2024-02,0,0,1,1
ORD001259,CUST0580,2024-04-17,129000,Denpasar,Bali,23867,Kartu Kredit,delivered,No Promo,0.0,JNE,2024,April,4,2024-04,0,0,1,0
ORD001260,CUST0277,2024-08-17,542407,Malang,Jawa Timur,21004,GoPay,cancelled,WEEKEND25,44593.0,Anteraja,2024,August,8,2024-08,1,0,0,1
ORD001261,CUST0482,2023-08-02,238000,Bandung,Jawa Barat,14438,OVO,delivered,No Promo,0.0,JNE,2023,August,8,2023-08,0,0,1,0
ORD001262,CUST0584,2022-04-16,1083935,Tangerang,Banten,11981,OVO,delivered,HARBOLNAS22,42065.0,Pos Indonesia,2022,April,4,2022-04,0,0,1,1
ORD001263,CUST0593,2022-01-21,357000,Depok,Jawa Barat,11976,Transfer Bank,delivered,No Promo,0.0,J&T,2022,January,1,2022-01,0,0,1,0
ORD001264,CUST0780,2024-11-10,619633,Medan,Sumatera Utara,36972,Transfer Bank,returned,NEWUSER,38367.0,SiCepat,2024,November,11,2024-11,0,1,0,1
ORD001265,CUST0337,2024-12-22,168000,Balikpapan,Kalimantan Timur,34768,Kartu Kredit,shipped,No Promo,0.0,J&T,2024,December,12,2024-12,0,0,0,0
ORD001266,CUST0519,2023-11-26,556000,Makassar,Sulawesi Selatan,34199,Transfer Bank,cancelled,No Promo,0.0,J&T,2023,November,11,2023-11,1,0,0,0
ORD001267,CUST0043,2024-11-19,49000,Manado,Sulawesi Utara,35532,Transfer Bank,returned,No Promo,0.0,Pos Indonesia,2024,November,11,2024-11,0,1,0,0
ORD001268,CUST0351,2023-10-20,608000,Tangerang,Banten,10017,OVO,delivered,No Promo,0.0,SiCepat,2023,October,10,2023-10,0,0,1,0
ORD001269,CUST0170,2025-02-28,1116663,Tangerang,Banten,11168,QRIS,returned,SALE2024,40337.0,JNE,2025,February,2,2025-02,0,1,0,1
ORD001270,CUST0214,2025-01-04,1090801,Padang,Sumatera Barat,34288,OVO,delivered,HARBOLNAS22,35199.0,J&T,2025,January,1,2025-01,0,0,1,1
ORD001271,CUST0530,2022-01-10,876679,Manado,Sulawesi Utara,34038,Kartu Kredit,delivered,HARI BELANJA,49321.0,JNE,2022,January,1,2022-01,0,0,1,1
ORD001272,CUST0458,2024-10-26,652887,Depok,Jawa Barat,10231,Transfer Bank,shipped,RAMADAN23,45113.0,SiCepat,2024,October,10,2024-10,0,0,0,1
ORD001273,CUST0161,2023-11-07,365071,Depok,Jawa Barat,10131,GoPay,delivered,FLASHSALE,33929.0,JNE,2023,November,11,2023-11,0,0,1,1
ORD001274,CUST0663,2023-07-25,857000,Balikpapan,Kalimantan Timur,38617,OVO,delivered,No Promo,0.0,Anteraja,2023,July,7,2023-07,0,0,1,0
ORD001275,CUST0745,2024-10-11,217679,Denpasar,Bali,28221,GoPay,delivered,RAMADAN23,31321.0,SiCepat,2024,October,10,2024-10,0,0,1,1
ORD001276,CUST0755,2022-10-05,798000,Tangerang,Banten,11360,GoPay,delivered,No Promo,0.0,JNE,2022,October,10,2022-10,0,0,1,0
ORD001277,CUST0370,2023-06-20,245391,Palembang,Sumatera Selatan,34674,QRIS,delivered,HARI BELANJA,31609.0,J&T,2023,June,6,2023-06,0,0,1,1
ORD001278,CUST0308,2023-08-21,599000,Denpasar,Bali,28079,Transfer Bank,delivered,No Promo,0.0,JNE,2023,August,8,2023-08,0,0,1,0
ORD001279,CUST0152,2024-12-19,658000,Palembang,Sumatera Selatan,29905,OVO,shipped,No Promo,0.0,JNE,2024,December,12,2024-12,0,0,0,0
ORD001280,CUST0615,2025-02-19,576000,Semarang,Jawa Tengah,15408,GoPay,delivered,No Promo,0.0,SiCepat,2025,February,2,2025-02,0,0,1,0
ORD001281,CUST0501,2022-06-12,149000,Bogor,Jawa Barat,12814,QRIS,cancelled,No Promo,0.0,SiCepat,2022,June,6,2022-06,1,0,0,0
ORD001282,CUST0385,2023-03-30,398000,Surabaya,Jawa Timur,13253,GoPay,shipped,No Promo,0.0,J&T,2023,March,3,2023-03,0,0,0,0
ORD001283,CUST0116,2024-04-09,15854,Malang,Jawa Timur,21425,QRIS,processing,MEMBER10,33146.0,JNE,2024,April,4,2024-04,0,0,0,1
ORD001284,CUST0365,2024-06-29,845000,Bogor,Jawa Barat,11534,QRIS,delivered,No Promo,0.0,J&T,2024,June,6,2024-06,0,0,1,0
ORD001285,CUST0783,2023-09-02,176959,Tangerang,Banten,11917,Kartu Kredit,delivered,RAMADAN23,41041.0,SiCepat,2023,September,9,2023-09,0,0,1,1
ORD001286,CUST0091,2023-06-22,279000,Makassar,Sulawesi Selatan,35260,Kartu Kredit,delivered,No Promo,0.0,SiCepat,2023,June,6,2023-06,0,0,1,0
ORD001287,CUST0048,2024-10-22,308000,Bandung,Jawa Barat,13442,Transfer Bank,delivered,No Promo,0.0,Pos Indonesia,2024,October,10,2024-10,0,0,1,0
ORD001288,CUST0035,2023-09-07,329000,Bogor,Jawa Barat,10760,Transfer Bank,processing,No Promo,0.0,JNE,2023,September,9,2023-09,0,0,0,0
ORD001289,CUST0195,2024-12-08,1436000,Bekasi,Jawa Barat,13674,GoPay,delivered,No Promo,0.0,JNE,2024,December,12,2024-12,0,0,1,0
ORD001290,CUST0065,2024-10-07,217483,Pekanbaru,Riau,26642,QRIS,delivered,SALE2024,10517.0,JNE,2024,October,10,2024-10,0,0,1,1
ORD001291,CUST0557,2023-09-23,329000,Tangerang,Banten,11408,Transfer Bank,processing,No Promo,0.0,J&T,2023,September,9,2023-09,0,0,0,0
ORD001292,CUST0282,2024-05-15,748000,Tangerang,Banten,10590,Kartu Kredit,processing,No Promo,0.0,SiCepat,2024,May,5,2024-05,0,0,0,0
ORD001293,CUST0531,2022-12-18,313833,Banjarmasin,Kalimantan Selatan,41513,Kartu Kredit,delivered,MEMBER10,35167.0,J&T,2022,December,12,2022-12,0,0,1,1
ORD001294,CUST0625,2023-10-20,414172,Jakarta,Dki Jakarta,9021,Transfer Bank,delivered,SALE2024,34828.0,SiCepat,2023,October,10,2023-10,0,0,1,1
ORD001295,CUST0598,2024-09-19,418000,Denpasar,Bali,29652,GoPay,delivered,No Promo,0.0,Pos Indonesia,2024,September,9,2024-09,0,0,1,0
ORD001296,CUST0150,2023-11-21,69000,Makassar,Sulawesi Selatan,34362,GoPay,delivered,No Promo,0.0,JNE,2023,November,11,2023-11,0,0,1,0
ORD001297,CUST0572,2024-01-13,138000,Semarang,Jawa Tengah,12526,Transfer Bank,delivered,No Promo,0.0,Anteraja,2024,January,1,2024-01,0,0,1,0
ORD001298,CUST0338,2023-07-22,75894,Bekasi,Jawa Barat,12681,OVO,shipped,FLASHSALE,32106.0,SiCepat,2023,July,7,2023-07,0,0,0,1
ORD001299,CUST0069,2024-03-30,636000,Makassar,Sulawesi Selatan,42265,GoPay,delivered,No Promo,0.0,SiCepat,2024,March,3,2024-03,0,0,1,0
ORD001300,CUST0262,2025-02-07,218000,Denpasar,Bali,22909,Transfer Bank,delivered,No Promo,0.0,JNE,2025,February,2,2025-02,0,0,1,0
ORD001301,CUST0141,2022-06-03,514746,Malang,Jawa Timur,14759,OVO,delivered,FLASHSALE,13254.0,SiCepat,2022,June,6,2022-06,0,0,1,1
ORD001302,CUST0557,2022-05-07,199000,Yogyakarta,Di Yogyakarta,18812,OVO,cancelled,No Promo,0.0,J&T,2022,May,5,2022-05,1,0,0,0
ORD001303,CUST0606,2024-01-25,1064091,Bandung,Jawa Barat,11697,Transfer Bank,delivered,MEMBER10,32909.0,J&T,2024,January,1,2024-01,0,0,1,1
ORD001304,CUST0471,2025-02-19,279000,Bogor,Jawa Barat,12964,OVO,delivered,No Promo,0.0,SiCepat,2025,February,2,2025-02,0,0,1,0
ORD001305,CUST0098,2025-02-07,299000,Bekasi,Jawa Barat,13127,Kartu Kredit,delivered,No Promo,0.0,Anteraja,2025,February,2,2025-02,0,0,1,0
ORD001306,CUST0737,2023-04-02,59000,Malang,Jawa Timur,14088,OVO,delivered,No Promo,0.0,Anteraja,2023,April,4,2023-04,0,0,1,0
ORD001307,CUST0348,2024-04-27,252688,Bandung,Jawa Barat,12314,QRIS,delivered,MEMBER10,26312.0,SiCepat,2024,April,4,2024-04,0,0,1,1
ORD001308,CUST0090,2023-07-14,92581,Bandung,Jawa Barat,10354,Transfer Bank,delivered,SALE2024,26419.0,JNE,2023,July,7,2023-07,0,0,1,1
ORD001309,CUST0465,2023-06-05,697000,Surabaya,Jawa Timur,13137,Kartu Kredit,shipped,No Promo,0.0,J&T,2023,June,6,2023-06,0,0,0,0
ORD001310,CUST0767,2024-11-30,367000,Palembang,Sumatera Selatan,29986,Transfer Bank,delivered,No Promo,0.0,J&T,2024,November,11,2024-11,0,0,1,0
ORD001311,CUST0614,2023-03-08,807000,Medan,Sumatera Utara,38037,Transfer Bank,processing,No Promo,0.0,SiCepat,2023,March,3,2023-03,0,0,0,0
ORD001312,CUST0429,2023-01-29,161982,Medan,Sumatera Utara,29862,Transfer Bank,cancelled,MEMBER10,37018.0,SiCepat,2023,January,1,2023-01,1,0,0,1
ORD001313,CUST0768,2024-06-21,248287,Bekasi,Jawa Barat,9904,OVO,delivered,HARBOLNAS22,30713.0,JNE,2024,June,6,2024-06,0,0,1,1
ORD001314,CUST0101,2022-04-07,437000,Semarang,Jawa Tengah,14990,OVO,delivered,No Promo,0.0,J&T,2022,April,4,2022-04,0,0,1,0
ORD001315,CUST0199,2023-01-01,341716,Semarang,Jawa Tengah,16425,Kartu Kredit,delivered,SALE2024,16284.0,SiCepat,2023,January,1,2023-01,0,0,1,1
ORD001316,CUST0474,2022-12-09,1296000,Banjarmasin,Kalimantan Selatan,29823,Kartu Kredit,delivered,No Promo,0.0,SiCepat,2022,December,12,2022-12,0,0,1,0
ORD001317,CUST0579,2024-02-15,348000,Palembang,Sumatera Selatan,30832,GoPay,delivered,No Promo,0.0,J&T,2024,February,2,2024-02,0,0,1,0
ORD001318,CUST0243,2025-01-01,417000,Malang,Jawa Timur,14566,QRIS,shipped,No Promo,0.0,SiCepat,2025,January,1,2025-01,0,0,0,0
ORD001319,CUST0385,2023-08-01,118000,Surabaya,Jawa Timur,17844,Kartu Kredit,shipped,No Promo,0.0,JNE,2023,August,8,2023-08,0,0,0,0
ORD001320,CUST0153,2025-02-19,1246000,Pontianak,Kalimantan Barat,41777,GoPay,delivered,No Promo,0.0,J&T,2025,February,2,2025-02,0,0,1,0
ORD001321,CUST0664,2023-03-21,1047000,Yogyakarta,Di Yogyakarta,16687,Transfer Bank,shipped,No Promo,0.0,JNE,2023,March,3,2023-03,0,0,0,0
ORD001322,CUST0674,2023-12-27,450363,Medan,Sumatera Utara,34193,GoPay,cancelled,RAMADAN23,48637.0,JNE,2023,December,12,2023-12,1,0,0,1
ORD001323,CUST0286,2024-01-27,329000,Bogor,Jawa Barat,13828,Transfer Bank,cancelled,No Promo,0.0,Pos Indonesia,2024,January,1,2024-01,1,0,0,0
ORD001324,CUST0353,2025-02-15,707000,Pekanbaru,Riau,22815,Transfer Bank,shipped,No Promo,0.0,J&T,2025,February,2,2025-02,0,0,0,0
ORD001325,CUST0438,2024-12-20,129000,Malang,Jawa Timur,17555,Transfer Bank,delivered,No Promo,0.0,JNE,2024,December,12,2024-12,0,0,1,0
ORD001326,CUST0703,2022-10-27,946000,Semarang,Jawa Tengah,12302,GoPay,processing,No Promo,0.0,SiCepat,2022,October,10,2022-10,0,0,0,0
ORD001327,CUST0471,2024-12-17,69000,Bandung,Jawa Barat,14995,Transfer Bank,delivered,No Promo,0.0,J&T,2024,December,12,2024-12,0,0,1,0
ORD001328,CUST0740,2024-11-16,986000,Denpasar,Bali,28869,Transfer Bank,delivered,No Promo,0.0,JNE,2024,November,11,2024-11,0,0,1,0
ORD001329,CUST0622,2023-10-30,198000,Banjarmasin,Kalimantan Selatan,39109,QRIS,shipped,No Promo,0.0,J&T,2023,October,10,2023-10,0,0,0,0
ORD001330,CUST0182,2023-01-27,778000,Bekasi,Jawa Barat,10639,Transfer Bank,delivered,No Promo,0.0,JNE,2023,January,1,2023-01,0,0,1,0
ORD001331,CUST0583,2023-10-19,463224,Medan,Sumatera Utara,31054,Transfer Bank,delivered,FLASHSALE,35776.0,SiCepat,2023,October,10,2023-10,0,0,1,1
ORD001332,CUST0544,2022-12-24,199000,Manado,Sulawesi Utara,38126,Transfer Bank,delivered,No Promo,0.0,J&T,2022,December,12,2022-12,0,0,1,0
ORD001333,CUST0284,2024-08-09,2025000,Bandung,Jawa Barat,11014,Transfer Bank,delivered,No Promo,0.0,J&T,2024,August,8,2024-08,0,0,1,0
ORD001334,CUST0141,2024-02-15,199000,Malang,Jawa Timur,18183,GoPay,cancelled,No Promo,0.0,JNE,2024,February,2,2024-02,1,0,0,0
ORD001335,CUST0450,2023-11-21,60773,Bandung,Jawa Barat,12667,QRIS,shipped,RAMADAN23,18227.0,J&T,2023,November,11,2023-11,0,0,0,1
ORD001336,CUST0686,2023-05-21,578000,Semarang,Jawa Tengah,14865,Transfer Bank,cancelled,No Promo,0.0,JNE,2023,May,5,2023-05,1,0,0,0
ORD001337,CUST0471,2023-10-09,1130331,Bandung,Jawa Barat,11540,GoPay,shipped,RAMADAN23,36669.0,J&T,2023,October,10,2023-10,0,0,0,1
ORD001338,CUST0549,2023-08-01,335039,Balikpapan,Kalimantan Timur,35167,GoPay,delivered,RAMADAN23,13961.0,SiCepat,2023,August,8,2023-08,0,0,1,1
ORD001339,CUST0735,2022-05-05,980554,Manado,Sulawesi Utara,39765,Transfer Bank,delivered,WEEKEND25,17446.0,JNE,2022,May,5,2022-05,0,0,1,1
ORD001340,CUST0220,2025-01-12,598000,Medan,Sumatera Utara,30258,Transfer Bank,delivered,No Promo,0.0,J&T,2025,January,1,2025-01,0,0,1,0
ORD001341,CUST0307,2023-07-02,69000,Pontianak,Kalimantan Barat,41715,GoPay,processing,No Promo,0.0,Anteraja,2023,July,7,2023-07,0,0,0,0
ORD001342,CUST0332,2023-03-01,808849,Medan,Sumatera Utara,38607,Transfer Bank,shipped,RAMADAN23,39151.0,SiCepat,2023,March,3,2023-03,0,0,0,1
ORD001343,CUST0253,2024-04-09,1027000,Banjarmasin,Kalimantan Selatan,29016,QRIS,processing,No Promo,0.0,Anteraja,2024,April,4,2024-04,0,0,0,0
ORD001344,CUST0585,2024-02-02,258157,Makassar,Sulawesi Selatan,42677,GoPay,delivered,SALE2024,20843.0,J&T,2024,February,2,2024-02,0,0,1,1
ORD001345,CUST0299,2024-08-11,279000,Manado,Sulawesi Utara,38274,GoPay,cancelled,No Promo,0.0,J&T,2024,August,8,2024-08,1,0,0,0
ORD001346,CUST0344,2023-04-07,977000,Bekasi,Jawa Barat,12561,GoPay,shipped,No Promo,0.0,JNE,2023,April,4,2023-04,0,0,0,0
ORD001347,CUST0566,2022-11-20,168000,Malang,Jawa Timur,17057,OVO,delivered,No Promo,0.0,J&T,2022,November,11,2022-11,0,0,1,0
ORD001348,CUST0119,2024-02-21,292998,Makassar,Sulawesi Selatan,39345,OVO,shipped,FLASHSALE,36002.0,J&T,2024,February,2,2024-02,0,0,0,1
ORD001349,CUST0592,2024-10-04,516866,Bandung,Jawa Barat,11379,GoPay,delivered,MEMBER10,30134.0,Anteraja,2024,October,10,2024-10,0,0,1,1
ORD001350,CUST0447,2024-09-17,1027046,Depok,Jawa Barat,12303,GoPay,delivered,WEEKEND25,39954.0,JNE,2024,September,9,2024-09,0,0,1,1
ORD001351,CUST0685,2023-10-31,132317,Padang,Sumatera Barat,30821,GoPay,delivered,RAMADAN23,46683.0,SiCepat,2023,October,10,2023-10,0,0,1,1
ORD001352,CUST0671,2022-02-04,458000,Malang,Jawa Timur,18238,GoPay,delivered,No Promo,0.0,JNE,2022,February,2,2022-02,0,0,1,0
ORD001353,CUST0242,2023-09-09,357000,Jakarta,Dki Jakarta,10978,Transfer Bank,cancelled,No Promo,0.0,Anteraja,2023,September,9,2023-09,1,0,0,0
ORD001354,CUST0011,2025-02-08,577000,Denpasar,Bali,22603,Transfer Bank,delivered,No Promo,0.0,SiCepat,2025,February,2,2025-02,0,0,1,0
ORD001355,CUST0750,2023-11-30,1136000,Bogor,Jawa Barat,14833,Kartu Kredit,delivered,No Promo,0.0,SiCepat,2023,November,11,2023-11,0,0,1,0
ORD001356,CUST0499,2024-02-02,249000,Tangerang,Banten,11769,Transfer Bank,delivered,No Promo,0.0,SiCepat,2024,February,2,2024-02,0,0,1,0
ORD001357,CUST0380,2024-01-23,627000,Malang,Jawa Timur,20585,Kartu Kredit,shipped,No Promo,0.0,J&T,2024,January,1,2024-01,0,0,0,0
ORD001358,CUST0448,2024-11-18,321868,Pekanbaru,Riau,25397,OVO,delivered,RAMADAN23,46132.0,SiCepat,2024,November,11,2024-11,0,0,1,1
ORD001359,CUST0174,2024-09-19,208000,Surabaya,Jawa Timur,15123,OVO,returned,No Promo,0.0,SiCepat,2024,September,9,2024-09,0,1,0,0
ORD001360,CUST0756,2025-02-06,44362,Surabaya,Jawa Timur,13902,GoPay,cancelled,NEWUSER,14638.0,SiCepat,2025,February,2,2025-02,1,0,0,1
ORD001361,CUST0083,2024-11-19,448000,Pontianak,Kalimantan Barat,39050,Transfer Bank,delivered,No Promo,0.0,JNE,2024,November,11,2024-11,0,0,1,0
ORD001362,CUST0672,2022-08-12,149000,Malang,Jawa Timur,18575,OVO,processing,No Promo,0.0,JNE,2022,August,8,2022-08,0,0,0,0
ORD001363,CUST0410,2023-06-15,238000,Semarang,Jawa Tengah,15409,OVO,delivered,No Promo,0.0,SiCepat,2023,June,6,2023-06,0,0,1,0
ORD001364,CUST0368,2022-05-18,1015544,Yogyakarta,Di Yogyakarta,15940,Transfer Bank,delivered,HARBOLNAS22,31456.0,Anteraja,2022,May,5,2022-05,0,0,1,1
ORD001365,CUST0628,2022-05-04,809893,Jakarta,Dki Jakarta,8852,OVO,delivered,NEWUSER,38107.0,Anteraja,2022,May,5,2022-05,0,0,1,1
ORD001366,CUST0235,2023-06-24,37093,Tangerang,Banten,11745,OVO,delivered,WEEKEND25,41907.0,J&T,2023,June,6,2023-06,0,0,1,1
ORD001367,CUST0515,2024-08-28,229000,Surabaya,Jawa Timur,17811,Transfer Bank,returned,No Promo,0.0,SiCepat,2024,August,8,2024-08,0,1,0,0
ORD001368,CUST0452,2022-09-27,99000,Semarang,Jawa Tengah,17943,OVO,delivered,No Promo,0.0,Anteraja,2022,September,9,2022-09,0,0,1,0
ORD001369,CUST0328,2024-02-03,596000,Padang,Sumatera Barat,36274,GoPay,delivered,No Promo,0.0,JNE,2024,February,2,2024-02,0,0,1,0
ORD001370,CUST0108,2024-09-17,634614,Yogyakarta,Di Yogyakarta,14972,Transfer Bank,delivered,RAMADAN23,43386.0,SiCepat,2024,September,9,2024-09,0,0,1,1
ORD001371,CUST0020,2023-07-10,47445,Bandung,Jawa Barat,13049,OVO,shipped,MEMBER10,11555.0,Anteraja,2023,July,7,2023-07,0,0,0,1
ORD001372,CUST0558,2022-01-05,68296,Denpasar,Bali,26924,Transfer Bank,shipped,HARI BELANJA,10704.0,J&T,2022,January,1,2022-01,0,0,0,1
ORD001373,CUST0215,2024-01-09,549000,Banjarmasin,Kalimantan Selatan,33101,OVO,delivered,No Promo,0.0,SiCepat,2024,January,1,2024-01,0,0,1,0
ORD001374,CUST0068,2024-01-10,69000,Jakarta,Dki Jakarta,8268,Transfer Bank,delivered,No Promo,0.0,JNE,2024,January,1,2024-01,0,0,1,0
ORD001375,CUST0585,2023-01-24,1679712,Makassar,Sulawesi Selatan,32404,OVO,delivered,HARI BELANJA,46288.0,JNE,2023,January,1,2023-01,0,0,1,1
ORD001376,CUST0465,2023-08-24,548000,Surabaya,Jawa Timur,15039,Kartu Kredit,delivered,No Promo,0.0,J&T,2023,August,8,2023-08,0,0,1,0
ORD001377,CUST0229,2024-11-21,229000,Padang,Sumatera Barat,24683,Transfer Bank,delivered,No Promo,0.0,JNE,2024,November,11,2024-11,0,0,1,0
ORD001378,CUST0420,2025-01-21,316000,Makassar,Sulawesi Selatan,37475,Kartu Kredit,delivered,No Promo,0.0,JNE,2025,January,1,2025-01,0,0,1,0
ORD001379,CUST0320,2024-01-08,132375,Bekasi,Jawa Barat,9876,GoPay,delivered,FLASHSALE,25625.0,J&T,2024,January,1,2024-01,0,0,1,1
ORD001380,CUST0678,2023-03-02,553065,Surabaya,Jawa Timur,14284,Kartu Kredit,shipped,WEEKEND25,24935.0,SiCepat,2023,March,3,2023-03,0,0,0,1
ORD001381,CUST0529,2023-07-29,119000,Makassar,Sulawesi Selatan,32298,QRIS,shipped,No Promo,0.0,Pos Indonesia,2023,July,7,2023-07,0,0,0,0
ORD001382,CUST0286,2023-11-29,119000,Bogor,Jawa Barat,12852,OVO,processing,No Promo,0.0,SiCepat,2023,November,11,2023-11,0,0,0,0
ORD001383,CUST0529,2024-11-14,1085000,Makassar,Sulawesi Selatan,41444,QRIS,cancelled,No Promo,0.0,J&T,2024,November,11,2024-11,1,0,0,0
ORD001384,CUST0033,2024-08-25,1655929,Balikpapan,Kalimantan Timur,40913,Transfer Bank,delivered,RAMADAN23,39071.0,SiCepat,2024,August,8,2024-08,0,0,1,1
ORD001385,CUST0376,2024-09-23,708738,Banjarmasin,Kalimantan Selatan,32579,Transfer Bank,cancelled,WEEKEND25,18262.0,Pos Indonesia,2024,September,9,2024-09,1,0,0,1
ORD001386,CUST0789,2023-08-02,599000,Palembang,Sumatera Selatan,31223,GoPay,delivered,No Promo,0.0,JNE,2023,August,8,2023-08,0,0,1,0
ORD001387,CUST0015,2023-03-11,1057000,Medan,Sumatera Utara,25770,OVO,shipped,No Promo,0.0,JNE,2023,March,3,2023-03,0,0,0,0
ORD001388,CUST0792,2024-10-28,199000,Palembang,Sumatera Selatan,26200,OVO,processing,No Promo,0.0,JNE,2024,October,10,2024-10,0,0,0,0
ORD001389,CUST0526,2025-02-15,229000,Balikpapan,Kalimantan Timur,44390,OVO,cancelled,No Promo,0.0,J&T,2025,February,2,2025-02,1,0,0,0
ORD001390,CUST0290,2024-02-04,164165,Semarang,Jawa Tengah,12484,Transfer Bank,delivered,FLASHSALE,34835.0,Pos Indonesia,2024,February,2,2024-02,0,0,1,1
ORD001391,CUST0381,2022-02-06,358000,Malang,Jawa Timur,18871,Transfer Bank,processing,No Promo,0.0,JNE,2022,February,2,2022-02,0,0,0,0
ORD001392,CUST0203,2024-03-12,378000,Pekanbaru,Riau,26849,Transfer Bank,processing,No Promo,0.0,Pos Indonesia,2024,March,3,2024-03,0,0,0,0
ORD001393,CUST0159,2023-02-27,697000,Jakarta,Dki Jakarta,8447,OVO,delivered,No Promo,0.0,SiCepat,2023,February,2,2023-02,0,0,1,0
ORD001394,CUST0209,2022-01-12,1128141,Yogyakarta,Di Yogyakarta,13617,QRIS,delivered,WEEKEND25,17859.0,JNE,2022,January,1,2022-01,0,0,1,1
ORD001395,CUST0127,2024-02-22,279000,Depok,Jawa Barat,13676,OVO,delivered,No Promo,0.0,SiCepat,2024,February,2,2024-02,0,0,1,0
ORD001396,CUST0338,2023-08-25,468000,Semarang,Jawa Tengah,14594,GoPay,delivered,No Promo,0.0,J&T,2023,August,8,2023-08,0,0,1,0
ORD001397,CUST0673,2023-01-06,1097000,Makassar,Sulawesi Selatan,32188,Transfer Bank,delivered,No Promo,0.0,J&T,2023,January,1,2023-01,0,0,1,0
ORD001398,CUST0644,2023-11-06,179000,Medan,Sumatera Utara,25495,GoPay,cancelled,No Promo,0.0,J&T,2023,November,11,2023-11,1,0,0,0
ORD001399,CUST0600,2024-11-27,489940,Pontianak,Kalimantan Barat,31470,GoPay,processing,MEMBER10,47060.0,SiCepat,2024,November,11,2024-11,0,0,0,1
ORD001400,CUST0400,2023-10-08,358000,Manado,Sulawesi Utara,38998,Transfer Bank,delivered,No Promo,0.0,J&T,2023,October,10,2023-10,0,0,1,0
ORD001401,CUST0400,2023-07-05,756000,Padang,Sumatera Barat,29966,Kartu Kredit,processing,No Promo,0.0,J&T,2023,July,7,2023-07,0,0,0,0
ORD001402,CUST0389,2022-02-05,119000,Pontianak,Kalimantan Barat,41868,Transfer Bank,delivered,No Promo,0.0,Anteraja,2022,February,2,2022-02,0,0,1,0
ORD001403,CUST0045,2022-07-02,79000,Bandung,Jawa Barat,11823,Transfer Bank,shipped,No Promo,0.0,JNE,2022,July,7,2022-07,0,0,0,0
ORD001404,CUST0370,2024-02-23,42844,Palembang,Sumatera Selatan,25297,Transfer Bank,delivered,MEMBER10,26156.0,JNE,2024,February,2,2024-02,0,0,1,1
ORD001405,CUST0691,2024-09-30,279000,Jakarta,Dki Jakarta,11881,Transfer Bank,delivered,No Promo,0.0,J&T,2024,September,9,2024-09,0,0,1,0
ORD001406,CUST0512,2024-05-19,499844,Semarang,Jawa Tengah,14150,GoPay,processing,NEWUSER,17156.0,SiCepat,2024,May,5,2024-05,0,0,0,1
ORD001407,CUST0505,2024-05-22,977423,Pontianak,Kalimantan Barat,38792,Kartu Kredit,delivered,HARBOLNAS22,20577.0,JNE,2024,May,5,2024-05,0,0,1,1
ORD001408,CUST0219,2024-04-13,149771,Makassar,Sulawesi Selatan,37795,GoPay,delivered,HARBOLNAS22,28229.0,Anteraja,2024,April,4,2024-04,0,0,1,1
ORD001409,CUST0746,2025-02-22,1675000,Pekanbaru,Riau,23323,Transfer Bank,delivered,No Promo,0.0,J&T,2025,February,2,2025-02,0,0,1,0
ORD001410,CUST0618,2023-08-25,1495000,Manado,Sulawesi Utara,43127,OVO,delivered,No Promo,0.0,JNE,2023,August,8,2023-08,0,0,1,0
ORD001411,CUST0187,2023-04-11,757000,Surabaya,Jawa Timur,13777,QRIS,delivered,No Promo,0.0,SiCepat,2023,April,4,2023-04,0,0,1,0
ORD001412,CUST0192,2022-06-04,158000,Bandung,Jawa Barat,11130,GoPay,delivered,No Promo,0.0,SiCepat,2022,June,6,2022-06,0,0,1,0
ORD001413,CUST0714,2024-10-22,85663,Medan,Sumatera Utara,37944,QRIS,delivered,HARBOLNAS22,33337.0,Anteraja,2024,October,10,2024-10,0,0,1,1
ORD001414,CUST0186,2022-10-18,965000,Semarang,Jawa Tengah,16555,GoPay,delivered,No Promo,0.0,SiCepat,2022,October,10,2022-10,0,0,1,0
ORD001415,CUST0108,2025-02-07,556000,Denpasar,Bali,21403,OVO,delivered,No Promo,0.0,JNE,2025,February,2,2025-02,0,0,1,0
ORD001416,CUST0422,2024-01-01,425248,Makassar,Sulawesi Selatan,37734,Transfer Bank,delivered,MEMBER10,32752.0,SiCepat,2024,January,1,2024-01,0,0,1,1
ORD001417,CUST0185,2023-11-23,1134044,Padang,Sumatera Barat,30775,Kartu Kredit,delivered,HARBOLNAS22,22956.0,JNE,2023,November,11,2023-11,0,0,1,1
ORD001418,CUST0172,2023-09-17,796000,Padang,Sumatera Barat,37014,GoPay,delivered,No Promo,0.0,SiCepat,2023,September,9,2023-09,0,0,1,0
ORD001419,CUST0025,2022-09-21,499000,Pekanbaru,Riau,30087,OVO,delivered,No Promo,0.0,SiCepat,2022,September,9,2022-09,0,0,1,0
ORD001420,CUST0602,2023-02-10,499000,Bekasi,Jawa Barat,11430,OVO,cancelled,No Promo,0.0,JNE,2023,February,2,2023-02,1,0,0,0
ORD001421,CUST0132,2023-09-14,285987,Medan,Sumatera Utara,33850,QRIS,delivered,FLASHSALE,13013.0,SiCepat,2023,September,9,2023-09,0,0,1,1
ORD001422,CUST0699,2025-02-13,458000,Medan,Sumatera Utara,32978,Kartu Kredit,delivered,No Promo,0.0,JNE,2025,February,2,2025-02,0,0,1,0
ORD001423,CUST0110,2023-12-25,247000,Padang,Sumatera Barat,28201,QRIS,delivered,No Promo,0.0,Anteraja,2023,December,12,2023-12,0,0,1,0
ORD001424,CUST0369,2024-08-09,253970,Pekanbaru,Riau,23409,Transfer Bank,shipped,RAMADAN23,43030.0,Anteraja,2024,August,8,2024-08,0,0,0,1
ORD001425,CUST0459,2024-11-19,229000,Bekasi,Jawa Barat,11597,Transfer Bank,delivered,No Promo,0.0,JNE,2024,November,11,2024-11,0,0,1,0
ORD001426,CUST0442,2024-06-22,369816,Palembang,Sumatera Selatan,30544,QRIS,cancelled,HARBOLNAS22,29184.0,JNE,2024,June,6,2024-06,1,0,0,1
ORD001427,CUST0041,2023-10-07,471545,Manado,Sulawesi Utara,33118,Kartu Kredit,processing,HARBOLNAS22,24455.0,J&T,2023,October,10,2023-10,0,0,0,1
ORD001428,CUST0685,2025-01-16,907000,Bekasi,Jawa Barat,13065,Transfer Bank,delivered,No Promo,0.0,Anteraja,2025,January,1,2025-01,0,0,1,0
ORD001429,CUST0590,2023-10-04,199000,Bandung,Jawa Barat,11162,OVO,delivered,No Promo,0.0,SiCepat,2023,October,10,2023-10,0,0,1,0
ORD001430,CUST0001,2024-06-30,626000,Semarang,Jawa Tengah,16404,Transfer Bank,shipped,No Promo,0.0,JNE,2024,June,6,2024-06,0,0,0,0
ORD001431,CUST0347,2024-03-19,1247000,Depok,Jawa Barat,12552,OVO,delivered,No Promo,0.0,SiCepat,2024,March,3,2024-03,0,0,1,0
ORD001432,CUST0045,2023-01-16,1036000,Bandung,Jawa Barat,13091,Transfer Bank,delivered,No Promo,0.0,JNE,2023,January,1,2023-01,0,0,1,0
ORD001433,CUST0317,2024-05-07,465000,Balikpapan,Kalimantan Timur,37170,Transfer Bank,shipped,No Promo,0.0,SiCepat,2024,May,5,2024-05,0,0,0,0
ORD001434,CUST0725,2023-05-27,329000,Makassar,Sulawesi Selatan,35325,Transfer Bank,delivered,No Promo,0.0,J&T,2023,May,5,2023-05,0,0,1,0
ORD001435,CUST0742,2023-02-09,102077,Bandung,Jawa Barat,14144,GoPay,delivered,NEWUSER,26923.0,JNE,2023,February,2,2023-02,0,0,1,1
ORD001436,CUST0703,2024-02-21,383132,Semarang,Jawa Tengah,13678,OVO,delivered,RAMADAN23,23868.0,J&T,2024,February,2,2024-02,0,0,1,1
ORD001437,CUST0142,2024-01-10,796000,Pontianak,Kalimantan Barat,36379,Transfer Bank,processing,No Promo,0.0,J&T,2024,January,1,2024-01,0,0,0,0
ORD001438,CUST0666,2024-07-01,406000,Jakarta,Dki Jakarta,9710,GoPay,processing,No Promo,0.0,J&T,2024,July,7,2024-07,0,0,0,0
ORD001439,CUST0461,2024-07-30,206224,Bekasi,Jawa Barat,12881,OVO,delivered,HARBOLNAS22,42776.0,Anteraja,2024,July,7,2024-07,0,0,1,1
ORD001440,CUST0688,2024-06-28,4318,Malang,Jawa Timur,18801,GoPay,delivered,HARI BELANJA,44682.0,J&T,2024,June,6,2024-06,0,0,1,1
ORD001441,CUST0138,2024-09-16,350012,Padang,Sumatera Barat,29907,Transfer Bank,delivered,SALE2024,48988.0,JNE,2024,September,9,2024-09,0,0,1,1
ORD001442,CUST0550,2023-11-08,309895,Depok,Jawa Barat,12537,Kartu Kredit,delivered,HARBOLNAS22,26105.0,JNE,2023,November,11,2023-11,0,0,1,1
ORD001443,CUST0167,2024-02-09,492688,Medan,Sumatera Utara,28178,Transfer Bank,shipped,RAMADAN23,43312.0,Pos Indonesia,2024,February,2,2024-02,0,0,0,1
ORD001444,CUST0270,2024-07-12,549000,Semarang,Jawa Tengah,16356,GoPay,delivered,No Promo,0.0,J&T,2024,July,7,2024-07,0,0,1,0
ORD001445,CUST0107,2023-05-07,1135000,Depok,Jawa Barat,12747,QRIS,delivered,No Promo,0.0,SiCepat,2023,May,5,2023-05,0,0,1,0
ORD001446,CUST0205,2024-08-23,597000,Palembang,Sumatera Selatan,27376,GoPay,delivered,No Promo,0.0,J&T,2024,August,8,2024-08,0,0,1,0
ORD001447,CUST0364,2024-12-18,138000,Padang,Sumatera Barat,28101,Transfer Bank,shipped,No Promo,0.0,Anteraja,2024,December,12,2024-12,0,0,0,0
ORD001448,CUST0615,2024-10-04,79000,Semarang,Jawa Tengah,15540,Transfer Bank,cancelled,No Promo,0.0,Anteraja,2024,October,10,2024-10,1,0,0,0
ORD001449,CUST0607,2023-11-30,59000,Bogor,Jawa Barat,11125,GoPay,cancelled,No Promo,0.0,SiCepat,2023,November,11,2023-11,1,0,0,0
ORD001450,CUST0745,2024-01-03,577000,Jakarta,Dki Jakarta,8537,OVO,cancelled,No Promo,0.0,SiCepat,2024,January,1,2024-01,1,0,0,0
ORD001451,CUST0010,2023-11-15,299000,Manado,Sulawesi Utara,34107,Transfer Bank,cancelled,No Promo,0.0,J&T,2023,November,11,2023-11,1,0,0,0
ORD001452,CUST0749,2024-03-27,199000,Tangerang,Banten,11217,GoPay,delivered,No Promo,0.0,JNE,2024,March,3,2024-03,0,0,1,0
ORD001453,CUST0242,2024-11-12,315484,Bekasi,Jawa Barat,10275,Transfer Bank,shipped,NEWUSER,13516.0,J&T,2024,November,11,2024-11,0,0,0,1
ORD001454,CUST0659,2023-06-28,158000,Palembang,Sumatera Selatan,30635,Kartu Kredit,delivered,No Promo,0.0,JNE,2023,June,6,2023-06,0,0,1,0
ORD001455,CUST0195,2024-06-02,377000,Bekasi,Jawa Barat,12023,Transfer Bank,returned,No Promo,0.0,SiCepat,2024,June,6,2024-06,0,1,0,0
ORD001456,CUST0579,2024-08-01,93560,Palembang,Sumatera Selatan,26420,Transfer Bank,cancelled,SALE2024,25440.0,JNE,2024,August,8,2024-08,1,0,0,1
ORD001457,CUST0694,2023-12-08,119000,Makassar,Sulawesi Selatan,42394,Kartu Kredit,delivered,No Promo,0.0,SiCepat,2023,December,12,2023-12,0,0,1,0
ORD001458,CUST0067,2023-08-12,72070,Jakarta,Dki Jakarta,8922,GoPay,delivered,WEEKEND25,16930.0,Anteraja,2023,August,8,2023-08,0,0,1,1
ORD001459,CUST0348,2024-04-19,458000,Bandung,Jawa Barat,14727,OVO,delivered,No Promo,0.0,JNE,2024,April,4,2024-04,0,0,1,0
ORD001460,CUST0355,2022-11-04,229000,Medan,Sumatera Utara,29172,Kartu Kredit,delivered,No Promo,0.0,JNE,2022,November,11,2022-11,0,0,1,0
ORD001461,CUST0553,2025-02-17,707000,Malang,Jawa Timur,16359,Kartu Kredit,delivered,No Promo,0.0,JNE,2025,February,2,2025-02,0,0,1,0
ORD001462,CUST0115,2024-02-05,98000,Tangerang,Banten,13910,Transfer Bank,shipped,No Promo,0.0,J&T,2024,February,2,2024-02,0,0,0,0
ORD001463,CUST0087,2024-02-14,348000,Yogyakarta,Di Yogyakarta,14452,Transfer Bank,cancelled,No Promo,0.0,J&T,2024,February,2,2024-02,1,0,0,0
ORD001464,CUST0195,2023-04-13,158000,Bekasi,Jawa Barat,11056,Transfer Bank,delivered,No Promo,0.0,SiCepat,2023,April,4,2023-04,0,0,1,0
ORD001465,CUST0725,2022-01-15,278000,Makassar,Sulawesi Selatan,32705,QRIS,returned,No Promo,0.0,J&T,2022,January,1,2022-01,0,1,0,0
ORD001466,CUST0457,2025-02-22,549000,Malang,Jawa Timur,14461,OVO,delivered,No Promo,0.0,J&T,2025,February,2,2025-02,0,0,1,0
ORD001467,CUST0062,2024-04-21,877000,Bekasi,Jawa Barat,13214,OVO,delivered,No Promo,0.0,Pos Indonesia,2024,April,4,2024-04,0,0,1,0
ORD001468,CUST0317,2025-01-08,119000,Balikpapan,Kalimantan Timur,43163,GoPay,delivered,No Promo,0.0,JNE,2025,January,1,2025-01,0,0,1,0
ORD001469,CUST0779,2024-09-10,135271,Bandung,Jawa Barat,12737,Transfer Bank,delivered,RAMADAN23,43729.0,JNE,2024,September,9,2024-09,0,0,1,1
ORD001470,CUST0376,2022-12-27,349000,Depok,Jawa Barat,13660,OVO,delivered,No Promo,0.0,SiCepat,2022,December,12,2022-12,0,0,1,0
ORD001471,CUST0013,2022-11-30,59000,Makassar,Sulawesi Selatan,33746,OVO,delivered,No Promo,0.0,J&T,2022,November,11,2022-11,0,0,1,0
ORD001472,CUST0653,2022-01-19,772937,Denpasar,Bali,22095,GoPay,shipped,SALE2024,25063.0,J&T,2022,January,1,2022-01,0,0,0,1
ORD001473,CUST0497,2023-01-09,598000,Makassar,Sulawesi Selatan,32358,QRIS,delivered,No Promo,0.0,JNE,2023,January,1,2023-01,0,0,1,0
ORD001474,CUST0184,2024-03-04,1127000,Medan,Sumatera Utara,37765,Transfer Bank,shipped,No Promo,0.0,JNE,2024,March,3,2024-03,0,0,0,0
ORD001475,CUST0684,2025-02-19,297000,Pontianak,Kalimantan Barat,30180,OVO,delivered,No Promo,0.0,SiCepat,2025,February,2,2025-02,0,0,1,0
ORD001476,CUST0218,2024-11-10,1007000,Jakarta,Dki Jakarta,9650,GoPay,shipped,No Promo,0.0,JNE,2024,November,11,2024-11,0,0,0,0
ORD001477,CUST0705,2024-07-30,1427000,Semarang,Jawa Tengah,12039,OVO,delivered,No Promo,0.0,J&T,2024,July,7,2024-07,0,0,1,0
ORD001478,CUST0017,2024-06-19,526544,Surabaya,Jawa Timur,17187,GoPay,delivered,SALE2024,31456.0,SiCepat,2024,June,6,2024-06,0,0,1,1
ORD001479,CUST0459,2024-03-16,643389,Bekasi,Jawa Barat,11491,OVO,cancelled,SALE2024,22611.0,Anteraja,2024,March,3,2024-03,1,0,0,1
ORD001480,CUST0800,2024-04-09,679925,Padang,Sumatera Barat,31052,GoPay,delivered,WEEKEND25,44075.0,J&T,2024,April,4,2024-04,0,0,1,1
ORD001481,CUST0713,2024-08-31,1027000,Yogyakarta,Di Yogyakarta,15226,QRIS,shipped,No Promo,0.0,Pos Indonesia,2024,August,8,2024-08,0,0,0,0
ORD001482,CUST0089,2023-05-09,1097000,Padang,Sumatera Barat,33198,QRIS,delivered,No Promo,0.0,SiCepat,2023,May,5,2023-05,0,0,1,0
ORD001483,CUST0600,2022-03-21,562969,Semarang,Jawa Tengah,16046,QRIS,shipped,HARBOLNAS22,15031.0,SiCepat,2022,March,3,2022-03,0,0,0,1
ORD001484,CUST0395,2023-09-25,424789,Makassar,Sulawesi Selatan,30509,Transfer Bank,delivered,WEEKEND25,24211.0,J&T,2023,September,9,2023-09,0,0,1,1
ORD001485,CUST0696,2022-01-19,777391,Medan,Sumatera Utara,26303,Transfer Bank,delivered,FLASHSALE,49609.0,JNE,2022,January,1,2022-01,0,0,1,1
ORD001486,CUST0019,2024-04-04,748000,Malang,Jawa Timur,17739,GoPay,delivered,No Promo,0.0,Anteraja,2024,April,4,2024-04,0,0,1,0
ORD001487,CUST0655,2025-01-31,498000,Bogor,Jawa Barat,12807,Kartu Kredit,cancelled,No Promo,0.0,SiCepat,2025,January,1,2025-01,1,0,0,0
ORD001488,CUST0264,2025-02-04,1376000,Banjarmasin,Kalimantan Selatan,29191,GoPay,shipped,No Promo,0.0,J&T,2025,February,2,2025-02,0,0,0,0
ORD001489,CUST0566,2023-03-16,119000,Malang,Jawa Timur,21924,Transfer Bank,delivered,No Promo,0.0,JNE,2023,March,3,2023-03,0,0,1,0
ORD001490,CUST0533,2022-09-30,777000,Yogyakarta,Di Yogyakarta,15318,OVO,delivered,No Promo,0.0,JNE,2022,September,9,2022-09,0,0,1,0
ORD001491,CUST0728,2023-05-23,232216,Malang,Jawa Timur,15912,Transfer Bank,shipped,SALE2024,15784.0,J&T,2023,May,5,2023-05,0,0,0,1
ORD001492,CUST0226,2022-07-15,112728,Surabaya,Jawa Timur,17943,Transfer Bank,delivered,RAMADAN23,36272.0,Anteraja,2022,July,7,2022-07,0,0,1,1
ORD001493,CUST0457,2024-02-26,268000,Malang,Jawa Timur,21561,GoPay,processing,No Promo,0.0,J&T,2024,February,2,2024-02,0,0,0,0
ORD001494,CUST0263,2024-07-15,69000,Palembang,Sumatera Selatan,22257,Transfer Bank,delivered,No Promo,0.0,J&T,2024,July,7,2024-07,0,0,1,0
ORD001495,CUST0290,2025-01-12,578000,Palembang,Sumatera Selatan,23271,OVO,delivered,No Promo,0.0,JNE,2025,January,1,2025-01,0,0,1,0
ORD001496,CUST0514,2023-09-10,2357,Pontianak,Kalimantan Barat,36018,GoPay,delivered,HARBOLNAS22,46643.0,J&T,2023,September,9,2023-09,0,0,1,1
ORD001497,CUST0671,2024-01-21,208000,Malang,Jawa Timur,16233,OVO,processing,No Promo,0.0,J&T,2024,January,1,2024-01,0,0,0,0
ORD001498,CUST0168,2023-08-21,1326669,Banjarmasin,Kalimantan Selatan,35253,Transfer Bank,shipped,RAMADAN23,20331.0,J&T,2023,August,8,2023-08,0,0,0,1
ORD001499,CUST0065,2024-05-01,598000,Pekanbaru,Riau,25202,Kartu Kredit,delivered,No Promo,0.0,JNE,2024,May,5,2024-05,0,0,1,0
ORD001500,CUST0066,2022-08-21,140169,Malang,Jawa Timur,16237,Kartu Kredit,delivered,FLASHSALE,38831.0,JNE,2022,August,8,2022-08,0,0,1,1
ORD001501,CUST0581,2023-09-18,552413,Jakarta,Dki Jakarta,8799,OVO,delivered,MEMBER10,45587.0,Anteraja,2023,September,9,2023-09,0,0,1,1
ORD001502,CUST0702,2022-04-18,508000,Banjarmasin,Kalimantan Selatan,29973,OVO,cancelled,No Promo,0.0,JNE,2022,April,4,2022-04,1,0,0,0
ORD001503,CUST0476,2023-02-19,998000,Makassar,Sulawesi Selatan,34390,OVO,shipped,No Promo,0.0,JNE,2023,February,2,2023-02,0,0,0,0
ORD001504,CUST0314,2023-08-28,798137,Surabaya,Jawa Timur,13056,Kartu Kredit,shipped,SALE2024,38863.0,J&T,2023,August,8,2023-08,0,0,0,1
ORD001505,CUST0472,2024-06-28,268000,Manado,Sulawesi Utara,34437,Transfer Bank,cancelled,No Promo,0.0,SiCepat,2024,June,6,2024-06,1,0,0,0
ORD001506,CUST0242,2023-09-16,69000,Bekasi,Jawa Barat,12756,QRIS,shipped,No Promo,0.0,Anteraja,2023,September,9,2023-09,0,0,0,0
ORD001507,CUST0643,2022-12-29,101531,Surabaya,Jawa Timur,17016,Transfer Bank,delivered,MEMBER10,27469.0,SiCepat,2022,December,12,2022-12,0,0,1,1
ORD001508,CUST0139,2024-04-19,89000,Bekasi,Jawa Barat,11614,OVO,delivered,No Promo,0.0,SiCepat,2024,April,4,2024-04,0,0,1,0
ORD001509,CUST0567,2023-08-13,178000,Pekanbaru,Riau,24548,GoPay,delivered,No Promo,0.0,Pos Indonesia,2023,August,8,2023-08,0,0,1,0
ORD001510,CUST0400,2024-01-28,202261,Manado,Sulawesi Utara,38948,Transfer Bank,delivered,NEWUSER,26739.0,JNE,2024,January,1,2024-01,0,0,1,1
ORD001511,CUST0706,2025-01-28,249000,Malang,Jawa Timur,17286,Transfer Bank,cancelled,No Promo,0.0,J&T,2025,January,1,2025-01,1,0,0,0
ORD001512,CUST0291,2023-06-12,1057383,Denpasar,Bali,21920,OVO,cancelled,RAMADAN23,40617.0,Anteraja,2023,June,6,2023-06,1,0,0,1
ORD001513,CUST0348,2023-10-09,578000,Bandung,Jawa Barat,14650,GoPay,shipped,No Promo,0.0,JNE,2023,October,10,2023-10,0,0,0,0
ORD001514,CUST0308,2023-09-04,13612,Bandung,Jawa Barat,11322,OVO,delivered,MEMBER10,35388.0,Anteraja,2023,September,9,2023-09,0,0,1,1
ORD001515,CUST0296,2023-10-29,224399,Manado,Sulawesi Utara,39244,Transfer Bank,delivered,RAMADAN23,33601.0,JNE,2023,October,10,2023-10,0,0,1,1
ORD001516,CUST0246,2024-01-15,828000,Depok,Jawa Barat,9976,Transfer Bank,returned,No Promo,0.0,SiCepat,2024,January,1,2024-01,0,1,0,0
ORD001517,CUST0241,2022-08-27,716000,Yogyakarta,Di Yogyakarta,15130,GoPay,delivered,No Promo,0.0,JNE,2022,August,8,2022-08,0,0,1,0
ORD001518,CUST0245,2024-09-21,392253,Bogor,Jawa Barat,13145,QRIS,delivered,HARBOLNAS22,34747.0,SiCepat,2024,September,9,2024-09,0,0,1,1
ORD001519,CUST0610,2024-04-24,531920,Depok,Jawa Barat,11535,OVO,cancelled,WEEKEND25,15080.0,JNE,2024,April,4,2024-04,1,0,0,1
ORD001520,CUST0792,2023-02-12,725729,Palembang,Sumatera Selatan,23677,Transfer Bank,delivered,HARBOLNAS22,22271.0,JNE,2023,February,2,2023-02,0,0,1,1
ORD001521,CUST0493,2023-10-18,379759,Padang,Sumatera Barat,32379,QRIS,shipped,MEMBER10,19241.0,JNE,2023,October,10,2023-10,0,0,0,1
ORD001522,CUST0381,2022-08-20,129000,Malang,Jawa Timur,17118,OVO,processing,No Promo,0.0,SiCepat,2022,August,8,2022-08,0,0,0,0
ORD001523,CUST0663,2022-02-09,199000,Makassar,Sulawesi Selatan,34217,GoPay,shipped,No Promo,0.0,JNE,2022,February,2,2022-02,0,0,0,0
ORD001524,CUST0434,2022-06-19,736000,Pekanbaru,Riau,30500,OVO,processing,No Promo,0.0,SiCepat,2022,June,6,2022-06,0,0,0,0
ORD001525,CUST0219,2024-08-23,229000,Palembang,Sumatera Selatan,30254,Transfer Bank,delivered,No Promo,0.0,J&T,2024,August,8,2024-08,0,0,1,0
ORD001526,CUST0657,2024-04-13,249000,Padang,Sumatera Barat,24259,GoPay,shipped,No Promo,0.0,JNE,2024,April,4,2024-04,0,0,0,0
ORD001527,CUST0549,2022-01-25,907000,Bekasi,Jawa Barat,10883,OVO,returned,No Promo,0.0,J&T,2022,January,1,2022-01,0,1,0,0
ORD001528,CUST0634,2024-07-14,1178512,Pekanbaru,Riau,32115,GoPay,delivered,MEMBER10,18488.0,SiCepat,2024,July,7,2024-07,0,0,1,1
ORD001529,CUST0399,2023-03-13,746921,Banjarmasin,Kalimantan Selatan,38738,Transfer Bank,delivered,NEWUSER,31079.0,JNE,2023,March,3,2023-03,0,0,1,1
ORD001530,CUST0416,2023-06-06,79000,Palembang,Sumatera Selatan,29710,Kartu Kredit,processing,No Promo,0.0,Anteraja,2023,June,6,2023-06,0,0,0,0
ORD001531,CUST0699,2025-02-15,640521,Pekanbaru,Riau,26128,OVO,shipped,MEMBER10,37479.0,SiCepat,2025,February,2,2025-02,0,0,0,1
ORD001532,CUST0469,2024-11-02,1026000,Surabaya,Jawa Timur,16028,Kartu Kredit,processing,No Promo,0.0,Anteraja,2024,November,11,2024-11,0,0,0,0
ORD001533,CUST0215,2024-07-16,360318,Banjarmasin,Kalimantan Selatan,37581,QRIS,delivered,HARBOLNAS22,38682.0,JNE,2024,July,7,2024-07,0,0,1,1
ORD001534,CUST0001,2022-05-25,34466,Semarang,Jawa Tengah,16672,OVO,cancelled,FLASHSALE,14534.0,JNE,2022,May,5,2022-05,1,0,0,1
ORD001535,CUST0725,2025-02-13,455504,Makassar,Sulawesi Selatan,35467,Transfer Bank,delivered,HARBOLNAS22,43496.0,JNE,2025,February,2,2025-02,0,0,1,1
ORD001536,CUST0363,2022-07-26,263940,Surabaya,Jawa Timur,14158,Kartu Kredit,delivered,SALE2024,35060.0,J&T,2022,July,7,2022-07,0,0,1,1
ORD001537,CUST0358,2025-01-22,558000,Bekasi,Jawa Barat,13158,Transfer Bank,delivered,No Promo,0.0,Pos Indonesia,2025,January,1,2025-01,0,0,1,0
ORD001538,CUST0050,2025-01-27,115447,Padang,Sumatera Barat,35098,Transfer Bank,delivered,WEEKEND25,13553.0,J&T,2025,January,1,2025-01,0,0,1,1
ORD001539,CUST0681,2023-01-21,191770,Surabaya,Jawa Timur,13631,Transfer Bank,delivered,NEWUSER,37230.0,J&T,2023,January,1,2023-01,0,0,1,1
ORD001540,CUST0498,2024-12-30,167320,Depok,Jawa Barat,12749,Kartu Kredit,delivered,MEMBER10,31680.0,Anteraja,2024,December,12,2024-12,0,0,1,1
ORD001541,CUST0633,2024-04-09,275610,Banjarmasin,Kalimantan Selatan,29815,OVO,processing,WEEKEND25,23390.0,SiCepat,2024,April,4,2024-04,0,0,0,1
ORD001542,CUST0588,2023-04-08,149000,Balikpapan,Kalimantan Timur,40129,OVO,delivered,No Promo,0.0,SiCepat,2023,April,4,2023-04,0,0,1,0
ORD001543,CUST0072,2023-11-17,179000,Medan,Sumatera Utara,37234,Kartu Kredit,delivered,No Promo,0.0,JNE,2023,November,11,2023-11,0,0,1,0
ORD001544,CUST0015,2023-05-23,307000,Medan,Sumatera Utara,35358,QRIS,shipped,No Promo,0.0,JNE,2023,May,5,2023-05,0,0,0,0
ORD001545,CUST0431,2025-01-24,7675,Makassar,Sulawesi Selatan,37424,OVO,processing,FLASHSALE,41325.0,J&T,2025,January,1,2025-01,0,0,0,1
ORD001546,CUST0173,2023-11-02,229000,Pekanbaru,Riau,27918,GoPay,delivered,No Promo,0.0,J&T,2023,November,11,2023-11,0,0,1,0
ORD001547,CUST0544,2025-01-19,149000,Manado,Sulawesi Utara,43769,OVO,returned,No Promo,0.0,SiCepat,2025,January,1,2025-01,0,1,0,0
ORD001548,CUST0640,2024-12-23,179000,Denpasar,Bali,24526,GoPay,processing,No Promo,0.0,SiCepat,2024,December,12,2024-12,0,0,0,0
ORD001549,CUST0148,2023-10-01,784094,Surabaya,Jawa Timur,12594,QRIS,delivered,RAMADAN23,42906.0,Anteraja,2023,October,10,2023-10,0,0,1,1
ORD001550,CUST0603,2023-08-20,149000,Padang,Sumatera Barat,36525,Transfer Bank,cancelled,No Promo,0.0,J&T,2023,August,8,2023-08,1,0,0,0
ORD001551,CUST0772,2023-08-05,288000,Bogor,Jawa Barat,12815,QRIS,shipped,No Promo,0.0,Anteraja,2023,August,8,2023-08,0,0,0,0
ORD001552,CUST0034,2024-08-08,179000,Palembang,Sumatera Selatan,28936,Transfer Bank,delivered,No Promo,0.0,J&T,2024,August,8,2024-08,0,0,1,0
ORD001553,CUST0633,2022-11-24,449000,Balikpapan,Kalimantan Timur,44503,Transfer Bank,delivered,No Promo,0.0,SiCepat,2022,November,11,2022-11,0,0,1,0
ORD001554,CUST0729,2025-01-28,987000,Malang,Jawa Timur,18600,Kartu Kredit,delivered,No Promo,0.0,Anteraja,2025,January,1,2025-01,0,0,1,0
ORD001555,CUST0434,2025-02-17,161830,Bandung,Jawa Barat,12846,GoPay,delivered,WEEKEND25,37170.0,SiCepat,2025,February,2,2025-02,0,0,1,1
ORD001556,CUST0574,2025-02-02,687000,Padang,Sumatera Barat,30890,QRIS,delivered,No Promo,0.0,JNE,2025,February,2,2025-02,0,0,1,0
ORD001557,CUST0120,2024-02-08,788843,Pontianak,Kalimantan Barat,33475,GoPay,delivered,SALE2024,38157.0,JNE,2024,February,2,2024-02,0,0,1,1
ORD001558,CUST0582,2023-12-29,707000,Medan,Sumatera Utara,38754,Kartu Kredit,cancelled,No Promo,0.0,J&T,2023,December,12,2023-12,1,0,0,0
ORD001559,CUST0419,2024-02-19,199000,Medan,Sumatera Utara,28677,Transfer Bank,delivered,No Promo,0.0,SiCepat,2024,February,2,2024-02,0,0,1,0
ORD001560,CUST0188,2023-06-27,299000,Padang,Sumatera Barat,25287,GoPay,delivered,No Promo,0.0,JNE,2023,June,6,2023-06,0,0,1,0
ORD001561,CUST0736,2024-02-16,1236000,Pekanbaru,Riau,23768,Kartu Kredit,delivered,No Promo,0.0,SiCepat,2024,February,2,2024-02,0,0,1,0
ORD001562,CUST0005,2023-03-06,83748,Bekasi,Jawa Barat,12385,Transfer Bank,delivered,MEMBER10,14252.0,JNE,2023,March,3,2023-03,0,0,1,1
ORD001563,CUST0002,2024-01-27,349000,Surabaya,Jawa Timur,13778,Kartu Kredit,delivered,No Promo,0.0,JNE,2024,January,1,2024-01,0,0,1,0
ORD001564,CUST0727,2023-12-13,1557868,Semarang,Jawa Tengah,14661,Transfer Bank,shipped,HARBOLNAS22,38132.0,SiCepat,2023,December,12,2023-12,0,0,0,1
ORD001565,CUST0689,2024-10-11,156068,Medan,Sumatera Utara,31767,QRIS,shipped,SALE2024,42932.0,J&T,2024,October,10,2024-10,0,0,0,1
ORD001566,CUST0781,2022-08-26,119000,Yogyakarta,Di Yogyakarta,19631,QRIS,shipped,No Promo,0.0,J&T,2022,August,8,2022-08,0,0,0,0
ORD001567,CUST0312,2023-09-03,119000,Tangerang,Banten,10297,GoPay,processing,No Promo,0.0,J&T,2023,September,9,2023-09,0,0,0,0
ORD001568,CUST0504,2024-12-06,249000,Pontianak,Kalimantan Barat,37850,Transfer Bank,returned,No Promo,0.0,SiCepat,2024,December,12,2024-12,0,1,0,0
ORD001569,CUST0683,2024-11-07,606000,Semarang,Jawa Tengah,14055,OVO,delivered,No Promo,0.0,SiCepat,2024,November,11,2024-11,0,0,1,0
ORD001570,CUST0750,2023-06-13,526000,Bogor,Jawa Barat,14550,Transfer Bank,processing,No Promo,0.0,JNE,2023,June,6,2023-06,0,0,0,0
ORD001571,CUST0074,2024-03-26,260052,Medan,Sumatera Utara,33279,Transfer Bank,delivered,HARI BELANJA,38948.0,JNE,2024,March,3,2024-03,0,0,1,1
ORD001572,CUST0509,2023-10-03,1206378,Manado,Sulawesi Utara,43892,Transfer Bank,cancelled,FLASHSALE,27622.0,J&T,2023,October,10,2023-10,1,0,0,1
ORD001573,CUST0726,2025-01-29,192178,Makassar,Sulawesi Selatan,39219,GoPay,cancelled,HARI BELANJA,36822.0,J&T,2025,January,1,2025-01,1,0,0,1
ORD001574,CUST0405,2022-04-30,1027000,Denpasar,Bali,27158,GoPay,delivered,No Promo,0.0,SiCepat,2022,April,4,2022-04,0,0,1,0
ORD001575,CUST0528,2023-04-19,1098000,Bandung,Jawa Barat,12986,QRIS,processing,No Promo,0.0,SiCepat,2023,April,4,2023-04,0,0,0,0
ORD001576,CUST0292,2022-11-15,230100,Tangerang,Banten,12136,Transfer Bank,processing,HARI BELANJA,18900.0,SiCepat,2022,November,11,2022-11,0,0,0,1
ORD001577,CUST0001,2024-01-29,497000,Palembang,Sumatera Selatan,32385,OVO,delivered,No Promo,0.0,J&T,2024,January,1,2024-01,0,0,1,0
ORD001578,CUST0454,2023-01-07,627000,Makassar,Sulawesi Selatan,33662,Transfer Bank,delivered,No Promo,0.0,JNE,2023,January,1,2023-01,0,0,1,0
ORD001579,CUST0356,2023-06-16,152534,Semarang,Jawa Tengah,16824,GoPay,delivered,WEEKEND25,26466.0,J&T,2023,June,6,2023-06,0,0,1,1
ORD001580,CUST0744,2024-10-31,537000,Jakarta,Dki Jakarta,9399,Transfer Bank,delivered,No Promo,0.0,J&T,2024,October,10,2024-10,0,0,1,0
ORD001581,CUST0547,2022-03-11,510068,Semarang,Jawa Tengah,12774,Transfer Bank,delivered,HARBOLNAS22,46932.0,JNE,2022,March,3,2022-03,0,0,1,1
ORD001582,CUST0336,2024-05-01,1217000,Malang,Jawa Timur,17162,Transfer Bank,delivered,No Promo,0.0,SiCepat,2024,May,5,2024-05,0,0,1,0
ORD001583,CUST0036,2023-09-17,179000,Denpasar,Bali,26430,GoPay,processing,No Promo,0.0,JNE,2023,September,9,2023-09,0,0,0,0
ORD001584,CUST0772,2024-10-21,209599,Balikpapan,Kalimantan Timur,39902,Transfer Bank,delivered,NEWUSER,19401.0,J&T,2024,October,10,2024-10,0,0,1,1
ORD001585,CUST0112,2023-01-12,399000,Pontianak,Kalimantan Barat,38818,GoPay,delivered,No Promo,0.0,SiCepat,2023,January,1,2023-01,0,0,1,0
ORD001586,CUST0597,2024-04-25,657000,Bogor,Jawa Barat,12459,Kartu Kredit,delivered,No Promo,0.0,JNE,2024,April,4,2024-04,0,0,1,0
ORD001587,CUST0640,2024-10-02,158000,Denpasar,Bali,23739,Kartu Kredit,delivered,No Promo,0.0,J&T,2024,October,10,2024-10,0,0,1,0
ORD001588,CUST0397,2024-12-17,588000,Balikpapan,Kalimantan Timur,35245,Kartu Kredit,processing,No Promo,0.0,Anteraja,2024,December,12,2024-12,0,0,0,0
ORD001589,CUST0482,2024-09-15,129000,Bandung,Jawa Barat,11592,Transfer Bank,delivered,No Promo,0.0,JNE,2024,September,9,2024-09,0,0,1,0
ORD001590,CUST0701,2024-12-01,798000,Pontianak,Kalimantan Barat,40322,GoPay,delivered,No Promo,0.0,Anteraja,2024,December,12,2024-12,0,0,1,0
ORD001591,CUST0565,2023-04-08,129000,Medan,Sumatera Utara,26272,Kartu Kredit,delivered,No Promo,0.0,JNE,2023,April,4,2023-04,0,0,1,0
ORD001592,CUST0074,2024-12-26,329000,Balikpapan,Kalimantan Timur,39054,OVO,processing,No Promo,0.0,Anteraja,2024,December,12,2024-12,0,0,0,0
ORD001593,CUST0455,2023-08-09,897000,Pekanbaru,Riau,30249,OVO,cancelled,No Promo,0.0,JNE,2023,August,8,2023-08,1,0,0,0
ORD001594,CUST0659,2023-10-16,329000,Palembang,Sumatera Selatan,24866,GoPay,delivered,No Promo,0.0,Anteraja,2023,October,10,2023-10,0,0,1,0
ORD001595,CUST0489,2025-02-04,325823,Depok,Jawa Barat,11532,GoPay,delivered,SALE2024,31177.0,SiCepat,2025,February,2,2025-02,0,0,1,1
ORD001596,CUST0143,2024-11-27,56784,Manado,Sulawesi Utara,32795,OVO,processing,WEEKEND25,41216.0,J&T,2024,November,11,2024-11,0,0,0,1
ORD001597,CUST0256,2024-09-28,1435000,Surabaya,Jawa Timur,14619,GoPay,delivered,No Promo,0.0,J&T,2024,September,9,2024-09,0,0,1,0
ORD001598,CUST0558,2023-12-07,426000,Manado,Sulawesi Utara,35659,Transfer Bank,delivered,No Promo,0.0,JNE,2023,December,12,2023-12,0,0,1,0
ORD001599,CUST0307,2024-06-13,599000,Pontianak,Kalimantan Barat,31949,Kartu Kredit,processing,No Promo,0.0,J&T,2024,June,6,2024-06,0,0,0,0
ORD001600,CUST0463,2022-02-11,329000,Bekasi,Jawa Barat,12854,Kartu Kredit,cancelled,No Promo,0.0,SiCepat,2022,February,2,2022-02,1,0,0,0
ORD001601,CUST0208,2024-05-22,548000,Manado,Sulawesi Utara,34381,GoPay,delivered,No Promo,0.0,SiCepat,2024,May,5,2024-05,0,0,1,0
ORD001602,CUST0387,2024-08-31,915000,Depok,Jawa Barat,12943,GoPay,processing,No Promo,0.0,Pos Indonesia,2024,August,8,2024-08,0,0,0,0
ORD001603,CUST0776,2023-12-06,511391,Bekasi,Jawa Barat,9786,OVO,cancelled,SALE2024,24609.0,Anteraja,2023,December,12,2023-12,1,0,0,1
ORD001604,CUST0143,2024-12-01,627141,Depok,Jawa Barat,10519,GoPay,shipped,SALE2024,30859.0,JNE,2024,December,12,2024-12,0,0,0,1
ORD001605,CUST0552,2024-04-03,229000,Padang,Sumatera Barat,24058,Transfer Bank,delivered,No Promo,0.0,J&T,2024,April,4,2024-04,0,0,1,0
ORD001606,CUST0196,2023-05-28,1196000,Semarang,Jawa Tengah,14526,QRIS,delivered,No Promo,0.0,SiCepat,2023,May,5,2023-05,0,0,1,0
ORD001607,CUST0143,2022-03-25,299467,Medan,Sumatera Utara,31007,Transfer Bank,delivered,NEWUSER,29533.0,Anteraja,2022,March,3,2022-03,0,0,1,1
ORD001608,CUST0449,2023-11-22,399000,Manado,Sulawesi Utara,40818,Transfer Bank,delivered,No Promo,0.0,JNE,2023,November,11,2023-11,0,0,1,0
ORD001609,CUST0667,2024-07-15,617000,Semarang,Jawa Tengah,15218,Transfer Bank,delivered,No Promo,0.0,JNE,2024,July,7,2024-07,0,0,1,0
ORD001610,CUST0527,2024-04-07,10616,Malang,Jawa Timur,17319,GoPay,delivered,RAMADAN23,38384.0,SiCepat,2024,April,4,2024-04,0,0,1,1
ORD001611,CUST0246,2023-11-23,353649,Depok,Jawa Barat,9283,Transfer Bank,delivered,SALE2024,44351.0,SiCepat,2023,November,11,2023-11,0,0,1,1
ORD001612,CUST0281,2023-06-10,431482,Pontianak,Kalimantan Barat,40290,Transfer Bank,shipped,HARBOLNAS22,43518.0,J&T,2023,June,6,2023-06,0,0,0,1
ORD001613,CUST0320,2024-02-02,981191,Bekasi,Jawa Barat,12396,OVO,shipped,HARBOLNAS22,16809.0,SiCepat,2024,February,2,2024-02,0,0,0,1
ORD001614,CUST0453,2023-11-11,420710,Malang,Jawa Timur,20793,OVO,delivered,HARBOLNAS22,37290.0,SiCepat,2023,November,11,2023-11,0,0,1,1
ORD001615,CUST0399,2024-09-18,1535000,Banjarmasin,Kalimantan Selatan,35710,Kartu Kredit,delivered,No Promo,0.0,SiCepat,2024,September,9,2024-09,0,0,1,0
ORD001616,CUST0793,2024-04-12,549000,Pekanbaru,Riau,26165,Kartu Kredit,delivered,No Promo,0.0,JNE,2024,April,4,2024-04,0,0,1,0
ORD001617,CUST0632,2024-01-06,173666,Banjarmasin,Kalimantan Selatan,38793,Transfer Bank,delivered,FLASHSALE,25334.0,Anteraja,2024,January,1,2024-01,0,0,1,1
ORD001618,CUST0228,2024-02-16,677000,Malang,Jawa Timur,16086,GoPay,processing,No Promo,0.0,J&T,2024,February,2,2024-02,0,0,0,0
ORD001619,CUST0170,2023-10-06,279000,Bekasi,Jawa Barat,10473,GoPay,shipped,No Promo,0.0,J&T,2023,October,10,2023-10,0,0,0,0
ORD001620,CUST0697,2023-02-28,119000,Bandung,Jawa Barat,13215,GoPay,delivered,No Promo,0.0,SiCepat,2023,February,2,2023-02,0,0,1,0
ORD001621,CUST0336,2024-08-24,25055,Jakarta,Dki Jakarta,10918,Transfer Bank,shipped,SALE2024,33945.0,SiCepat,2024,August,8,2024-08,0,0,0,1
ORD001622,CUST0047,2024-03-16,229000,Malang,Jawa Timur,17255,Kartu Kredit,processing,No Promo,0.0,JNE,2024,March,3,2024-03,0,0,0,0
ORD001623,CUST0696,2024-08-21,547000,Medan,Sumatera Utara,29208,Transfer Bank,delivered,No Promo,0.0,JNE,2024,August,8,2024-08,0,0,1,0
ORD001624,CUST0261,2024-05-18,105501,Banjarmasin,Kalimantan Selatan,32027,Kartu Kredit,delivered,MEMBER10,43499.0,JNE,2024,May,5,2024-05,0,0,1,1
ORD001625,CUST0508,2024-06-19,520065,Manado,Sulawesi Utara,37160,Transfer Bank,delivered,MEMBER10,28935.0,JNE,2024,June,6,2024-06,0,0,1,1
ORD001626,CUST0264,2023-12-08,707000,Banjarmasin,Kalimantan Selatan,39334,Transfer Bank,delivered,No Promo,0.0,Anteraja,2023,December,12,2023-12,0,0,1,0
ORD001627,CUST0705,2023-09-13,763196,Semarang,Jawa Tengah,15987,Kartu Kredit,delivered,WEEKEND25,13804.0,SiCepat,2023,September,9,2023-09,0,0,1,1
ORD001628,CUST0786,2023-08-09,288000,Bogor,Jawa Barat,10054,OVO,delivered,No Promo,0.0,JNE,2023,August,8,2023-08,0,0,1,0
ORD001629,CUST0547,2024-10-21,99000,Semarang,Jawa Tengah,14507,Transfer Bank,delivered,No Promo,0.0,J&T,2024,October,10,2024-10,0,0,1,0
ORD001630,CUST0337,2023-08-12,399000,Balikpapan,Kalimantan Timur,37054,GoPay,delivered,No Promo,0.0,J&T,2023,August,8,2023-08,0,0,1,0
ORD001631,CUST0536,2022-06-05,79000,Medan,Sumatera Utara,35609,OVO,delivered,No Promo,0.0,JNE,2022,June,6,2022-06,0,0,1,0
ORD001632,CUST0528,2023-10-08,1565000,Bandung,Jawa Barat,12931,Transfer Bank,delivered,No Promo,0.0,SiCepat,2023,October,10,2023-10,0,0,1,0
ORD001633,CUST0573,2024-04-10,75782,Bogor,Jawa Barat,10247,Transfer Bank,delivered,HARI BELANJA,23218.0,SiCepat,2024,April,4,2024-04,0,0,1,1
ORD001634,CUST0689,2024-08-28,1086000,Medan,Sumatera Utara,29513,Kartu Kredit,returned,No Promo,0.0,JNE,2024,August,8,2024-08,0,1,0,0
ORD001635,CUST0345,2024-08-08,1347000,Denpasar,Bali,21541,Kartu Kredit,delivered,No Promo,0.0,JNE,2024,August,8,2024-08,0,0,1,0
ORD001636,CUST0747,2024-01-17,1385000,Jakarta,Dki Jakarta,9201,Kartu Kredit,shipped,No Promo,0.0,J&T,2024,January,1,2024-01,0,0,0,0
ORD001637,CUST0702,2024-09-15,118000,Manado,Sulawesi Utara,33119,OVO,delivered,No Promo,0.0,Anteraja,2024,September,9,2024-09,0,0,1,0
ORD001638,CUST0316,2024-02-02,577527,Depok,Jawa Barat,11718,GoPay,delivered,HARI BELANJA,20473.0,SiCepat,2024,February,2,2024-02,0,0,1,1
ORD001639,CUST0563,2024-09-05,471502,Manado,Sulawesi Utara,33927,Transfer Bank,delivered,RAMADAN23,36498.0,J&T,2024,September,9,2024-09,0,0,1,1
ORD001640,CUST0027,2024-05-04,154943,Pontianak,Kalimantan Barat,33696,OVO,delivered,MEMBER10,24057.0,J&T,2024,May,5,2024-05,0,0,1,1
ORD001641,CUST0467,2024-04-04,598000,Jakarta,Dki Jakarta,9509,OVO,returned,No Promo,0.0,JNE,2024,April,4,2024-04,0,1,0,0
ORD001642,CUST0278,2024-01-01,178000,Balikpapan,Kalimantan Timur,42029,Transfer Bank,processing,No Promo,0.0,J&T,2024,January,1,2024-01,0,0,0,0
ORD001643,CUST0053,2024-05-25,118000,Malang,Jawa Timur,20297,QRIS,delivered,No Promo,0.0,J&T,2024,May,5,2024-05,0,0,1,0
ORD001644,CUST0768,2024-03-15,787000,Denpasar,Bali,24237,QRIS,shipped,No Promo,0.0,J&T,2024,March,3,2024-03,0,0,0,0
ORD001645,CUST0492,2024-07-14,1097000,Pekanbaru,Riau,27270,QRIS,delivered,No Promo,0.0,Anteraja,2024,July,7,2024-07,0,0,1,0
ORD001646,CUST0250,2025-02-03,595218,Bekasi,Jawa Barat,10536,QRIS,shipped,FLASHSALE,22782.0,JNE,2025,February,2,2025-02,0,0,0,1
ORD001647,CUST0732,2023-11-04,339076,Bekasi,Jawa Barat,10838,OVO,delivered,MEMBER10,17924.0,Pos Indonesia,2023,November,11,2023-11,0,0,1,1
ORD001648,CUST0206,2025-02-22,897000,Bogor,Jawa Barat,14048,GoPay,delivered,No Promo,0.0,SiCepat,2025,February,2,2025-02,0,0,1,0
ORD001649,CUST0590,2025-02-04,246000,Bandung,Jawa Barat,11744,OVO,delivered,No Promo,0.0,J&T,2025,February,2,2025-02,0,0,1,0
ORD001650,CUST0623,2025-02-07,658000,Manado,Sulawesi Utara,42306,Transfer Bank,cancelled,No Promo,0.0,J&T,2025,February,2,2025-02,1,0,0,0
ORD001651,CUST0148,2024-05-08,299000,Depok,Jawa Barat,10901,OVO,delivered,No Promo,0.0,J&T,2024,May,5,2024-05,0,0,1,0
ORD001652,CUST0290,2023-08-29,229000,Palembang,Sumatera Selatan,32704,Transfer Bank,delivered,No Promo,0.0,SiCepat,2023,August,8,2023-08,0,0,1,0
ORD001653,CUST0360,2022-03-13,349000,Palembang,Sumatera Selatan,26216,Transfer Bank,shipped,No Promo,0.0,Pos Indonesia,2022,March,3,2022-03,0,0,0,0
ORD001654,CUST0057,2024-12-14,69000,Semarang,Jawa Tengah,15567,GoPay,delivered,No Promo,0.0,SiCepat,2024,December,12,2024-12,0,0,1,0
ORD001655,CUST0668,2022-07-19,478000,Padang,Sumatera Barat,29487,Transfer Bank,delivered,No Promo,0.0,Pos Indonesia,2022,July,7,2022-07,0,0,1,0
ORD001656,CUST0070,2023-09-02,98000,Padang,Sumatera Barat,27675,Transfer Bank,delivered,No Promo,0.0,SiCepat,2023,September,9,2023-09,0,0,1,0
ORD001657,CUST0574,2023-06-11,785000,Makassar,Sulawesi Selatan,36697,Transfer Bank,delivered,No Promo,0.0,J&T,2023,June,6,2023-06,0,0,1,0
ORD001658,CUST0037,2024-09-16,628000,Denpasar,Bali,24739,Transfer Bank,processing,No Promo,0.0,J&T,2024,September,9,2024-09,0,0,0,0
ORD001659,CUST0326,2024-10-05,215196,Palembang,Sumatera Selatan,27138,GoPay,delivered,HARI BELANJA,33804.0,SiCepat,2024,October,10,2024-10,0,0,1,1
ORD001660,CUST0078,2024-04-16,59000,Denpasar,Bali,29633,GoPay,delivered,No Promo,0.0,Pos Indonesia,2024,April,4,2024-04,0,0,1,0
ORD001661,CUST0343,2024-01-22,199000,Balikpapan,Kalimantan Timur,38069,GoPay,delivered,No Promo,0.0,JNE,2024,January,1,2024-01,0,0,1,0
ORD001662,CUST0079,2023-12-26,728000,Bekasi,Jawa Barat,11033,Transfer Bank,delivered,No Promo,0.0,SiCepat,2023,December,12,2023-12,0,0,1,0
ORD001663,CUST0003,2022-09-23,499000,Tangerang,Banten,13774,OVO,delivered,No Promo,0.0,J&T,2022,September,9,2022-09,0,0,1,0
ORD001664,CUST0258,2023-05-18,59000,Yogyakarta,Di Yogyakarta,18307,OVO,shipped,No Promo,0.0,JNE,2023,May,5,2023-05,0,0,0,0
ORD001665,CUST0616,2023-12-01,724724,Banjarmasin,Kalimantan Selatan,28296,GoPay,delivered,HARBOLNAS22,32276.0,J&T,2023,December,12,2023-12,0,0,1,1
ORD001666,CUST0035,2024-12-04,299000,Bogor,Jawa Barat,10395,GoPay,returned,No Promo,0.0,SiCepat,2024,December,12,2024-12,0,1,0,0
ORD001667,CUST0606,2024-11-06,258809,Palembang,Sumatera Selatan,23122,Transfer Bank,shipped,MEMBER10,38191.0,J&T,2024,November,11,2024-11,0,0,0,1
ORD001668,CUST0459,2024-05-05,667000,Bekasi,Jawa Barat,10220,OVO,shipped,No Promo,0.0,J&T,2024,May,5,2024-05,0,0,0,0
ORD001669,CUST0274,2024-09-26,321980,Manado,Sulawesi Utara,43308,OVO,delivered,RAMADAN23,27020.0,SiCepat,2024,September,9,2024-09,0,0,1,1
ORD001670,CUST0763,2023-07-31,98000,Surabaya,Jawa Timur,16058,OVO,cancelled,No Promo,0.0,SiCepat,2023,July,7,2023-07,1,0,0,0
ORD001671,CUST0647,2022-01-10,588552,Pontianak,Kalimantan Barat,33658,Kartu Kredit,delivered,WEEKEND25,19448.0,Anteraja,2022,January,1,2022-01,0,0,1,1
ORD001672,CUST0742,2024-10-29,929743,Bandung,Jawa Barat,11066,Kartu Kredit,processing,NEWUSER,47257.0,JNE,2024,October,10,2024-10,0,0,0,1
ORD001673,CUST0373,2024-06-16,555048,Semarang,Jawa Tengah,16457,GoPay,delivered,HARBOLNAS22,43952.0,JNE,2024,June,6,2024-06,0,0,1,1
ORD001674,CUST0225,2023-11-27,548000,Makassar,Sulawesi Selatan,41064,OVO,delivered,No Promo,0.0,J&T,2023,November,11,2023-11,0,0,1,0
ORD001675,CUST0382,2023-04-06,218000,Bandung,Jawa Barat,14898,GoPay,delivered,No Promo,0.0,J&T,2023,April,4,2023-04,0,0,1,0
ORD001676,CUST0482,2023-05-04,312320,Bandung,Jawa Barat,14975,OVO,returned,SALE2024,43680.0,Pos Indonesia,2023,May,5,2023-05,0,1,0,1
ORD001677,CUST0019,2022-08-16,453005,Malang,Jawa Timur,21972,Transfer Bank,delivered,FLASHSALE,23995.0,JNE,2022,August,8,2022-08,0,0,1,1
ORD001678,CUST0285,2022-11-10,578000,Bekasi,Jawa Barat,9599,Transfer Bank,delivered,No Promo,0.0,Anteraja,2022,November,11,2022-11,0,0,1,0
ORD001679,CUST0480,2024-11-02,363623,Bogor,Jawa Barat,13984,QRIS,delivered,NEWUSER,43377.0,J&T,2024,November,11,2024-11,0,0,1,1
ORD001680,CUST0257,2023-08-28,98000,Depok,Jawa Barat,12229,Transfer Bank,delivered,No Promo,0.0,J&T,2023,August,8,2023-08,0,0,1,0
ORD001681,CUST0660,2023-12-30,119000,Pontianak,Kalimantan Barat,30183,GoPay,delivered,No Promo,0.0,Anteraja,2023,December,12,2023-12,0,0,1,0
ORD001682,CUST0505,2023-03-15,42460,Pontianak,Kalimantan Barat,33932,GoPay,delivered,RAMADAN23,16540.0,JNE,2023,March,3,2023-03,0,0,1,1
ORD001683,CUST0289,2024-07-02,329299,Tangerang,Banten,12100,Transfer Bank,delivered,HARBOLNAS22,28701.0,SiCepat,2024,July,7,2024-07,0,0,1,1
ORD001684,CUST0474,2023-12-21,188351,Banjarmasin,Kalimantan Selatan,37631,Kartu Kredit,delivered,NEWUSER,48649.0,SiCepat,2023,December,12,2023-12,0,0,1,1
ORD001685,CUST0182,2024-04-05,89000,Bekasi,Jawa Barat,9447,Transfer Bank,returned,No Promo,0.0,J&T,2024,April,4,2024-04,0,1,0,0
ORD001686,CUST0486,2024-05-14,587000,Yogyakarta,Di Yogyakarta,16646,OVO,delivered,No Promo,0.0,SiCepat,2024,May,5,2024-05,0,0,1,0
ORD001687,CUST0081,2024-10-11,279000,Balikpapan,Kalimantan Timur,34760,Kartu Kredit,delivered,No Promo,0.0,SiCepat,2024,October,10,2024-10,0,0,1,0
ORD001688,CUST0767,2023-04-21,249000,Palembang,Sumatera Selatan,32327,Transfer Bank,shipped,No Promo,0.0,J&T,2023,April,4,2023-04,0,0,0,0
ORD001689,CUST0202,2024-10-13,499000,Tangerang,Banten,11392,Kartu Kredit,delivered,No Promo,0.0,SiCepat,2024,October,10,2024-10,0,0,1,0
ORD001690,CUST0568,2024-03-26,287000,Makassar,Sulawesi Selatan,30333,Transfer Bank,shipped,No Promo,0.0,JNE,2024,March,3,2024-03,0,0,0,0
ORD001691,CUST0611,2022-03-11,578000,Makassar,Sulawesi Selatan,38002,GoPay,delivered,No Promo,0.0,JNE,2022,March,3,2022-03,0,0,1,0
ORD001692,CUST0687,2025-01-22,268000,Tangerang,Banten,9012,OVO,shipped,No Promo,0.0,J&T,2025,January,1,2025-01,0,0,0,0
ORD001693,CUST0657,2023-12-23,311466,Padang,Sumatera Barat,30456,GoPay,shipped,FLASHSALE,17534.0,JNE,2023,December,12,2023-12,0,0,0,1
ORD001694,CUST0468,2022-08-05,89000,Surabaya,Jawa Timur,12523,Transfer Bank,delivered,No Promo,0.0,Anteraja,2022,August,8,2022-08,0,0,1,0
ORD001695,CUST0475,2023-08-22,59000,Palembang,Sumatera Selatan,29279,Transfer Bank,cancelled,No Promo,0.0,SiCepat,2023,August,8,2023-08,1,0,0,0
ORD001696,CUST0050,2023-02-01,129000,Padang,Sumatera Barat,34601,OVO,delivered,No Promo,0.0,JNE,2023,February,2,2023-02,0,0,1,0
ORD001697,CUST0643,2023-09-01,307401,Bogor,Jawa Barat,10699,QRIS,returned,WEEKEND25,49599.0,J&T,2023,September,9,2023-09,0,1,0,1
ORD001698,CUST0782,2023-11-09,873712,Denpasar,Bali,21476,GoPay,processing,HARBOLNAS22,24288.0,JNE,2023,November,11,2023-11,0,0,0,1
ORD001699,CUST0158,2023-04-13,107900,Manado,Sulawesi Utara,38090,OVO,cancelled,HARBOLNAS22,41100.0,J&T,2023,April,4,2023-04,1,0,0,1
ORD001700,CUST0574,2024-12-02,377000,Padang,Sumatera Barat,26881,GoPay,delivered,No Promo,0.0,J&T,2024,December,12,2024-12,0,0,1,0
ORD001701,CUST0074,2023-07-03,367000,Medan,Sumatera Utara,36430,OVO,shipped,No Promo,0.0,SiCepat,2023,July,7,2023-07,0,0,0,0
ORD001702,CUST0452,2023-12-10,747000,Semarang,Jawa Tengah,16752,Kartu Kredit,delivered,No Promo,0.0,J&T,2023,December,12,2023-12,0,0,1,0
ORD001703,CUST0064,2024-04-13,499000,Bekasi,Jawa Barat,9967,Kartu Kredit,delivered,No Promo,0.0,SiCepat,2024,April,4,2024-04,0,0,1,0
ORD001704,CUST0759,2025-01-28,558000,Malang,Jawa Timur,21450,GoPay,delivered,No Promo,0.0,SiCepat,2025,January,1,2025-01,0,0,1,0
ORD001705,CUST0488,2024-11-21,803130,Bogor,Jawa Barat,13404,GoPay,delivered,MEMBER10,43870.0,Anteraja,2024,November,11,2024-11,0,0,1,1
ORD001706,CUST0607,2024-01-16,238000,Bogor,Jawa Barat,11492,OVO,cancelled,No Promo,0.0,J&T,2024,January,1,2024-01,1,0,0,0
ORD001707,CUST0490,2022-11-05,279000,Pontianak,Kalimantan Barat,31553,Kartu Kredit,processing,No Promo,0.0,JNE,2022,November,11,2022-11,0,0,0,0
ORD001708,CUST0269,2023-03-03,349000,Tangerang,Banten,13464,Kartu Kredit,delivered,No Promo,0.0,J&T,2023,March,3,2023-03,0,0,1,0
ORD001709,CUST0539,2023-12-21,89000,Balikpapan,Kalimantan Timur,31034,OVO,delivered,No Promo,0.0,J&T,2023,December,12,2023-12,0,0,1,0
ORD001710,CUST0345,2024-03-05,581156,Denpasar,Bali,26039,GoPay,delivered,SALE2024,45844.0,J&T,2024,March,3,2024-03,0,0,1,1
ORD001711,CUST0797,2024-03-20,778000,Palembang,Sumatera Selatan,27846,QRIS,delivered,No Promo,0.0,J&T,2024,March,3,2024-03,0,0,1,0
ORD001712,CUST0613,2024-05-16,599000,Bogor,Jawa Barat,14311,OVO,cancelled,No Promo,0.0,J&T,2024,May,5,2024-05,1,0,0,0
ORD001713,CUST0155,2024-04-04,229000,Pekanbaru,Riau,24013,QRIS,cancelled,No Promo,0.0,SiCepat,2024,April,4,2024-04,1,0,0,0
ORD001714,CUST0324,2023-05-27,207118,Tangerang,Banten,9209,OVO,delivered,WEEKEND25,41882.0,JNE,2023,May,5,2023-05,0,0,1,1
ORD001715,CUST0609,2023-05-09,408000,Bekasi,Jawa Barat,9650,OVO,delivered,No Promo,0.0,SiCepat,2023,May,5,2023-05,0,0,1,0
ORD001716,CUST0398,2024-04-30,349000,Banjarmasin,Kalimantan Selatan,32920,Kartu Kredit,delivered,No Promo,0.0,SiCepat,2024,April,4,2024-04,0,0,1,0
ORD001717,CUST0152,2023-12-14,449000,Yogyakarta,Di Yogyakarta,17112,Transfer Bank,cancelled,No Promo,0.0,J&T,2023,December,12,2023-12,1,0,0,0
ORD001718,CUST0655,2023-05-11,508000,Bogor,Jawa Barat,11348,Transfer Bank,delivered,No Promo,0.0,J&T,2023,May,5,2023-05,0,0,1,0
ORD001719,CUST0657,2024-03-20,828225,Padang,Sumatera Barat,29822,QRIS,delivered,RAMADAN23,38775.0,JNE,2024,March,3,2024-03,0,0,1,1
ORD001720,CUST0770,2023-12-08,358000,Makassar,Sulawesi Selatan,35977,Transfer Bank,delivered,No Promo,0.0,J&T,2023,December,12,2023-12,0,0,1,0
ORD001721,CUST0610,2024-06-29,527000,Depok,Jawa Barat,11967,GoPay,delivered,No Promo,0.0,SiCepat,2024,June,6,2024-06,0,0,1,0
ORD001722,CUST0400,2022-07-08,355735,Bekasi,Jawa Barat,10483,GoPay,delivered,NEWUSER,43265.0,J&T,2022,July,7,2022-07,0,0,1,1
ORD001723,CUST0281,2024-08-12,536000,Pontianak,Kalimantan Barat,41350,Transfer Bank,cancelled,No Promo,0.0,SiCepat,2024,August,8,2024-08,1,0,0,0
ORD001724,CUST0227,2022-03-27,314111,Pekanbaru,Riau,32473,Kartu Kredit,cancelled,NEWUSER,34889.0,J&T,2022,March,3,2022-03,1,0,0,1
ORD001725,CUST0330,2024-05-02,249000,Semarang,Jawa Tengah,16647,Transfer Bank,delivered,No Promo,0.0,J&T,2024,May,5,2024-05,0,0,1,0
ORD001726,CUST0481,2022-03-07,446048,Palembang,Sumatera Selatan,26046,QRIS,cancelled,FLASHSALE,40952.0,SiCepat,2022,March,3,2022-03,1,0,0,1
ORD001727,CUST0322,2025-01-19,928000,Banjarmasin,Kalimantan Selatan,41280,Transfer Bank,delivered,No Promo,0.0,SiCepat,2025,January,1,2025-01,0,0,1,0
ORD001728,CUST0649,2023-11-28,416000,Semarang,Jawa Tengah,17747,Kartu Kredit,returned,No Promo,0.0,J&T,2023,November,11,2023-11,0,1,0,0
ORD001729,CUST0448,2024-07-01,707000,Pekanbaru,Riau,32769,OVO,delivered,No Promo,0.0,SiCepat,2024,July,7,2024-07,0,0,1,0
ORD001730,CUST0616,2023-10-29,492716,Jakarta,Dki Jakarta,10810,Transfer Bank,cancelled,MEMBER10,35284.0,SiCepat,2023,October,10,2023-10,1,0,0,1
ORD001731,CUST0244,2022-10-10,199000,Yogyakarta,Di Yogyakarta,19044,GoPay,delivered,No Promo,0.0,JNE,2022,October,10,2022-10,0,0,1,0
ORD001732,CUST0743,2025-02-06,576000,Pekanbaru,Riau,32444,GoPay,delivered,No Promo,0.0,Anteraja,2025,February,2,2025-02,0,0,1,0
ORD001733,CUST0312,2022-06-23,198000,Tangerang,Banten,10642,OVO,processing,No Promo,0.0,J&T,2022,June,6,2022-06,0,0,0,0
ORD001734,CUST0380,2022-08-24,153956,Malang,Jawa Timur,14196,GoPay,processing,SALE2024,45044.0,Anteraja,2022,August,8,2022-08,0,0,0,1
ORD001735,CUST0110,2023-09-08,927000,Bogor,Jawa Barat,10230,Kartu Kredit,delivered,No Promo,0.0,Anteraja,2023,September,9,2023-09,0,0,1,0
ORD001736,CUST0160,2022-12-19,698348,Pontianak,Kalimantan Barat,29383,Transfer Bank,delivered,WEEKEND25,46652.0,JNE,2022,December,12,2022-12,0,0,1,1
ORD001737,CUST0268,2024-09-07,413661,Bogor,Jawa Barat,14226,QRIS,delivered,HARI BELANJA,34339.0,JNE,2024,September,9,2024-09,0,0,1,1
ORD001738,CUST0359,2024-08-26,377000,Bekasi,Jawa Barat,11679,Transfer Bank,processing,No Promo,0.0,J&T,2024,August,8,2024-08,0,0,0,0
ORD001739,CUST0301,2022-06-23,164421,Balikpapan,Kalimantan Timur,40665,OVO,delivered,MEMBER10,33579.0,JNE,2022,June,6,2022-06,0,0,1,1
ORD001740,CUST0484,2024-01-17,69000,Medan,Sumatera Utara,29720,QRIS,delivered,No Promo,0.0,JNE,2024,January,1,2024-01,0,0,1,0
ORD001741,CUST0311,2024-02-13,599000,Semarang,Jawa Tengah,16284,OVO,delivered,No Promo,0.0,SiCepat,2024,February,2,2024-02,0,0,1,0
ORD001742,CUST0448,2022-11-10,60473,Pekanbaru,Riau,26513,GoPay,shipped,SALE2024,18527.0,JNE,2022,November,11,2022-11,0,0,0,1
ORD001743,CUST0642,2023-07-28,308000,Pontianak,Kalimantan Barat,39170,Transfer Bank,shipped,No Promo,0.0,J&T,2023,July,7,2023-07,0,0,0,0
ORD001744,CUST0666,2024-01-30,214578,Jakarta,Dki Jakarta,11229,OVO,delivered,FLASHSALE,43422.0,JNE,2024,January,1,2024-01,0,0,1,1
ORD001745,CUST0762,2022-01-17,526000,Balikpapan,Kalimantan Timur,33861,GoPay,processing,No Promo,0.0,SiCepat,2022,January,1,2022-01,0,0,0,0
ORD001746,CUST0417,2023-04-22,446000,Medan,Sumatera Utara,37622,Transfer Bank,delivered,No Promo,0.0,J&T,2023,April,4,2023-04,0,0,1,0
ORD001747,CUST0564,2024-09-26,229000,Bogor,Jawa Barat,14061,OVO,processing,No Promo,0.0,JNE,2024,September,9,2024-09,0,0,0,0
ORD001748,CUST0053,2024-09-15,207000,Malang,Jawa Timur,18078,Kartu Kredit,returned,No Promo,0.0,J&T,2024,September,9,2024-09,0,1,0,0
ORD001749,CUST0575,2022-01-08,262206,Balikpapan,Kalimantan Timur,34817,GoPay,delivered,MEMBER10,36794.0,JNE,2022,January,1,2022-01,0,0,1,1
ORD001750,CUST0395,2025-02-15,10727,Makassar,Sulawesi Selatan,32536,Kartu Kredit,delivered,SALE2024,48273.0,JNE,2025,February,2,2025-02,0,0,1,1
ORD001751,CUST0364,2025-02-16,135492,Padang,Sumatera Barat,24608,OVO,shipped,FLASHSALE,42508.0,SiCepat,2025,February,2,2025-02,0,0,0,1
ORD001752,CUST0097,2025-01-29,650754,Makassar,Sulawesi Selatan,36269,QRIS,processing,RAMADAN23,34246.0,JNE,2025,January,1,2025-01,0,0,0,1
ORD001753,CUST0190,2023-05-31,748000,Surabaya,Jawa Timur,17403,GoPay,shipped,No Promo,0.0,J&T,2023,May,5,2023-05,0,0,0,0
ORD001754,CUST0118,2024-12-27,98000,Bekasi,Jawa Barat,9364,Transfer Bank,delivered,No Promo,0.0,SiCepat,2024,December,12,2024-12,0,0,1,0
ORD001755,CUST0455,2023-07-30,449000,Pekanbaru,Riau,24699,GoPay,delivered,No Promo,0.0,J&T,2023,July,7,2023-07,0,0,1,0
ORD001756,CUST0319,2023-05-01,259604,Bandung,Jawa Barat,13566,OVO,delivered,NEWUSER,19396.0,JNE,2023,May,5,2023-05,0,0,1,1
ORD001757,CUST0441,2024-02-07,259736,Manado,Sulawesi Utara,34013,Kartu Kredit,delivered,FLASHSALE,19264.0,JNE,2024,February,2,2024-02,0,0,1,1
ORD001758,CUST0493,2023-06-13,244531,Banjarmasin,Kalimantan Selatan,38463,Transfer Bank,cancelled,NEWUSER,23469.0,SiCepat,2023,June,6,2023-06,1,0,0,1
ORD001759,CUST0315,2022-11-06,249000,Bogor,Jawa Barat,11735,GoPay,cancelled,No Promo,0.0,SiCepat,2022,November,11,2022-11,1,0,0,0
ORD001760,CUST0250,2023-07-05,158000,Pekanbaru,Riau,33812,GoPay,delivered,No Promo,0.0,Anteraja,2023,July,7,2023-07,0,0,1,0
ORD001761,CUST0595,2024-05-25,778000,Surabaya,Jawa Timur,15656,OVO,delivered,No Promo,0.0,JNE,2024,May,5,2024-05,0,0,1,0
ORD001762,CUST0207,2023-06-21,660299,Yogyakarta,Di Yogyakarta,19793,OVO,cancelled,WEEKEND25,37701.0,J&T,2023,June,6,2023-06,1,0,0,1
ORD001763,CUST0450,2024-04-25,404410,Bandung,Jawa Barat,11567,Transfer Bank,delivered,HARBOLNAS22,23590.0,SiCepat,2024,April,4,2024-04,0,0,1,1
ORD001764,CUST0568,2024-04-07,499000,Bekasi,Jawa Barat,11612,Kartu Kredit,shipped,No Promo,0.0,Anteraja,2024,April,4,2024-04,0,0,0,0
ORD001765,CUST0554,2024-03-08,148000,Semarang,Jawa Tengah,16405,Transfer Bank,delivered,No Promo,0.0,J&T,2024,March,3,2024-03,0,0,1,0
ORD001766,CUST0685,2024-10-16,1506000,Padang,Sumatera Barat,25544,GoPay,delivered,No Promo,0.0,SiCepat,2024,October,10,2024-10,0,0,1,0
ORD001767,CUST0188,2023-07-12,977000,Padang,Sumatera Barat,30507,Transfer Bank,delivered,No Promo,0.0,Anteraja,2023,July,7,2023-07,0,0,1,0
ORD001768,CUST0135,2022-06-04,798000,Makassar,Sulawesi Selatan,39015,QRIS,delivered,No Promo,0.0,Pos Indonesia,2022,June,6,2022-06,0,0,1,0
ORD001769,CUST0346,2022-07-05,622813,Medan,Sumatera Utara,33673,Transfer Bank,delivered,HARI BELANJA,33187.0,Anteraja,2022,July,7,2022-07,0,0,1,1
ORD001770,CUST0189,2024-07-17,119000,Tangerang,Banten,12065,Transfer Bank,delivered,No Promo,0.0,J&T,2024,July,7,2024-07,0,0,1,0
ORD001771,CUST0168,2022-01-15,573634,Pekanbaru,Riau,25210,Transfer Bank,shipped,HARBOLNAS22,32366.0,J&T,2022,January,1,2022-01,0,0,0,1
ORD001772,CUST0757,2024-03-13,304697,Pontianak,Kalimantan Barat,35903,Transfer Bank,delivered,HARI BELANJA,44303.0,SiCepat,2024,March,3,2024-03,0,0,1,1
ORD001773,CUST0734,2024-09-20,49000,Medan,Sumatera Utara,28785,Transfer Bank,delivered,No Promo,0.0,JNE,2024,September,9,2024-09,0,0,1,0
ORD001774,CUST0213,2023-10-15,279000,Medan,Sumatera Utara,27861,QRIS,delivered,No Promo,0.0,JNE,2023,October,10,2023-10,0,0,1,0
ORD001775,CUST0303,2023-06-10,278000,Surabaya,Jawa Timur,12698,GoPay,delivered,No Promo,0.0,J&T,2023,June,6,2023-06,0,0,1,0
ORD001776,CUST0588,2023-05-25,279000,Jakarta,Dki Jakarta,9637,GoPay,delivered,No Promo,0.0,J&T,2023,May,5,2023-05,0,0,1,0
ORD001777,CUST0375,2024-05-27,628510,Balikpapan,Kalimantan Timur,33997,GoPay,delivered,HARI BELANJA,19490.0,JNE,2024,May,5,2024-05,0,0,1,1
ORD001778,CUST0098,2024-02-26,119000,Bekasi,Jawa Barat,11970,QRIS,shipped,No Promo,0.0,JNE,2024,February,2,2024-02,0,0,0,0
ORD001779,CUST0690,2023-07-09,898000,Padang,Sumatera Barat,24798,Transfer Bank,delivered,No Promo,0.0,JNE,2023,July,7,2023-07,0,0,1,0
ORD001780,CUST0171,2025-02-02,145529,Pekanbaru,Riau,25392,Transfer Bank,delivered,SALE2024,22471.0,JNE,2025,February,2,2025-02,0,0,1,1
ORD001781,CUST0108,2022-08-03,316809,Yogyakarta,Di Yogyakarta,13991,OVO,delivered,RAMADAN23,49191.0,J&T,2022,August,8,2022-08,0,0,1,1
ORD001782,CUST0727,2022-06-14,399000,Semarang,Jawa Tengah,13906,OVO,delivered,No Promo,0.0,J&T,2022,June,6,2022-06,0,0,1,0
ORD001783,CUST0245,2023-05-04,936000,Bogor,Jawa Barat,10230,Transfer Bank,delivered,No Promo,0.0,Anteraja,2023,May,5,2023-05,0,0,1,0
ORD001784,CUST0761,2023-03-10,456339,Yogyakarta,Di Yogyakarta,14583,GoPay,delivered,RAMADAN23,42661.0,J&T,2023,March,3,2023-03,0,0,1,1
ORD001785,CUST0346,2023-03-23,468000,Medan,Sumatera Utara,36178,OVO,shipped,No Promo,0.0,SiCepat,2023,March,3,2023-03,0,0,0,0
ORD001786,CUST0536,2024-09-20,129000,Medan,Sumatera Utara,31570,Kartu Kredit,delivered,No Promo,0.0,JNE,2024,September,9,2024-09,0,0,1,0
ORD001787,CUST0096,2022-03-24,207000,Pontianak,Kalimantan Barat,30575,Transfer Bank,processing,No Promo,0.0,J&T,2022,March,3,2022-03,0,0,0,0
ORD001788,CUST0077,2025-01-15,599000,Medan,Sumatera Utara,37141,GoPay,processing,No Promo,0.0,SiCepat,2025,January,1,2025-01,0,0,0,0
ORD001789,CUST0329,2023-06-21,89000,Bekasi,Jawa Barat,11882,GoPay,processing,No Promo,0.0,JNE,2023,June,6,2023-06,0,0,0,0
ORD001790,CUST0505,2023-02-15,447000,Pontianak,Kalimantan Barat,29708,Transfer Bank,cancelled,No Promo,0.0,JNE,2023,February,2,2023-02,1,0,0,0
ORD001791,CUST0535,2024-11-03,98213,Banjarmasin,Kalimantan Selatan,28485,QRIS,returned,RAMADAN23,30787.0,J&T,2024,November,11,2024-11,0,1,0,1
ORD001792,CUST0298,2024-07-24,368146,Pontianak,Kalimantan Barat,35171,OVO,returned,SALE2024,29854.0,Anteraja,2024,July,7,2024-07,0,1,0,1
ORD001793,CUST0677,2024-02-27,898000,Surabaya,Jawa Timur,15875,GoPay,delivered,No Promo,0.0,J&T,2024,February,2,2024-02,0,0,1,0
ORD001794,CUST0130,2023-01-21,1365000,Manado,Sulawesi Utara,36814,Transfer Bank,delivered,No Promo,0.0,JNE,2023,January,1,2023-01,0,0,1,0
ORD001795,CUST0101,2024-06-20,273690,Semarang,Jawa Tengah,14286,QRIS,delivered,NEWUSER,25310.0,J&T,2024,June,6,2024-06,0,0,1,1
ORD001796,CUST0101,2025-02-19,64336,Semarang,Jawa Tengah,12078,GoPay,processing,RAMADAN23,24664.0,SiCepat,2025,February,2,2025-02,0,0,0,1
ORD001797,CUST0658,2024-11-14,883493,Banjarmasin,Kalimantan Selatan,40939,Transfer Bank,delivered,WEEKEND25,13507.0,SiCepat,2024,November,11,2024-11,0,0,1,1
ORD001798,CUST0115,2024-09-08,329000,Denpasar,Bali,21744,OVO,delivered,No Promo,0.0,Anteraja,2024,September,9,2024-09,0,0,1,0
ORD001799,CUST0247,2023-12-08,129000,Yogyakarta,Di Yogyakarta,18360,Kartu Kredit,cancelled,No Promo,0.0,J&T,2023,December,12,2023-12,1,0,0,0
ORD001800,CUST0515,2024-03-27,566000,Palembang,Sumatera Selatan,23253,OVO,processing,No Promo,0.0,J&T,2024,March,3,2024-03,0,0,0,0
ORD001801,CUST0119,2024-10-13,279000,Makassar,Sulawesi Selatan,41411,GoPay,shipped,No Promo,0.0,SiCepat,2024,October,10,2024-10,0,0,0,0
ORD001802,CUST0673,2025-01-20,539125,Makassar,Sulawesi Selatan,39347,Transfer Bank,delivered,SALE2024,28875.0,JNE,2025,January,1,2025-01,0,0,1,1
ORD001803,CUST0079,2023-11-04,518000,Pontianak,Kalimantan Barat,33674,Kartu Kredit,delivered,No Promo,0.0,SiCepat,2023,November,11,2023-11,0,0,1,0
ORD001804,CUST0627,2022-09-24,599000,Balikpapan,Kalimantan Timur,30883,GoPay,processing,No Promo,0.0,JNE,2022,September,9,2022-09,0,0,0,0
ORD001805,CUST0618,2022-09-05,4981,Manado,Sulawesi Utara,34624,Transfer Bank,returned,NEWUSER,44019.0,JNE,2022,September,9,2022-09,0,1,0,1
ORD001806,CUST0353,2025-02-04,658000,Balikpapan,Kalimantan Timur,41289,GoPay,delivered,No Promo,0.0,Pos Indonesia,2025,February,2,2025-02,0,0,1,0
ORD001807,CUST0726,2023-03-07,587000,Medan,Sumatera Utara,33059,Transfer Bank,delivered,No Promo,0.0,JNE,2023,March,3,2023-03,0,0,1,0
ORD001808,CUST0493,2023-06-21,512175,Padang,Sumatera Barat,25073,OVO,shipped,FLASHSALE,24825.0,JNE,2023,June,6,2023-06,0,0,0,1
ORD001809,CUST0657,2024-01-28,399000,Padang,Sumatera Barat,29966,GoPay,processing,No Promo,0.0,SiCepat,2024,January,1,2024-01,0,0,0,0
ORD001810,CUST0187,2023-08-19,897000,Surabaya,Jawa Timur,13220,Transfer Bank,shipped,No Promo,0.0,JNE,2023,August,8,2023-08,0,0,0,0
ORD001811,CUST0652,2022-11-07,198000,Denpasar,Bali,20481,GoPay,delivered,No Promo,0.0,Anteraja,2022,November,11,2022-11,0,0,1,0
ORD001812,CUST0795,2024-12-24,946000,Yogyakarta,Di Yogyakarta,14729,Transfer Bank,shipped,No Promo,0.0,JNE,2024,December,12,2024-12,0,0,0,0
ORD001813,CUST0486,2022-12-19,1347197,Yogyakarta,Di Yogyakarta,17790,Kartu Kredit,delivered,RAMADAN23,37803.0,J&T,2022,December,12,2022-12,0,0,1,1
ORD001814,CUST0759,2024-03-13,3385,Malang,Jawa Timur,18225,Transfer Bank,returned,HARI BELANJA,45615.0,J&T,2024,March,3,2024-03,0,1,0,1
ORD001815,CUST0309,2023-10-18,1079326,Denpasar,Bali,24036,GoPay,delivered,MEMBER10,47674.0,SiCepat,2023,October,10,2023-10,0,0,1,1
ORD001816,CUST0273,2023-05-27,258000,Yogyakarta,Di Yogyakarta,15527,Transfer Bank,cancelled,No Promo,0.0,Anteraja,2023,May,5,2023-05,1,0,0,0
ORD001817,CUST0330,2024-09-17,99000,Semarang,Jawa Tengah,13674,QRIS,delivered,No Promo,0.0,JNE,2024,September,9,2024-09,0,0,1,0
ORD001818,CUST0184,2024-12-08,184220,Medan,Sumatera Utara,30275,Transfer Bank,cancelled,FLASHSALE,43780.0,SiCepat,2024,December,12,2024-12,1,0,0,1
ORD001819,CUST0498,2024-04-15,837000,Depok,Jawa Barat,12040,GoPay,delivered,No Promo,0.0,J&T,2024,April,4,2024-04,0,0,1,0
ORD001820,CUST0506,2022-11-23,744325,Pekanbaru,Riau,25816,Transfer Bank,delivered,NEWUSER,11675.0,Pos Indonesia,2022,November,11,2022-11,0,0,1,1
ORD001821,CUST0610,2023-04-24,957000,Depok,Jawa Barat,10559,Transfer Bank,delivered,No Promo,0.0,J&T,2023,April,4,2023-04,0,0,1,0
ORD001822,CUST0668,2023-07-04,1576000,Manado,Sulawesi Utara,34246,Kartu Kredit,cancelled,No Promo,0.0,JNE,2023,July,7,2023-07,1,0,0,0
ORD001823,CUST0460,2025-02-05,655000,Jakarta,Dki Jakarta,10289,Transfer Bank,delivered,No Promo,0.0,JNE,2025,February,2,2025-02,0,0,1,0
ORD001824,CUST0344,2024-04-13,877000,Padang,Sumatera Barat,34228,OVO,delivered,No Promo,0.0,SiCepat,2024,April,4,2024-04,0,0,1,0
ORD001825,CUST0322,2024-12-11,775000,Banjarmasin,Kalimantan Selatan,36800,Transfer Bank,shipped,No Promo,0.0,SiCepat,2024,December,12,2024-12,0,0,0,0
ORD001826,CUST0762,2024-09-25,2013000,Balikpapan,Kalimantan Timur,41946,GoPay,delivered,No Promo,0.0,JNE,2024,September,9,2024-09,0,0,1,0
ORD001827,CUST0682,2023-08-26,940860,Jakarta,Dki Jakarta,10310,Kartu Kredit,delivered,MEMBER10,15140.0,SiCepat,2023,August,8,2023-08,0,0,1,1
ORD001828,CUST0311,2024-06-24,942549,Semarang,Jawa Tengah,12427,GoPay,delivered,MEMBER10,12451.0,J&T,2024,June,6,2024-06,0,0,1,1
ORD001829,CUST0024,2023-07-09,749518,Denpasar,Bali,30211,GoPay,delivered,SALE2024,28482.0,JNE,2023,July,7,2023-07,0,0,1,1
ORD001830,CUST0406,2023-06-15,796000,Jakarta,Dki Jakarta,8340,QRIS,delivered,No Promo,0.0,SiCepat,2023,June,6,2023-06,0,0,1,0
ORD001831,CUST0110,2024-07-12,560218,Bogor,Jawa Barat,13054,Transfer Bank,shipped,HARBOLNAS22,38782.0,J&T,2024,July,7,2024-07,0,0,0,1
ORD001832,CUST0073,2024-05-03,916000,Bogor,Jawa Barat,12248,GoPay,processing,No Promo,0.0,Anteraja,2024,May,5,2024-05,0,0,0,0
ORD001833,CUST0161,2024-02-19,50091,Depok,Jawa Barat,12865,Transfer Bank,delivered,WEEKEND25,48909.0,Pos Indonesia,2024,February,2,2024-02,0,0,1,1
ORD001834,CUST0430,2023-11-17,227000,Yogyakarta,Di Yogyakarta,19218,Transfer Bank,shipped,No Promo,0.0,JNE,2023,November,11,2023-11,0,0,0,0
ORD001835,CUST0248,2024-11-05,578000,Pekanbaru,Riau,33187,OVO,processing,No Promo,0.0,Anteraja,2024,November,11,2024-11,0,0,0,0
ORD001836,CUST0095,2024-05-30,510624,Banjarmasin,Kalimantan Selatan,37424,QRIS,delivered,WEEKEND25,25376.0,JNE,2024,May,5,2024-05,0,0,1,1
ORD001837,CUST0594,2023-12-10,477000,Malang,Jawa Timur,20905,Kartu Kredit,delivered,No Promo,0.0,JNE,2023,December,12,2023-12,0,0,1,0
ORD001838,CUST0586,2023-04-15,378000,Manado,Sulawesi Utara,37269,Transfer Bank,cancelled,No Promo,0.0,J&T,2023,April,4,2023-04,1,0,0,0
ORD001839,CUST0458,2023-07-26,557000,Depok,Jawa Barat,12482,OVO,delivered,No Promo,0.0,JNE,2023,July,7,2023-07,0,0,1,0
ORD001840,CUST0130,2023-11-21,1127422,Manado,Sulawesi Utara,33855,GoPay,cancelled,FLASHSALE,38578.0,J&T,2023,November,11,2023-11,1,0,0,1
ORD001841,CUST0752,2024-12-19,755491,Palembang,Sumatera Selatan,28810,GoPay,shipped,FLASHSALE,39509.0,Anteraja,2024,December,12,2024-12,0,0,0,1
ORD001842,CUST0480,2025-01-05,752814,Jakarta,Dki Jakarta,10855,Transfer Bank,delivered,WEEKEND25,24186.0,JNE,2025,January,1,2025-01,0,0,1,1
ORD001843,CUST0503,2023-05-30,997000,Depok,Jawa Barat,11204,GoPay,shipped,No Promo,0.0,SiCepat,2023,May,5,2023-05,0,0,0,0
ORD001844,CUST0189,2022-06-01,713740,Bekasi,Jawa Barat,10767,Kartu Kredit,shipped,FLASHSALE,43260.0,JNE,2022,June,6,2022-06,0,0,0,1
ORD001845,CUST0570,2023-12-18,428000,Makassar,Sulawesi Selatan,34467,Kartu Kredit,cancelled,No Promo,0.0,SiCepat,2023,December,12,2023-12,1,0,0,0
ORD001846,CUST0625,2024-11-06,628000,Jakarta,Dki Jakarta,9782,OVO,delivered,No Promo,0.0,J&T,2024,November,11,2024-11,0,0,1,0
ORD001847,CUST0618,2024-02-14,329000,Manado,Sulawesi Utara,39834,GoPay,processing,No Promo,0.0,SiCepat,2024,February,2,2024-02,0,0,0,0
ORD001848,CUST0295,2024-02-19,1197000,Manado,Sulawesi Utara,35162,QRIS,delivered,No Promo,0.0,J&T,2024,February,2,2024-02,0,0,1,0
ORD001849,CUST0358,2023-08-17,199000,Bekasi,Jawa Barat,13174,Transfer Bank,delivered,No Promo,0.0,SiCepat,2023,August,8,2023-08,0,0,1,0
ORD001850,CUST0768,2023-12-19,636000,Denpasar,Bali,23416,QRIS,delivered,No Promo,0.0,JNE,2023,December,12,2023-12,0,0,1,0
ORD001851,CUST0093,2024-11-19,103454,Bandung,Jawa Barat,10965,Transfer Bank,shipped,RAMADAN23,45546.0,J&T,2024,November,11,2024-11,0,0,0,1
ORD001852,CUST0160,2024-10-29,452111,Pontianak,Kalimantan Barat,35121,QRIS,delivered,NEWUSER,46889.0,JNE,2024,October,10,2024-10,0,0,1,1
ORD001853,CUST0768,2025-02-20,647000,Bogor,Jawa Barat,13544,OVO,delivered,No Promo,0.0,JNE,2025,February,2,2025-02,0,0,1,0
ORD001854,CUST0764,2024-05-29,138363,Pontianak,Kalimantan Barat,36206,Transfer Bank,delivered,NEWUSER,10637.0,SiCepat,2024,May,5,2024-05,0,0,1,1
ORD001855,CUST0749,2023-08-16,199000,Tangerang,Banten,9649,QRIS,delivered,No Promo,0.0,SiCepat,2023,August,8,2023-08,0,0,1,0
ORD001856,CUST0361,2023-07-15,378000,Pekanbaru,Riau,24386,Transfer Bank,processing,No Promo,0.0,SiCepat,2023,July,7,2023-07,0,0,0,0
ORD001857,CUST0736,2023-12-16,1145000,Pekanbaru,Riau,25941,OVO,cancelled,No Promo,0.0,J&T,2023,December,12,2023-12,1,0,0,0
ORD001858,CUST0510,2024-07-30,816000,Pekanbaru,Riau,22852,Transfer Bank,delivered,No Promo,0.0,SiCepat,2024,July,7,2024-07,0,0,1,0
ORD001859,CUST0498,2023-11-17,22659,Depok,Jawa Barat,9149,Transfer Bank,delivered,MEMBER10,26341.0,SiCepat,2023,November,11,2023-11,0,0,1,1
ORD001860,CUST0705,2023-01-30,164750,Semarang,Jawa Tengah,14985,GoPay,cancelled,NEWUSER,34250.0,JNE,2023,January,1,2023-01,1,0,0,1
ORD001861,CUST0215,2025-01-01,928963,Bekasi,Jawa Barat,13187,GoPay,delivered,HARI BELANJA,28037.0,SiCepat,2025,January,1,2025-01,0,0,1,1
ORD001862,CUST0581,2023-08-12,846000,Jakarta,Dki Jakarta,8113,Kartu Kredit,returned,No Promo,0.0,JNE,2023,August,8,2023-08,0,1,0,0
ORD001863,CUST0046,2022-01-04,727000,Malang,Jawa Timur,21733,Transfer Bank,delivered,No Promo,0.0,JNE,2022,January,1,2022-01,0,0,1,0
ORD001864,CUST0268,2022-01-14,199000,Balikpapan,Kalimantan Timur,38588,GoPay,delivered,No Promo,0.0,SiCepat,2022,January,1,2022-01,0,0,1,0
ORD001865,CUST0321,2024-05-08,19154,Makassar,Sulawesi Selatan,41827,Transfer Bank,delivered,HARBOLNAS22,29846.0,J&T,2024,May,5,2024-05,0,0,1,1
ORD001866,CUST0348,2022-06-24,547000,Bandung,Jawa Barat,10573,OVO,delivered,No Promo,0.0,J&T,2022,June,6,2022-06,0,0,1,0
ORD001867,CUST0281,2024-08-16,929739,Pontianak,Kalimantan Barat,34834,Transfer Bank,delivered,MEMBER10,36261.0,Anteraja,2024,August,8,2024-08,0,0,1,1
ORD001868,CUST0268,2024-07-19,798000,Banjarmasin,Kalimantan Selatan,34799,Kartu Kredit,processing,No Promo,0.0,SiCepat,2024,July,7,2024-07,0,0,0,0
ORD001869,CUST0164,2023-08-04,467353,Bandung,Jawa Barat,12458,OVO,processing,HARI BELANJA,31647.0,JNE,2023,August,8,2023-08,0,0,0,1
ORD001870,CUST0363,2025-01-18,2395000,Surabaya,Jawa Timur,16029,OVO,delivered,No Promo,0.0,Pos Indonesia,2025,January,1,2025-01,0,0,1,0
ORD001871,CUST0640,2025-02-25,473102,Denpasar,Bali,26625,GoPay,shipped,RAMADAN23,24898.0,J&T,2025,February,2,2025-02,0,0,0,1
ORD001872,CUST0449,2024-11-14,219680,Yogyakarta,Di Yogyakarta,16364,GoPay,cancelled,RAMADAN23,29320.0,Anteraja,2024,November,11,2024-11,1,0,0,1
ORD001873,CUST0154,2024-01-15,98897,Balikpapan,Kalimantan Timur,31287,GoPay,delivered,HARI BELANJA,20103.0,J&T,2024,January,1,2024-01,0,0,1,1
ORD001874,CUST0688,2025-02-13,110661,Malang,Jawa Timur,14858,OVO,delivered,HARI BELANJA,38339.0,JNE,2025,February,2,2025-02,0,0,1,1
ORD001875,CUST0015,2022-08-12,757000,Medan,Sumatera Utara,26816,OVO,delivered,No Promo,0.0,JNE,2022,August,8,2022-08,0,0,1,0
ORD001876,CUST0106,2024-07-30,298000,Palembang,Sumatera Selatan,22749,GoPay,delivered,No Promo,0.0,SiCepat,2024,July,7,2024-07,0,0,1,0
ORD001877,CUST0121,2023-01-31,678000,Manado,Sulawesi Utara,34474,Transfer Bank,delivered,No Promo,0.0,Pos Indonesia,2023,January,1,2023-01,0,0,1,0
ORD001878,CUST0288,2024-01-29,428000,Balikpapan,Kalimantan Timur,39440,Transfer Bank,shipped,No Promo,0.0,JNE,2024,January,1,2024-01,0,0,0,0
ORD001879,CUST0606,2024-09-28,538046,Bandung,Jawa Barat,10742,Transfer Bank,processing,RAMADAN23,10954.0,J&T,2024,September,9,2024-09,0,0,0,1
ORD001880,CUST0573,2024-03-12,19006,Bogor,Jawa Barat,10315,Kartu Kredit,processing,NEWUSER,39994.0,Anteraja,2024,March,3,2024-03,0,0,0,1
ORD001881,CUST0064,2023-06-30,238000,Bekasi,Jawa Barat,11881,Kartu Kredit,shipped,No Promo,0.0,J&T,2023,June,6,2023-06,0,0,0,0
ORD001882,CUST0424,2023-10-13,255352,Tangerang,Banten,13437,Kartu Kredit,cancelled,WEEKEND25,43648.0,SiCepat,2023,October,10,2023-10,1,0,0,1
ORD001883,CUST0500,2023-03-26,218000,Pontianak,Kalimantan Barat,30427,Transfer Bank,cancelled,No Promo,0.0,J&T,2023,March,3,2023-03,1,0,0,0
ORD001884,CUST0475,2024-11-28,1301216,Palembang,Sumatera Selatan,23587,Kartu Kredit,delivered,MEMBER10,25784.0,JNE,2024,November,11,2024-11,0,0,1,1
ORD001885,CUST0729,2024-10-08,1626000,Jakarta,Dki Jakarta,9133,GoPay,delivered,No Promo,0.0,SiCepat,2024,October,10,2024-10,0,0,1,0
ORD001886,CUST0394,2023-11-08,119000,Bekasi,Jawa Barat,9043,Transfer Bank,delivered,No Promo,0.0,SiCepat,2023,November,11,2023-11,0,0,1,0
ORD001887,CUST0060,2023-01-05,1165987,Pekanbaru,Riau,30679,OVO,delivered,HARBOLNAS22,31013.0,J&T,2023,January,1,2023-01,0,0,1,1
ORD001888,CUST0646,2024-02-20,477207,Malang,Jawa Timur,21789,GoPay,delivered,MEMBER10,21793.0,JNE,2024,February,2,2024-02,0,0,1,1
ORD001889,CUST0497,2023-07-06,89000,Makassar,Sulawesi Selatan,38214,GoPay,delivered,No Promo,0.0,JNE,2023,July,7,2023-07,0,0,1,0
ORD001890,CUST0550,2023-06-27,399000,Depok,Jawa Barat,9459,Transfer Bank,delivered,No Promo,0.0,JNE,2023,June,6,2023-06,0,0,1,0
ORD001891,CUST0780,2025-02-01,215482,Medan,Sumatera Utara,27000,Transfer Bank,cancelled,HARBOLNAS22,33518.0,SiCepat,2025,February,2,2025-02,1,0,0,1
ORD001892,CUST0767,2022-05-04,1435014,Palembang,Sumatera Selatan,33684,QRIS,delivered,SALE2024,40986.0,JNE,2022,May,5,2022-05,0,0,1,1
ORD001893,CUST0417,2024-03-26,323776,Medan,Sumatera Utara,34203,OVO,cancelled,SALE2024,34224.0,JNE,2024,March,3,2024-03,1,0,0,1
ORD001894,CUST0183,2024-10-02,329000,Yogyakarta,Di Yogyakarta,13419,GoPay,delivered,No Promo,0.0,SiCepat,2024,October,10,2024-10,0,0,1,0
ORD001895,CUST0127,2023-04-20,375569,Pontianak,Kalimantan Barat,29418,Transfer Bank,delivered,MEMBER10,22431.0,Pos Indonesia,2023,April,4,2023-04,0,0,1,1
ORD001896,CUST0442,2023-07-12,59000,Palembang,Sumatera Selatan,25194,Transfer Bank,delivered,No Promo,0.0,SiCepat,2023,July,7,2023-07,0,0,1,0
ORD001897,CUST0779,2022-01-25,229000,Medan,Sumatera Utara,30236,QRIS,cancelled,No Promo,0.0,J&T,2022,January,1,2022-01,1,0,0,0
ORD001898,CUST0593,2023-07-25,378000,Bekasi,Jawa Barat,9379,Transfer Bank,delivered,No Promo,0.0,JNE,2023,July,7,2023-07,0,0,1,0
ORD001899,CUST0107,2024-07-01,399000,Depok,Jawa Barat,11657,Transfer Bank,shipped,No Promo,0.0,SiCepat,2024,July,7,2024-07,0,0,0,0
ORD001900,CUST0252,2024-09-30,499000,Balikpapan,Kalimantan Timur,36218,GoPay,delivered,No Promo,0.0,JNE,2024,September,9,2024-09,0,0,1,0
ORD001901,CUST0476,2023-12-17,425812,Jakarta,Dki Jakarta,11900,GoPay,delivered,SALE2024,23188.0,JNE,2023,December,12,2023-12,0,0,1,1
ORD001902,CUST0195,2024-01-19,49000,Bekasi,Jawa Barat,9764,OVO,returned,No Promo,0.0,J&T,2024,January,1,2024-01,0,1,0,0
ORD001903,CUST0371,2022-12-30,548000,Bandung,Jawa Barat,10854,Transfer Bank,delivered,No Promo,0.0,SiCepat,2022,December,12,2022-12,0,0,1,0
ORD001904,CUST0179,2024-11-03,1691786,Balikpapan,Kalimantan Timur,39404,GoPay,delivered,SALE2024,34214.0,SiCepat,2024,November,11,2024-11,0,0,1,1
ORD001905,CUST0176,2024-05-13,578000,Tangerang,Banten,9190,GoPay,processing,No Promo,0.0,SiCepat,2024,May,5,2024-05,0,0,0,0
ORD001906,CUST0620,2023-04-04,648000,Yogyakarta,Di Yogyakarta,13510,GoPay,delivered,No Promo,0.0,SiCepat,2023,April,4,2023-04,0,0,1,0
ORD001907,CUST0588,2022-05-29,118000,Palembang,Sumatera Selatan,25152,Transfer Bank,cancelled,No Promo,0.0,J&T,2022,May,5,2022-05,1,0,0,0
ORD001908,CUST0397,2022-02-07,678000,Balikpapan,Kalimantan Timur,38263,OVO,delivered,No Promo,0.0,J&T,2022,February,2,2022-02,0,0,1,0
ORD001909,CUST0488,2024-05-08,329000,Bogor,Jawa Barat,14351,GoPay,delivered,No Promo,0.0,SiCepat,2024,May,5,2024-05,0,0,1,0
ORD001910,CUST0795,2023-04-15,449000,Jakarta,Dki Jakarta,9713,OVO,cancelled,No Promo,0.0,J&T,2023,April,4,2023-04,1,0,0,0
ORD001911,CUST0499,2024-11-04,327000,Tangerang,Banten,12601,Transfer Bank,delivered,No Promo,0.0,SiCepat,2024,November,11,2024-11,0,0,1,0
ORD001912,CUST0740,2023-04-27,118081,Denpasar,Bali,28923,Transfer Bank,delivered,MEMBER10,10919.0,SiCepat,2023,April,4,2023-04,0,0,1,1
ORD001913,CUST0452,2024-12-30,149000,Semarang,Jawa Tengah,12111,Kartu Kredit,delivered,No Promo,0.0,J&T,2024,December,12,2024-12,0,0,1,0
ORD001914,CUST0715,2023-11-11,59000,Bekasi,Jawa Barat,10025,GoPay,delivered,No Promo,0.0,Anteraja,2023,November,11,2023-11,0,0,1,0
ORD001915,CUST0466,2023-03-19,328000,Balikpapan,Kalimantan Timur,37589,Transfer Bank,returned,No Promo,0.0,J&T,2023,March,3,2023-03,0,1,0,0
ORD001916,CUST0267,2022-09-06,869265,Bekasi,Jawa Barat,10911,OVO,shipped,MEMBER10,37735.0,J&T,2022,September,9,2022-09,0,0,0,1
ORD001917,CUST0665,2024-07-06,55843,Surabaya,Jawa Timur,15528,QRIS,delivered,MEMBER10,23157.0,J&T,2024,July,7,2024-07,0,0,1,1
ORD001918,CUST0503,2024-02-23,119000,Depok,Jawa Barat,13748,Transfer Bank,delivered,No Promo,0.0,JNE,2024,February,2,2024-02,0,0,1,0
ORD001919,CUST0153,2024-07-28,119000,Pontianak,Kalimantan Barat,34395,OVO,delivered,No Promo,0.0,SiCepat,2024,July,7,2024-07,0,0,1,0
ORD001920,CUST0007,2022-02-14,995000,Medan,Sumatera Utara,38672,OVO,cancelled,No Promo,0.0,J&T,2022,February,2,2022-02,1,0,0,0
ORD001921,CUST0134,2024-08-24,549000,Tangerang,Banten,10280,Kartu Kredit,delivered,No Promo,0.0,SiCepat,2024,August,8,2024-08,0,0,1,0
ORD001922,CUST0585,2024-08-22,69000,Semarang,Jawa Tengah,12462,GoPay,returned,No Promo,0.0,JNE,2024,August,8,2024-08,0,1,0,0
ORD001923,CUST0410,2024-02-02,1254529,Semarang,Jawa Tengah,12484,OVO,shipped,HARBOLNAS22,11471.0,J&T,2024,February,2,2024-02,0,0,0,1
ORD001924,CUST0417,2023-03-15,267000,Denpasar,Bali,24017,GoPay,delivered,No Promo,0.0,J&T,2023,March,3,2023-03,0,0,1,0
ORD001925,CUST0063,2024-04-10,229000,Pekanbaru,Riau,30033,OVO,delivered,No Promo,0.0,JNE,2024,April,4,2024-04,0,0,1,0
ORD001926,CUST0361,2023-09-18,192031,Pekanbaru,Riau,27625,GoPay,shipped,SALE2024,24969.0,J&T,2023,September,9,2023-09,0,0,0,1
ORD001927,CUST0051,2024-02-13,597128,Denpasar,Bali,31936,Transfer Bank,cancelled,SALE2024,48872.0,JNE,2024,February,2,2024-02,1,0,0,1
ORD001928,CUST0720,2023-11-15,870047,Palembang,Sumatera Selatan,30173,OVO,shipped,WEEKEND25,27953.0,Anteraja,2023,November,11,2023-11,0,0,0,1
ORD001929,CUST0636,2023-12-26,399000,Yogyakarta,Di Yogyakarta,18418,Kartu Kredit,delivered,No Promo,0.0,SiCepat,2023,December,12,2023-12,0,0,1,0
ORD001930,CUST0453,2024-05-06,45844,Malang,Jawa Timur,15352,OVO,delivered,FLASHSALE,43156.0,J&T,2024,May,5,2024-05,0,0,1,1
ORD001931,CUST0358,2025-02-25,158000,Bekasi,Jawa Barat,10474,Transfer Bank,delivered,No Promo,0.0,JNE,2025,February,2,2025-02,0,0,1,0
ORD001932,CUST0542,2024-04-09,399000,Semarang,Jawa Tengah,14873,Kartu Kredit,delivered,No Promo,0.0,JNE,2024,April,4,2024-04,0,0,1,0
ORD001933,CUST0282,2022-08-23,357000,Tangerang,Banten,9164,GoPay,shipped,No Promo,0.0,JNE,2022,August,8,2022-08,0,0,0,0
ORD001934,CUST0672,2025-02-20,47041,Malang,Jawa Timur,17871,Transfer Bank,shipped,RAMADAN23,21959.0,SiCepat,2025,February,2,2025-02,0,0,0,1
ORD001935,CUST0403,2023-03-04,1047000,Banjarmasin,Kalimantan Selatan,29289,GoPay,delivered,No Promo,0.0,J&T,2023,March,3,2023-03,0,0,1,0
ORD001936,CUST0500,2022-01-15,487000,Pontianak,Kalimantan Barat,34078,QRIS,shipped,No Promo,0.0,SiCepat,2022,January,1,2022-01,0,0,0,0
ORD001937,CUST0782,2024-04-05,148000,Denpasar,Bali,27422,Transfer Bank,returned,No Promo,0.0,J&T,2024,April,4,2024-04,0,1,0,0
ORD001938,CUST0761,2024-04-15,1427456,Yogyakarta,Di Yogyakarta,17236,GoPay,shipped,MEMBER10,27544.0,JNE,2024,April,4,2024-04,0,0,0,1
ORD001939,CUST0111,2024-10-18,478000,Pontianak,Kalimantan Barat,36305,QRIS,delivered,No Promo,0.0,SiCepat,2024,October,10,2024-10,0,0,1,0
ORD001940,CUST0104,2023-06-04,898000,Jakarta,Dki Jakarta,10963,OVO,delivered,No Promo,0.0,Anteraja,2023,June,6,2023-06,0,0,1,0
ORD001941,CUST0102,2023-06-24,532834,Makassar,Sulawesi Selatan,33355,Transfer Bank,shipped,WEEKEND25,14166.0,J&T,2023,June,6,2023-06,0,0,0,1
ORD001942,CUST0632,2024-12-04,348000,Depok,Jawa Barat,11955,OVO,delivered,No Promo,0.0,SiCepat,2024,December,12,2024-12,0,0,1,0
ORD001943,CUST0790,2024-09-22,575000,Padang,Sumatera Barat,24924,Kartu Kredit,delivered,No Promo,0.0,SiCepat,2024,September,9,2024-09,0,0,1,0
ORD001944,CUST0003,2023-04-29,458000,Tangerang,Banten,12138,QRIS,delivered,No Promo,0.0,SiCepat,2023,April,4,2023-04,0,0,1,0
ORD001945,CUST0726,2024-08-10,168000,Medan,Sumatera Utara,37999,GoPay,delivered,No Promo,0.0,J&T,2024,August,8,2024-08,0,0,1,0
ORD001946,CUST0168,2024-04-18,208000,Banjarmasin,Kalimantan Selatan,38753,Transfer Bank,delivered,No Promo,0.0,SiCepat,2024,April,4,2024-04,0,0,1,0
ORD001947,CUST0118,2024-10-13,268000,Bekasi,Jawa Barat,11585,QRIS,delivered,No Promo,0.0,Pos Indonesia,2024,October,10,2024-10,0,0,1,0
ORD001948,CUST0007,2025-01-25,485148,Medan,Sumatera Utara,35892,Transfer Bank,delivered,HARI BELANJA,13852.0,Anteraja,2025,January,1,2025-01,0,0,1,1
ORD001949,CUST0329,2024-09-05,696000,Bekasi,Jawa Barat,9971,Kartu Kredit,cancelled,No Promo,0.0,JNE,2024,September,9,2024-09,1,0,0,0
ORD001950,CUST0281,2023-12-12,657904,Pontianak,Kalimantan Barat,29264,OVO,processing,MEMBER10,10096.0,SiCepat,2023,December,12,2023-12,0,0,0,1
ORD001951,CUST0788,2022-03-13,59000,Semarang,Jawa Tengah,14803,GoPay,shipped,No Promo,0.0,J&T,2022,March,3,2022-03,0,0,0,0
ORD001952,CUST0198,2024-10-21,149000,Malang,Jawa Timur,21980,GoPay,processing,No Promo,0.0,J&T,2024,October,10,2024-10,0,0,0,0
ORD001953,CUST0744,2023-04-02,449000,Jakarta,Dki Jakarta,9216,Kartu Kredit,delivered,No Promo,0.0,SiCepat,2023,April,4,2023-04,0,0,1,0
ORD001954,CUST0101,2024-06-08,188000,Padang,Sumatera Barat,27600,Kartu Kredit,processing,No Promo,0.0,J&T,2024,June,6,2024-06,0,0,0,0
ORD001955,CUST0541,2022-07-05,499000,Balikpapan,Kalimantan Timur,31022,QRIS,processing,No Promo,0.0,J&T,2022,July,7,2022-07,0,0,0,0
ORD001956,CUST0052,2023-02-13,678000,Semarang,Jawa Tengah,13804,GoPay,cancelled,No Promo,0.0,JNE,2023,February,2,2023-02,1,0,0,0
ORD001957,CUST0698,2023-10-14,69000,Pekanbaru,Riau,23702,OVO,returned,No Promo,0.0,J&T,2023,October,10,2023-10,0,1,0,0
ORD001958,CUST0278,2024-02-28,628000,Balikpapan,Kalimantan Timur,39913,Kartu Kredit,delivered,No Promo,0.0,JNE,2024,February,2,2024-02,0,0,1,0
ORD001959,CUST0577,2024-09-05,1080643,Tangerang,Banten,10775,GoPay,shipped,SALE2024,25357.0,Pos Indonesia,2024,September,9,2024-09,0,0,0,1
ORD001960,CUST0013,2024-01-19,1616000,Makassar,Sulawesi Selatan,31061,Kartu Kredit,delivered,No Promo,0.0,SiCepat,2024,January,1,2024-01,0,0,1,0
ORD001961,CUST0222,2023-03-24,478000,Manado,Sulawesi Utara,33075,Kartu Kredit,delivered,No Promo,0.0,SiCepat,2023,March,3,2023-03,0,0,1,0
ORD001962,CUST0301,2024-07-10,312065,Medan,Sumatera Utara,35497,Transfer Bank,delivered,NEWUSER,16935.0,SiCepat,2024,July,7,2024-07,0,0,1,1
ORD001963,CUST0383,2025-02-21,248000,Padang,Sumatera Barat,32825,Transfer Bank,delivered,No Promo,0.0,Anteraja,2025,February,2,2025-02,0,0,1,0
ORD001964,CUST0391,2024-01-01,117465,Pontianak,Kalimantan Barat,35210,OVO,delivered,RAMADAN23,31535.0,SiCepat,2024,January,1,2024-01,0,0,1,1
ORD001965,CUST0101,2024-04-20,1146000,Semarang,Jawa Tengah,13275,GoPay,delivered,No Promo,0.0,JNE,2024,April,4,2024-04,0,0,1,0
ORD001966,CUST0437,2025-01-21,1036306,Pekanbaru,Riau,30562,Transfer Bank,returned,MEMBER10,20694.0,JNE,2025,January,1,2025-01,0,1,0,1
ORD001967,CUST0003,2023-08-02,178000,Tangerang,Banten,9244,GoPay,delivered,No Promo,0.0,Pos Indonesia,2023,August,8,2023-08,0,0,1,0
ORD001968,CUST0701,2024-12-11,69000,Pontianak,Kalimantan Barat,30894,Transfer Bank,delivered,No Promo,0.0,JNE,2024,December,12,2024-12,0,0,1,0
ORD001969,CUST0424,2022-06-19,69000,Bekasi,Jawa Barat,12565,Transfer Bank,delivered,No Promo,0.0,J&T,2022,June,6,2022-06,0,0,1,0
ORD001970,CUST0103,2024-10-31,119000,Banjarmasin,Kalimantan Selatan,31471,Transfer Bank,delivered,No Promo,0.0,J&T,2024,October,10,2024-10,0,0,1,0
ORD001971,CUST0414,2023-05-30,778000,Surabaya,Jawa Timur,13096,QRIS,delivered,No Promo,0.0,SiCepat,2023,May,5,2023-05,0,0,1,0
ORD001972,CUST0170,2023-03-08,89000,Bekasi,Jawa Barat,11952,OVO,delivered,No Promo,0.0,SiCepat,2023,March,3,2023-03,0,0,1,0
ORD001973,CUST0005,2022-06-21,49000,Pekanbaru,Riau,28642,OVO,processing,No Promo,0.0,SiCepat,2022,June,6,2022-06,0,0,0,0
ORD001974,CUST0372,2025-01-06,599000,Semarang,Jawa Tengah,15854,GoPay,delivered,No Promo,0.0,JNE,2025,January,1,2025-01,0,0,1,0
ORD001975,CUST0328,2022-12-08,827000,Makassar,Sulawesi Selatan,33845,Transfer Bank,delivered,No Promo,0.0,SiCepat,2022,December,12,2022-12,0,0,1,0
ORD001976,CUST0565,2022-04-29,105019,Banjarmasin,Kalimantan Selatan,28311,Transfer Bank,shipped,MEMBER10,43981.0,Anteraja,2022,April,4,2022-04,0,0,0,1
ORD001977,CUST0175,2024-05-02,1048000,Palembang,Sumatera Selatan,33120,GoPay,delivered,No Promo,0.0,JNE,2024,May,5,2024-05,0,0,1,0
ORD001978,CUST0768,2023-07-29,248000,Denpasar,Bali,30322,OVO,cancelled,No Promo,0.0,Pos Indonesia,2023,July,7,2023-07,1,0,0,0
ORD001979,CUST0693,2022-03-25,109559,Manado,Sulawesi Utara,43579,OVO,returned,SALE2024,39441.0,Pos Indonesia,2022,March,3,2022-03,0,1,0,1
ORD001980,CUST0766,2022-04-27,498000,Jakarta,Dki Jakarta,8390,Kartu Kredit,cancelled,No Promo,0.0,Anteraja,2022,April,4,2022-04,1,0,0,0
ORD001981,CUST0558,2024-11-14,1647000,Denpasar,Bali,27988,Transfer Bank,returned,No Promo,0.0,Pos Indonesia,2024,November,11,2024-11,0,1,0,0
ORD001982,CUST0341,2023-03-18,1297000,Balikpapan,Kalimantan Timur,42101,QRIS,processing,No Promo,0.0,SiCepat,2023,March,3,2023-03,0,0,0,0
ORD001983,CUST0373,2024-11-16,727000,Semarang,Jawa Tengah,15186,Transfer Bank,delivered,No Promo,0.0,JNE,2024,November,11,2024-11,0,0,1,0
ORD001984,CUST0673,2023-05-25,225093,Makassar,Sulawesi Selatan,34200,OVO,processing,WEEKEND25,12907.0,JNE,2023,May,5,2023-05,0,0,0,1
ORD001985,CUST0747,2023-10-26,129000,Palembang,Sumatera Selatan,31915,OVO,delivered,No Promo,0.0,JNE,2023,October,10,2023-10,0,0,1,0
ORD001986,CUST0632,2022-07-05,727000,Banjarmasin,Kalimantan Selatan,39970,GoPay,delivered,No Promo,0.0,JNE,2022,July,7,2022-07,0,0,1,0
ORD001987,CUST0650,2022-07-20,254959,Yogyakarta,Di Yogyakarta,18328,Kartu Kredit,cancelled,SALE2024,24041.0,J&T,2022,July,7,2022-07,1,0,0,1
ORD001988,CUST0327,2023-09-18,756000,Denpasar,Bali,31061,Kartu Kredit,delivered,No Promo,0.0,Pos Indonesia,2023,September,9,2023-09,0,0,1,0
ORD001989,CUST0094,2024-01-15,558000,Pekanbaru,Riau,31762,OVO,cancelled,No Promo,0.0,JNE,2024,January,1,2024-01,1,0,0,0
ORD001990,CUST0031,2024-06-18,886000,Pontianak,Kalimantan Barat,32689,Transfer Bank,processing,No Promo,0.0,JNE,2024,June,6,2024-06,0,0,0,0
ORD001991,CUST0508,2024-04-28,1697000,Manado,Sulawesi Utara,35664,Kartu Kredit,delivered,No Promo,0.0,J&T,2024,April,4,2024-04,0,0,1,0
ORD001992,CUST0716,2023-10-16,668000,Yogyakarta,Di Yogyakarta,16999,GoPay,processing,No Promo,0.0,J&T,2023,October,10,2023-10,0,0,0,0
ORD001993,CUST0068,2024-12-16,58739,Makassar,Sulawesi Selatan,32721,OVO,shipped,HARI BELANJA,30261.0,SiCepat,2024,December,12,2024-12,0,0,0,1
ORD001994,CUST0397,2022-01-05,1053536,Balikpapan,Kalimantan Timur,31751,Transfer Bank,delivered,FLASHSALE,44464.0,JNE,2022,January,1,2022-01,0,0,1,1
ORD001995,CUST0558,2024-02-18,449000,Denpasar,Bali,22732,Transfer Bank,delivered,No Promo,0.0,Anteraja,2024,February,2,2024-02,0,0,1,0
ORD001996,CUST0406,2022-10-04,936000,Jakarta,Dki Jakarta,9409,Transfer Bank,cancelled,No Promo,0.0,JNE,2022,October,10,2022-10,1,0,0,0
ORD001997,CUST0160,2023-11-01,1191562,Pontianak,Kalimantan Barat,38854,GoPay,delivered,MEMBER10,35438.0,JNE,2023,November,11,2023-11,0,0,1,1
ORD001998,CUST0631,2023-12-08,278000,Surabaya,Jawa Timur,15812,GoPay,cancelled,No Promo,0.0,JNE,2023,December,12,2023-12,1,0,0,0
ORD001999,CUST0008,2023-04-23,59000,Denpasar,Bali,25748,Transfer Bank,returned,No Promo,0.0,J&T,2023,April,4,2023-04,0,1,0,0
ORD002000,CUST0334,2025-01-10,597000,Manado,Sulawesi Utara,36458,GoPay,delivered,No Promo,0.0,JNE,2025,January,1,2025-01,0,0,1,0
ORD002001,CUST0454,2023-10-27,632236,Makassar,Sulawesi Selatan,34807,QRIS,delivered,WEEKEND25,24764.0,JNE,2023,October,10,2023-10,0,0,1,1
ORD002002,CUST0677,2025-02-16,119000,Surabaya,Jawa Timur,13812,OVO,delivered,No Promo,0.0,Anteraja,2025,February,2,2025-02,0,0,1,0
ORD002003,CUST0105,2023-11-13,436000,Padang,Sumatera Barat,24717,Transfer Bank,delivered,No Promo,0.0,J&T,2023,November,11,2023-11,0,0,1,0
ORD002004,CUST0231,2024-11-29,399823,Tangerang,Banten,13185,OVO,shipped,RAMADAN23,49177.0,Pos Indonesia,2024,November,11,2024-11,0,0,0,1
ORD002005,CUST0022,2022-03-01,965125,Surabaya,Jawa Timur,14851,Transfer Bank,delivered,HARI BELANJA,32875.0,Anteraja,2022,March,3,2022-03,0,0,1,1
ORD002006,CUST0034,2023-06-04,128548,Manado,Sulawesi Utara,34646,GoPay,cancelled,WEEKEND25,20452.0,J&T,2023,June,6,2023-06,1,0,0,1
ORD002007,CUST0678,2022-11-30,658000,Surabaya,Jawa Timur,14324,QRIS,shipped,No Promo,0.0,SiCepat,2022,November,11,2022-11,0,0,0,0
ORD002008,CUST0572,2024-11-16,2345000,Semarang,Jawa Tengah,13348,Transfer Bank,cancelled,No Promo,0.0,JNE,2024,November,11,2024-11,1,0,0,0
ORD002009,CUST0233,2023-07-25,1321189,Manado,Sulawesi Utara,36137,Transfer Bank,delivered,MEMBER10,33811.0,Pos Indonesia,2023,July,7,2023-07,0,0,1,1
ORD002010,CUST0595,2023-01-31,1305000,Surabaya,Jawa Timur,12417,Transfer Bank,shipped,No Promo,0.0,Anteraja,2023,January,1,2023-01,0,0,0,0
ORD002011,CUST0139,2024-12-05,589691,Bekasi,Jawa Barat,10664,GoPay,delivered,RAMADAN23,27309.0,Pos Indonesia,2024,December,12,2024-12,0,0,1,1
ORD002012,CUST0727,2023-05-15,297005,Semarang,Jawa Tengah,13622,GoPay,delivered,SALE2024,31995.0,JNE,2023,May,5,2023-05,0,0,1,1
ORD002013,CUST0331,2025-01-22,1339695,Depok,Jawa Barat,10541,Transfer Bank,delivered,HARBOLNAS22,16305.0,J&T,2025,January,1,2025-01,0,0,1,1
ORD002014,CUST0398,2023-08-20,199000,Banjarmasin,Kalimantan Selatan,40637,GoPay,delivered,No Promo,0.0,J&T,2023,August,8,2023-08,0,0,1,0
ORD002015,CUST0761,2023-11-29,149000,Yogyakarta,Di Yogyakarta,19232,QRIS,processing,No Promo,0.0,Pos Indonesia,2023,November,11,2023-11,0,0,0,0
ORD002016,CUST0363,2023-02-05,1077000,Depok,Jawa Barat,11333,GoPay,shipped,No Promo,0.0,SiCepat,2023,February,2,2023-02,0,0,0,0
ORD002017,CUST0569,2023-06-02,217977,Pekanbaru,Riau,23273,OVO,returned,HARI BELANJA,11023.0,Anteraja,2023,June,6,2023-06,0,1,0,1
ORD002018,CUST0595,2024-03-17,274833,Surabaya,Jawa Timur,12067,Transfer Bank,delivered,NEWUSER,22167.0,J&T,2024,March,3,2024-03,0,0,1,1
ORD002019,CUST0689,2024-09-25,525000,Medan,Sumatera Utara,38645,OVO,delivered,No Promo,0.0,Pos Indonesia,2024,September,9,2024-09,0,0,1,0
ORD002020,CUST0790,2025-01-28,1297000,Semarang,Jawa Tengah,12123,QRIS,delivered,No Promo,0.0,Anteraja,2025,January,1,2025-01,0,0,1,0
ORD002021,CUST0297,2022-12-14,1455000,Banjarmasin,Kalimantan Selatan,35600,Kartu Kredit,delivered,No Promo,0.0,SiCepat,2022,December,12,2022-12,0,0,1,0
ORD002022,CUST0036,2024-08-10,638000,Malang,Jawa Timur,16853,QRIS,delivered,No Promo,0.0,SiCepat,2024,August,8,2024-08,0,0,1,0
ORD002023,CUST0213,2024-05-08,199000,Medan,Sumatera Utara,36334,QRIS,delivered,No Promo,0.0,SiCepat,2024,May,5,2024-05,0,0,1,0
ORD002024,CUST0473,2024-10-13,606000,Banjarmasin,Kalimantan Selatan,34700,Transfer Bank,shipped,No Promo,0.0,JNE,2024,October,10,2024-10,0,0,0,0
ORD002025,CUST0042,2023-07-25,278150,Bogor,Jawa Barat,10894,QRIS,delivered,NEWUSER,19850.0,SiCepat,2023,July,7,2023-07,0,0,1,1
ORD002026,CUST0592,2024-08-13,49000,Balikpapan,Kalimantan Timur,31406,OVO,shipped,No Promo,0.0,JNE,2024,August,8,2024-08,0,0,0,0
ORD002027,CUST0008,2023-05-06,149000,Bogor,Jawa Barat,11968,GoPay,shipped,No Promo,0.0,JNE,2023,May,5,2023-05,0,0,0,0
ORD002028,CUST0539,2025-01-10,70195,Balikpapan,Kalimantan Timur,35643,Kartu Kredit,delivered,RAMADAN23,28805.0,JNE,2025,January,1,2025-01,0,0,1,1
ORD002029,CUST0473,2023-03-01,416129,Banjarmasin,Kalimantan Selatan,32183,GoPay,delivered,FLASHSALE,32871.0,SiCepat,2023,March,3,2023-03,0,0,1,1
ORD002030,CUST0428,2024-08-29,58096,Semarang,Jawa Tengah,12526,OVO,processing,HARBOLNAS22,10904.0,J&T,2024,August,8,2024-08,0,0,0,1
ORD002031,CUST0559,2024-09-29,437000,Bogor,Jawa Barat,11831,GoPay,delivered,No Promo,0.0,JNE,2024,September,9,2024-09,0,0,1,0
ORD002032,CUST0444,2022-09-02,1077674,Denpasar,Bali,21122,GoPay,shipped,SALE2024,38326.0,SiCepat,2022,September,9,2022-09,0,0,0,1
ORD002033,CUST0068,2023-05-23,427000,Makassar,Sulawesi Selatan,43296,GoPay,delivered,No Promo,0.0,SiCepat,2023,May,5,2023-05,0,0,1,0
ORD002034,CUST0137,2024-10-24,635882,Surabaya,Jawa Timur,12056,GoPay,delivered,MEMBER10,42118.0,JNE,2024,October,10,2024-10,0,0,1,1
ORD002035,CUST0423,2023-03-24,178000,Padang,Sumatera Barat,33189,OVO,delivered,No Promo,0.0,SiCepat,2023,March,3,2023-03,0,0,1,0
ORD002036,CUST0135,2024-03-21,386761,Makassar,Sulawesi Selatan,41396,Kartu Kredit,delivered,NEWUSER,12239.0,JNE,2024,March,3,2024-03,0,0,1,1
ORD002037,CUST0180,2022-07-16,387000,Tangerang,Banten,9420,OVO,delivered,No Promo,0.0,J&T,2022,July,7,2022-07,0,0,1,0
ORD002038,CUST0015,2023-07-30,199000,Medan,Sumatera Utara,29110,GoPay,delivered,No Promo,0.0,J&T,2023,July,7,2023-07,0,0,1,0
ORD002039,CUST0178,2024-11-08,1196000,Yogyakarta,Di Yogyakarta,18191,Transfer Bank,shipped,No Promo,0.0,J&T,2024,November,11,2024-11,0,0,0,0
ORD002040,CUST0189,2024-11-17,528000,Tangerang,Banten,12487,OVO,delivered,No Promo,0.0,J&T,2024,November,11,2024-11,0,0,1,0
ORD002041,CUST0179,2022-03-21,186344,Medan,Sumatera Utara,33383,GoPay,cancelled,WEEKEND25,42656.0,JNE,2022,March,3,2022-03,1,0,0,1
ORD002042,CUST0566,2022-11-19,99000,Malang,Jawa Timur,18024,Transfer Bank,delivered,No Promo,0.0,SiCepat,2022,November,11,2022-11,0,0,1,0
ORD002043,CUST0262,2023-02-28,83314,Medan,Sumatera Utara,34205,Transfer Bank,delivered,HARI BELANJA,45686.0,JNE,2023,February,2,2023-02,0,0,1,1
ORD002044,CUST0663,2025-02-23,360285,Balikpapan,Kalimantan Timur,33626,Kartu Kredit,delivered,NEWUSER,36715.0,J&T,2025,February,2,2025-02,0,0,1,1
ORD002045,CUST0571,2024-10-02,698000,Manado,Sulawesi Utara,44658,GoPay,delivered,No Promo,0.0,J&T,2024,October,10,2024-10,0,0,1,0
ORD002046,CUST0488,2024-06-14,548064,Bogor,Jawa Barat,14154,Transfer Bank,delivered,SALE2024,49936.0,J&T,2024,June,6,2024-06,0,0,1,1
ORD002047,CUST0284,2025-01-14,608000,Bandung,Jawa Barat,14202,QRIS,delivered,No Promo,0.0,JNE,2025,January,1,2025-01,0,0,1,0
ORD002048,CUST0039,2023-05-09,387000,Semarang,Jawa Tengah,13494,GoPay,processing,No Promo,0.0,J&T,2023,May,5,2023-05,0,0,0,0
ORD002049,CUST0178,2024-10-18,1526000,Yogyakarta,Di Yogyakarta,13586,QRIS,processing,No Promo,0.0,SiCepat,2024,October,10,2024-10,0,0,0,0
ORD002050,CUST0521,2025-01-10,688000,Palembang,Sumatera Selatan,26185,Transfer Bank,delivered,No Promo,0.0,SiCepat,2025,January,1,2025-01,0,0,1,0
ORD002051,CUST0016,2024-02-20,86885,Padang,Sumatera Barat,24050,Kartu Kredit,processing,MEMBER10,12115.0,SiCepat,2024,February,2,2024-02,0,0,0,1
ORD002052,CUST0171,2024-06-19,49000,Pekanbaru,Riau,27881,QRIS,delivered,No Promo,0.0,Anteraja,2024,June,6,2024-06,0,0,1,0
ORD002053,CUST0534,2023-11-05,777000,Depok,Jawa Barat,9088,OVO,shipped,No Promo,0.0,SiCepat,2023,November,11,2023-11,0,0,0,0
ORD002054,CUST0491,2023-12-21,387000,Yogyakarta,Di Yogyakarta,19865,Transfer Bank,delivered,No Promo,0.0,J&T,2023,December,12,2023-12,0,0,1,0
ORD002055,CUST0691,2024-11-11,40343,Jakarta,Dki Jakarta,8324,GoPay,delivered,HARI BELANJA,48657.0,SiCepat,2024,November,11,2024-11,0,0,1,1
ORD002056,CUST0094,2024-05-07,518416,Pekanbaru,Riau,33312,Kartu Kredit,processing,NEWUSER,27584.0,Anteraja,2024,May,5,2024-05,0,0,0,1
ORD002057,CUST0794,2025-02-01,453170,Pekanbaru,Riau,25857,Kartu Kredit,delivered,HARBOLNAS22,45830.0,SiCepat,2025,February,2,2025-02,0,0,1,1
ORD002058,CUST0722,2024-12-27,518959,Jakarta,Dki Jakarta,10104,GoPay,delivered,NEWUSER,30041.0,J&T,2024,December,12,2024-12,0,0,1,1
ORD002059,CUST0540,2023-06-04,986557,Bekasi,Jawa Barat,12197,Transfer Bank,delivered,NEWUSER,11443.0,JNE,2023,June,6,2023-06,0,0,1,1
ORD002060,CUST0616,2024-05-10,1796000,Banjarmasin,Kalimantan Selatan,29149,OVO,delivered,No Promo,0.0,JNE,2024,May,5,2024-05,0,0,1,0
ORD002061,CUST0351,2023-09-16,1047000,Tangerang,Banten,11044,Transfer Bank,shipped,No Promo,0.0,Anteraja,2023,September,9,2023-09,0,0,0,0
ORD002062,CUST0076,2024-06-04,1097000,Surabaya,Jawa Timur,14333,Transfer Bank,delivered,No Promo,0.0,J&T,2024,June,6,2024-06,0,0,1,0
ORD002063,CUST0136,2023-10-13,1397000,Jakarta,Dki Jakarta,9916,Transfer Bank,delivered,No Promo,0.0,J&T,2023,October,10,2023-10,0,0,1,0
ORD002064,CUST0343,2023-01-30,129000,Balikpapan,Kalimantan Timur,41548,OVO,shipped,No Promo,0.0,Anteraja,2023,January,1,2023-01,0,0,0,0
ORD002065,CUST0458,2023-05-31,79000,Depok,Jawa Barat,12183,GoPay,delivered,No Promo,0.0,J&T,2023,May,5,2023-05,0,0,1,0
ORD002066,CUST0617,2024-09-25,100303,Padang,Sumatera Barat,30944,Transfer Bank,cancelled,HARBOLNAS22,28697.0,Pos Indonesia,2024,September,9,2024-09,1,0,0,1
ORD002067,CUST0625,2022-05-26,164823,Jakarta,Dki Jakarta,9910,Transfer Bank,delivered,WEEKEND25,14177.0,J&T,2022,May,5,2022-05,0,0,1,1
ORD002068,CUST0063,2024-05-15,932033,Yogyakarta,Di Yogyakarta,17502,GoPay,cancelled,HARBOLNAS22,24967.0,J&T,2024,May,5,2024-05,1,0,0,1
ORD002069,CUST0322,2023-10-20,435458,Banjarmasin,Kalimantan Selatan,39075,QRIS,delivered,RAMADAN23,22542.0,SiCepat,2023,October,10,2023-10,0,0,1,1
ORD002070,CUST0590,2024-10-07,102955,Pontianak,Kalimantan Barat,38287,Transfer Bank,delivered,WEEKEND25,26045.0,Pos Indonesia,2024,October,10,2024-10,0,0,1,1
ORD002071,CUST0095,2024-08-25,787000,Yogyakarta,Di Yogyakarta,17249,GoPay,delivered,No Promo,0.0,SiCepat,2024,August,8,2024-08,0,0,1,0
ORD002072,CUST0784,2024-04-26,99000,Tangerang,Banten,10980,Transfer Bank,delivered,No Promo,0.0,SiCepat,2024,April,4,2024-04,0,0,1,0
ORD002073,CUST0432,2023-10-09,152177,Depok,Jawa Barat,12000,Kartu Kredit,delivered,NEWUSER,26823.0,J&T,2023,October,10,2023-10,0,0,1,1
ORD002074,CUST0577,2024-05-04,449000,Tangerang,Banten,12809,GoPay,delivered,No Promo,0.0,J&T,2024,May,5,2024-05,0,0,1,0
ORD002075,CUST0631,2023-05-30,99000,Medan,Sumatera Utara,33726,Transfer Bank,delivered,No Promo,0.0,SiCepat,2023,May,5,2023-05,0,0,1,0
ORD002076,CUST0330,2022-11-12,779282,Semarang,Jawa Tengah,15492,OVO,delivered,FLASHSALE,18718.0,JNE,2022,November,11,2022-11,0,0,1,1
ORD002077,CUST0308,2022-05-29,129000,Bekasi,Jawa Barat,12736,GoPay,shipped,No Promo,0.0,SiCepat,2022,May,5,2022-05,0,0,0,0
ORD002078,CUST0096,2024-03-16,687000,Pontianak,Kalimantan Barat,39931,QRIS,delivered,No Promo,0.0,Anteraja,2024,March,3,2024-03,0,0,1,0
ORD002079,CUST0319,2025-01-03,98000,Bandung,Jawa Barat,12101,Kartu Kredit,delivered,No Promo,0.0,Pos Indonesia,2025,January,1,2025-01,0,0,1,0
ORD002080,CUST0733,2024-01-24,404110,Makassar,Sulawesi Selatan,31070,Transfer Bank,delivered,SALE2024,23890.0,J&T,2024,January,1,2024-01,0,0,1,1
ORD002081,CUST0262,2024-07-12,697000,Medan,Sumatera Utara,39704,GoPay,delivered,No Promo,0.0,JNE,2024,July,7,2024-07,0,0,1,0
ORD002082,CUST0422,2023-03-14,365115,Makassar,Sulawesi Selatan,41057,Transfer Bank,cancelled,NEWUSER,31885.0,Anteraja,2023,March,3,2023-03,1,0,0,1
ORD002083,CUST0218,2023-11-09,329000,Bekasi,Jawa Barat,12520,Transfer Bank,returned,No Promo,0.0,SiCepat,2023,November,11,2023-11,0,1,0,0
ORD002084,CUST0087,2024-04-26,458000,Banjarmasin,Kalimantan Selatan,32648,QRIS,delivered,No Promo,0.0,J&T,2024,April,4,2024-04,0,0,1,0
ORD002085,CUST0280,2024-09-28,101343,Depok,Jawa Barat,9151,GoPay,cancelled,FLASHSALE,27657.0,Anteraja,2024,September,9,2024-09,1,0,0,1
ORD002086,CUST0428,2024-02-05,798000,Manado,Sulawesi Utara,42106,Transfer Bank,shipped,No Promo,0.0,J&T,2024,February,2,2024-02,0,0,0,0
ORD002087,CUST0655,2023-06-08,79000,Bogor,Jawa Barat,11900,Transfer Bank,delivered,No Promo,0.0,J&T,2023,June,6,2023-06,0,0,1,0
ORD002088,CUST0131,2024-12-11,640287,Bekasi,Jawa Barat,9138,Transfer Bank,returned,HARI BELANJA,46713.0,SiCepat,2024,December,12,2024-12,0,1,0,1
ORD002089,CUST0509,2023-06-22,266320,Manado,Sulawesi Utara,32441,Kartu Kredit,delivered,HARBOLNAS22,31680.0,JNE,2023,June,6,2023-06,0,0,1,1
ORD002090,CUST0698,2023-12-12,179000,Pekanbaru,Riau,33875,QRIS,processing,No Promo,0.0,Anteraja,2023,December,12,2023-12,0,0,0,0
ORD002091,CUST0751,2025-01-27,309842,Palembang,Sumatera Selatan,31736,Transfer Bank,delivered,FLASHSALE,39158.0,JNE,2025,January,1,2025-01,0,0,1,1
ORD002092,CUST0561,2023-03-26,716000,Jakarta,Dki Jakarta,10780,Kartu Kredit,delivered,No Promo,0.0,JNE,2023,March,3,2023-03,0,0,1,0
ORD002093,CUST0576,2023-06-21,377000,Manado,Sulawesi Utara,44564,OVO,delivered,No Promo,0.0,SiCepat,2023,June,6,2023-06,0,0,1,0
ORD002094,CUST0686,2023-12-13,356000,Semarang,Jawa Tengah,12029,Kartu Kredit,cancelled,No Promo,0.0,J&T,2023,December,12,2023-12,1,0,0,0
ORD002095,CUST0033,2024-01-16,665543,Balikpapan,Kalimantan Timur,40862,QRIS,delivered,MEMBER10,41457.0,J&T,2024,January,1,2024-01,0,0,1,1
ORD002096,CUST0507,2023-03-02,113711,Padang,Sumatera Barat,34307,Kartu Kredit,processing,HARI BELANJA,15289.0,SiCepat,2023,March,3,2023-03,0,0,0,1
ORD002097,CUST0555,2024-12-22,279000,Bogor,Jawa Barat,10553,Transfer Bank,processing,No Promo,0.0,SiCepat,2024,December,12,2024-12,0,0,0,0
ORD002098,CUST0074,2024-10-26,1245000,Medan,Sumatera Utara,27053,Kartu Kredit,delivered,No Promo,0.0,SiCepat,2024,October,10,2024-10,0,0,1,0
ORD002099,CUST0355,2023-06-14,176304,Medan,Sumatera Utara,36485,OVO,delivered,NEWUSER,21696.0,JNE,2023,June,6,2023-06,0,0,1,1
ORD002100,CUST0093,2023-10-30,67414,Bandung,Jawa Barat,14032,Transfer Bank,processing,WEEKEND25,11586.0,J&T,2023,October,10,2023-10,0,0,0,1
ORD002101,CUST0304,2022-11-08,687000,Surabaya,Jawa Timur,16020,Transfer Bank,delivered,No Promo,0.0,Pos Indonesia,2022,November,11,2022-11,0,0,1,0
ORD002102,CUST0040,2023-07-02,407453,Malang,Jawa Timur,21859,OVO,delivered,HARI BELANJA,20547.0,J&T,2023,July,7,2023-07,0,0,1,1
ORD002103,CUST0623,2022-11-09,866305,Manado,Sulawesi Utara,40733,OVO,shipped,WEEKEND25,31695.0,SiCepat,2022,November,11,2022-11,0,0,0,1
ORD002104,CUST0553,2024-08-25,355940,Malang,Jawa Timur,18854,Transfer Bank,delivered,MEMBER10,42060.0,SiCepat,2024,August,8,2024-08,0,0,1,1
ORD002105,CUST0618,2025-01-27,428000,Manado,Sulawesi Utara,42125,OVO,delivered,No Promo,0.0,SiCepat,2025,January,1,2025-01,0,0,1,0
ORD002106,CUST0167,2023-01-18,449000,Medan,Sumatera Utara,30174,Kartu Kredit,delivered,No Promo,0.0,Anteraja,2023,January,1,2023-01,0,0,1,0
ORD002107,CUST0034,2022-03-13,1547000,Padang,Sumatera Barat,29726,GoPay,delivered,No Promo,0.0,JNE,2022,March,3,2022-03,0,0,1,0
ORD002108,CUST0542,2022-02-04,599735,Semarang,Jawa Tengah,13155,Kartu Kredit,shipped,NEWUSER,26265.0,JNE,2022,February,2,2022-02,0,0,0,1
ORD002109,CUST0030,2024-01-26,452927,Denpasar,Bali,29066,QRIS,processing,SALE2024,34073.0,SiCepat,2024,January,1,2024-01,0,0,0,1
ORD002110,CUST0515,2022-05-23,677255,Surabaya,Jawa Timur,15258,QRIS,shipped,RAMADAN23,39745.0,SiCepat,2022,May,5,2022-05,0,0,0,1
ORD002111,CUST0426,2025-01-30,402996,Makassar,Sulawesi Selatan,31396,GoPay,cancelled,WEEKEND25,45004.0,J&T,2025,January,1,2025-01,1,0,0,1
ORD002112,CUST0421,2024-07-09,79000,Jakarta,Dki Jakarta,11023,Kartu Kredit,delivered,No Promo,0.0,J&T,2024,July,7,2024-07,0,0,1,0
ORD002113,CUST0197,2024-05-06,427000,Depok,Jawa Barat,11601,GoPay,cancelled,No Promo,0.0,J&T,2024,May,5,2024-05,1,0,0,0
ORD002114,CUST0396,2022-12-06,1336000,Palembang,Sumatera Selatan,32757,GoPay,processing,No Promo,0.0,JNE,2022,December,12,2022-12,0,0,0,0
ORD002115,CUST0662,2024-06-21,478000,Medan,Sumatera Utara,35174,OVO,delivered,No Promo,0.0,SiCepat,2024,June,6,2024-06,0,0,1,0
ORD002116,CUST0155,2023-10-14,1258531,Pekanbaru,Riau,23498,GoPay,returned,HARBOLNAS22,38469.0,SiCepat,2023,October,10,2023-10,0,1,0,1
ORD002117,CUST0190,2024-09-03,641792,Surabaya,Jawa Timur,17698,OVO,delivered,RAMADAN23,44208.0,SiCepat,2024,September,9,2024-09,0,0,1,1
ORD002118,CUST0221,2023-04-09,974500,Semarang,Jawa Tengah,15337,Transfer Bank,delivered,HARI BELANJA,19500.0,JNE,2023,April,4,2023-04,0,0,1,1
ORD002119,CUST0302,2025-02-04,308822,Manado,Sulawesi Utara,39598,GoPay,delivered,NEWUSER,19178.0,J&T,2025,February,2,2025-02,0,0,1,1
ORD002120,CUST0401,2024-12-10,1112252,Denpasar,Bali,20396,OVO,cancelled,SALE2024,34748.0,JNE,2024,December,12,2024-12,1,0,0,1
ORD002121,CUST0144,2023-04-08,1775000,Banjarmasin,Kalimantan Selatan,31067,GoPay,delivered,No Promo,0.0,SiCepat,2023,April,4,2023-04,0,0,1,0
ORD002122,CUST0638,2023-12-09,118000,Depok,Jawa Barat,12830,GoPay,shipped,No Promo,0.0,SiCepat,2023,December,12,2023-12,0,0,0,0
ORD002123,CUST0340,2025-01-14,409229,Malang,Jawa Timur,14545,GoPay,delivered,MEMBER10,39771.0,JNE,2025,January,1,2025-01,0,0,1,1
ORD002124,CUST0030,2024-06-01,598000,Pekanbaru,Riau,27807,Kartu Kredit,delivered,No Promo,0.0,SiCepat,2024,June,6,2024-06,0,0,1,0
ORD002125,CUST0306,2022-09-22,279000,Tangerang,Banten,10464,GoPay,delivered,No Promo,0.0,J&T,2022,September,9,2022-09,0,0,1,0
ORD002126,CUST0653,2025-01-30,1167000,Denpasar,Bali,22077,Transfer Bank,returned,No Promo,0.0,SiCepat,2025,January,1,2025-01,0,1,0,0
ORD002127,CUST0317,2022-07-23,378000,Malang,Jawa Timur,17337,Transfer Bank,delivered,No Promo,0.0,JNE,2022,July,7,2022-07,0,0,1,0
ORD002128,CUST0228,2024-11-22,296000,Yogyakarta,Di Yogyakarta,19785,OVO,processing,No Promo,0.0,JNE,2024,November,11,2024-11,0,0,0,0
ORD002129,CUST0691,2022-08-16,128292,Jakarta,Dki Jakarta,11631,GoPay,delivered,HARBOLNAS22,48708.0,JNE,2022,August,8,2022-08,0,0,1,1
ORD002130,CUST0099,2024-05-09,292632,Depok,Jawa Barat,11067,Transfer Bank,delivered,HARBOLNAS22,36368.0,SiCepat,2024,May,5,2024-05,0,0,1,1
ORD002131,CUST0268,2024-10-20,698000,Balikpapan,Kalimantan Timur,35337,OVO,delivered,No Promo,0.0,JNE,2024,October,10,2024-10,0,0,1,0
ORD002132,CUST0327,2024-03-17,465076,Denpasar,Bali,22762,Transfer Bank,cancelled,HARBOLNAS22,33924.0,J&T,2024,March,3,2024-03,1,0,0,1
ORD002133,CUST0594,2024-11-28,553208,Malang,Jawa Timur,18306,Kartu Kredit,delivered,SALE2024,45792.0,JNE,2024,November,11,2024-11,0,0,1,1
ORD002134,CUST0407,2024-12-16,705000,Pontianak,Kalimantan Barat,40877,OVO,processing,No Promo,0.0,JNE,2024,December,12,2024-12,0,0,0,0
ORD002135,CUST0435,2024-03-31,79000,Depok,Jawa Barat,13835,GoPay,cancelled,No Promo,0.0,J&T,2024,March,3,2024-03,1,0,0,0
ORD002136,CUST0714,2022-10-18,1856000,Medan,Sumatera Utara,25042,Kartu Kredit,shipped,No Promo,0.0,JNE,2022,October,10,2022-10,0,0,0,0
ORD002137,CUST0419,2023-09-25,264526,Malang,Jawa Timur,18782,Transfer Bank,cancelled,RAMADAN23,13474.0,JNE,2023,September,9,2023-09,1,0,0,1
ORD002138,CUST0625,2022-12-08,427000,Tangerang,Banten,11975,Kartu Kredit,delivered,No Promo,0.0,J&T,2022,December,12,2022-12,0,0,1,0
ORD002139,CUST0446,2022-10-01,249000,Padang,Sumatera Barat,33094,GoPay,delivered,No Promo,0.0,SiCepat,2022,October,10,2022-10,0,0,1,0
ORD002140,CUST0616,2024-01-26,437000,Pontianak,Kalimantan Barat,32876,Transfer Bank,delivered,No Promo,0.0,J&T,2024,January,1,2024-01,0,0,1,0
ORD002141,CUST0699,2024-02-09,457000,Medan,Sumatera Utara,29313,QRIS,delivered,No Promo,0.0,JNE,2024,February,2,2024-02,0,0,1,0
ORD002142,CUST0496,2023-05-02,1428468,Manado,Sulawesi Utara,34855,GoPay,delivered,HARBOLNAS22,46532.0,SiCepat,2023,May,5,2023-05,0,0,1,1
ORD002143,CUST0654,2024-06-15,208000,Bandung,Jawa Barat,14668,QRIS,delivered,No Promo,0.0,JNE,2024,June,6,2024-06,0,0,1,0
ORD002144,CUST0132,2023-12-25,100631,Depok,Jawa Barat,12454,GoPay,shipped,RAMADAN23,18369.0,J&T,2023,December,12,2023-12,0,0,0,1
ORD002145,CUST0800,2023-03-09,59000,Padang,Sumatera Barat,28807,OVO,returned,No Promo,0.0,JNE,2023,March,3,2023-03,0,1,0,0
ORD002146,CUST0354,2022-12-02,957000,Denpasar,Bali,30663,GoPay,delivered,No Promo,0.0,SiCepat,2022,December,12,2022-12,0,0,1,0
ORD002147,CUST0164,2024-09-16,907000,Bandung,Jawa Barat,13752,GoPay,returned,No Promo,0.0,Pos Indonesia,2024,September,9,2024-09,0,1,0,0
ORD002148,CUST0097,2024-11-02,449000,Makassar,Sulawesi Selatan,41317,Kartu Kredit,delivered,No Promo,0.0,SiCepat,2024,November,11,2024-11,0,0,1,0
ORD002149,CUST0794,2022-11-05,279000,Pekanbaru,Riau,22252,GoPay,cancelled,No Promo,0.0,J&T,2022,November,11,2022-11,1,0,0,0
ORD002150,CUST0444,2025-01-30,129000,Malang,Jawa Timur,17933,GoPay,returned,No Promo,0.0,J&T,2025,January,1,2025-01,0,1,0,0
ORD002151,CUST0332,2025-02-01,311689,Palembang,Sumatera Selatan,28982,Kartu Kredit,delivered,HARI BELANJA,17311.0,Pos Indonesia,2025,February,2,2025-02,0,0,1,1
ORD002152,CUST0230,2022-01-06,355661,Banjarmasin,Kalimantan Selatan,32279,GoPay,delivered,MEMBER10,43339.0,SiCepat,2022,January,1,2022-01,0,0,1,1
ORD002153,CUST0294,2023-01-10,1277000,Malang,Jawa Timur,17046,Transfer Bank,shipped,No Promo,0.0,J&T,2023,January,1,2023-01,0,0,0,0
ORD002154,CUST0068,2024-10-13,548000,Makassar,Sulawesi Selatan,33241,GoPay,delivered,No Promo,0.0,Anteraja,2024,October,10,2024-10,0,0,1,0
ORD002155,CUST0106,2024-04-29,716699,Makassar,Sulawesi Selatan,34731,Transfer Bank,shipped,HARI BELANJA,29301.0,J&T,2024,April,4,2024-04,0,0,0,1
ORD002156,CUST0199,2023-05-18,399000,Semarang,Jawa Tengah,12020,Kartu Kredit,delivered,No Promo,0.0,SiCepat,2023,May,5,2023-05,0,0,1,0
ORD002157,CUST0789,2023-05-20,953499,Palembang,Sumatera Selatan,32418,GoPay,delivered,RAMADAN23,44501.0,SiCepat,2023,May,5,2023-05,0,0,1,1
ORD002158,CUST0682,2023-08-13,159704,Bandung,Jawa Barat,12591,GoPay,delivered,RAMADAN23,39296.0,JNE,2023,August,8,2023-08,0,0,1,1
ORD002159,CUST0578,2024-11-26,49000,Depok,Jawa Barat,11631,Transfer Bank,delivered,No Promo,0.0,Pos Indonesia,2024,November,11,2024-11,0,0,1,0
ORD002160,CUST0064,2022-11-26,686000,Bekasi,Jawa Barat,11473,QRIS,shipped,No Promo,0.0,J&T,2022,November,11,2022-11,0,0,0,0
ORD002161,CUST0426,2024-04-02,550852,Makassar,Sulawesi Selatan,33961,GoPay,delivered,NEWUSER,27148.0,SiCepat,2024,April,4,2024-04,0,0,1,1
ORD002162,CUST0336,2024-03-07,62886,Jakarta,Dki Jakarta,9514,OVO,delivered,RAMADAN23,35114.0,SiCepat,2024,March,3,2024-03,0,0,1,1
ORD002163,CUST0184,2024-08-09,787548,Medan,Sumatera Utara,30454,Transfer Bank,processing,RAMADAN23,40452.0,J&T,2024,August,8,2024-08,0,0,0,1
ORD002164,CUST0263,2024-01-05,383365,Palembang,Sumatera Selatan,23216,Transfer Bank,delivered,WEEKEND25,23635.0,SiCepat,2024,January,1,2024-01,0,0,1,1
ORD002165,CUST0252,2024-07-09,573997,Balikpapan,Kalimantan Timur,36610,OVO,delivered,NEWUSER,33003.0,J&T,2024,July,7,2024-07,0,0,1,1
ORD002166,CUST0098,2023-11-07,378000,Bekasi,Jawa Barat,13156,GoPay,delivered,No Promo,0.0,SiCepat,2023,November,11,2023-11,0,0,1,0
ORD002167,CUST0146,2024-04-11,1198000,Depok,Jawa Barat,12855,Transfer Bank,delivered,No Promo,0.0,JNE,2024,April,4,2024-04,0,0,1,0
ORD002168,CUST0047,2024-02-04,594657,Pontianak,Kalimantan Barat,28278,Transfer Bank,delivered,HARI BELANJA,12343.0,J&T,2024,February,2,2024-02,0,0,1,1
ORD002169,CUST0771,2023-09-26,651049,Palembang,Sumatera Selatan,25587,GoPay,returned,NEWUSER,46951.0,J&T,2023,September,9,2023-09,0,1,0,1
ORD002170,CUST0797,2023-09-26,798000,Banjarmasin,Kalimantan Selatan,37183,Transfer Bank,cancelled,No Promo,0.0,SiCepat,2023,September,9,2023-09,1,0,0,0
ORD002171,CUST0538,2022-10-24,129000,Depok,Jawa Barat,12181,Transfer Bank,shipped,No Promo,0.0,JNE,2022,October,10,2022-10,0,0,0,0
ORD002172,CUST0323,2022-07-22,618000,Tangerang,Banten,11647,GoPay,processing,No Promo,0.0,SiCepat,2022,July,7,2022-07,0,0,0,0
ORD002173,CUST0767,2024-03-06,199000,Palembang,Sumatera Selatan,26742,Transfer Bank,delivered,No Promo,0.0,JNE,2024,March,3,2024-03,0,0,1,0
ORD002174,CUST0440,2024-08-27,1440114,Palembang,Sumatera Selatan,28255,Kartu Kredit,delivered,SALE2024,45886.0,JNE,2024,August,8,2024-08,0,0,1,1
ORD002175,CUST0408,2022-03-07,129000,Denpasar,Bali,26736,OVO,cancelled,No Promo,0.0,SiCepat,2022,March,3,2022-03,1,0,0,0
ORD002176,CUST0306,2022-05-24,459667,Tangerang,Banten,10399,Transfer Bank,delivered,SALE2024,39333.0,JNE,2022,May,5,2022-05,0,0,1,1
ORD002177,CUST0540,2025-01-18,1077406,Bekasi,Jawa Barat,10319,Transfer Bank,delivered,SALE2024,49594.0,JNE,2025,January,1,2025-01,0,0,1,1
ORD002178,CUST0331,2025-01-21,257961,Bogor,Jawa Barat,11505,OVO,cancelled,HARI BELANJA,40039.0,SiCepat,2025,January,1,2025-01,1,0,0,1
ORD002179,CUST0594,2025-01-13,299000,Malang,Jawa Timur,16253,Transfer Bank,delivered,No Promo,0.0,SiCepat,2025,January,1,2025-01,0,0,1,0
ORD002180,CUST0244,2023-03-16,299000,Medan,Sumatera Utara,36818,QRIS,delivered,No Promo,0.0,SiCepat,2023,March,3,2023-03,0,0,1,0
ORD002181,CUST0800,2023-03-19,328000,Padang,Sumatera Barat,29263,Kartu Kredit,shipped,No Promo,0.0,J&T,2023,March,3,2023-03,0,0,0,0
ORD002182,CUST0199,2025-01-03,1277000,Semarang,Jawa Tengah,13361,OVO,delivered,No Promo,0.0,Pos Indonesia,2025,January,1,2025-01,0,0,1,0
ORD002183,CUST0181,2024-04-11,477000,Makassar,Sulawesi Selatan,30457,GoPay,delivered,No Promo,0.0,JNE,2024,April,4,2024-04,0,0,1,0
ORD002184,CUST0307,2022-05-11,449000,Yogyakarta,Di Yogyakarta,17835,QRIS,delivered,No Promo,0.0,J&T,2022,May,5,2022-05,0,0,1,0
ORD002185,CUST0581,2023-12-08,295587,Tangerang,Banten,9283,Transfer Bank,cancelled,NEWUSER,32413.0,SiCepat,2023,December,12,2023-12,1,0,0,1
ORD002186,CUST0567,2024-12-29,1397000,Palembang,Sumatera Selatan,25395,OVO,delivered,No Promo,0.0,SiCepat,2024,December,12,2024-12,0,0,1,0
ORD002187,CUST0763,2023-09-16,678000,Surabaya,Jawa Timur,14830,Transfer Bank,shipped,No Promo,0.0,JNE,2023,September,9,2023-09,0,0,0,0
ORD002188,CUST0015,2022-01-18,428000,Medan,Sumatera Utara,39556,Transfer Bank,delivered,No Promo,0.0,SiCepat,2022,January,1,2022-01,0,0,1,0
ORD002189,CUST0772,2023-12-20,1247000,Bogor,Jawa Barat,14486,Transfer Bank,delivered,No Promo,0.0,SiCepat,2023,December,12,2023-12,0,0,1,0
ORD002190,CUST0677,2022-03-11,498640,Tangerang,Banten,11164,Kartu Kredit,delivered,RAMADAN23,19360.0,JNE,2022,March,3,2022-03,0,0,1,1
ORD002191,CUST0433,2024-08-14,367000,Banjarmasin,Kalimantan Selatan,28428,Kartu Kredit,cancelled,No Promo,0.0,SiCepat,2024,August,8,2024-08,1,0,0,0
ORD002192,CUST0175,2024-06-25,996446,Palembang,Sumatera Selatan,33716,Transfer Bank,delivered,NEWUSER,29554.0,JNE,2024,June,6,2024-06,0,0,1,1
ORD002193,CUST0061,2024-04-16,279000,Bekasi,Jawa Barat,10223,Kartu Kredit,shipped,No Promo,0.0,JNE,2024,April,4,2024-04,0,0,0,0
ORD002194,CUST0422,2024-11-30,256000,Makassar,Sulawesi Selatan,44969,Kartu Kredit,delivered,No Promo,0.0,SiCepat,2024,November,11,2024-11,0,0,1,0
ORD002195,CUST0289,2023-08-02,550466,Tangerang,Banten,12123,Transfer Bank,delivered,HARBOLNAS22,14534.0,J&T,2023,August,8,2023-08,0,0,1,1
ORD002196,CUST0751,2022-03-10,349000,Malang,Jawa Timur,18290,Kartu Kredit,delivered,No Promo,0.0,SiCepat,2022,March,3,2022-03,0,0,1,0
ORD002197,CUST0494,2023-10-21,897000,Pekanbaru,Riau,26578,Transfer Bank,delivered,No Promo,0.0,JNE,2023,October,10,2023-10,0,0,1,0
ORD002198,CUST0584,2023-01-10,1426000,Tangerang,Banten,10703,Transfer Bank,returned,No Promo,0.0,JNE,2023,January,1,2023-01,0,1,0,0
ORD002199,CUST0212,2022-06-12,197000,Semarang,Jawa Tengah,13777,Transfer Bank,shipped,No Promo,0.0,J&T,2022,June,6,2022-06,0,0,0,0
ORD002200,CUST0367,2024-05-04,367000,Tangerang,Banten,10867,GoPay,delivered,No Promo,0.0,J&T,2024,May,5,2024-05,0,0,1,0
ORD002201,CUST0702,2023-06-25,499000,Manado,Sulawesi Utara,38361,Transfer Bank,returned,No Promo,0.0,JNE,2023,June,6,2023-06,0,1,0,0
ORD002202,CUST0099,2023-06-20,267000,Depok,Jawa Barat,9916,Transfer Bank,delivered,No Promo,0.0,Anteraja,2023,June,6,2023-06,0,0,1,0
ORD002203,CUST0037,2023-08-29,221035,Depok,Jawa Barat,10192,Transfer Bank,delivered,HARBOLNAS22,45965.0,SiCepat,2023,August,8,2023-08,0,0,1,1
ORD002204,CUST0530,2023-01-24,308000,Manado,Sulawesi Utara,43046,OVO,delivered,No Promo,0.0,Anteraja,2023,January,1,2023-01,0,0,1,0
ORD002205,CUST0754,2024-10-08,69000,Tangerang,Banten,13839,QRIS,cancelled,No Promo,0.0,SiCepat,2024,October,10,2024-10,1,0,0,0
ORD002206,CUST0700,2024-03-27,715018,Banjarmasin,Kalimantan Selatan,38229,GoPay,shipped,RAMADAN23,31982.0,Pos Indonesia,2024,March,3,2024-03,0,0,0,1
ORD002207,CUST0728,2024-05-20,658000,Malang,Jawa Timur,16915,Transfer Bank,delivered,No Promo,0.0,SiCepat,2024,May,5,2024-05,0,0,1,0
ORD002208,CUST0546,2025-02-21,515274,Palembang,Sumatera Selatan,28450,Kartu Kredit,cancelled,HARI BELANJA,19726.0,J&T,2025,February,2,2025-02,1,0,0,1
ORD002209,CUST0278,2023-12-14,372522,Balikpapan,Kalimantan Timur,38154,OVO,delivered,SALE2024,26478.0,J&T,2023,December,12,2023-12,0,0,1,1
ORD002210,CUST0056,2024-04-21,129671,Denpasar,Bali,31728,OVO,cancelled,NEWUSER,38329.0,JNE,2024,April,4,2024-04,1,0,0,1
ORD002211,CUST0395,2022-12-13,698000,Makassar,Sulawesi Selatan,30264,Transfer Bank,processing,No Promo,0.0,Anteraja,2022,December,12,2022-12,0,0,0,0
ORD002212,CUST0411,2022-11-18,1561371,Bogor,Jawa Barat,14804,GoPay,delivered,HARI BELANJA,35629.0,JNE,2022,November,11,2022-11,0,0,1,1
ORD002213,CUST0496,2023-07-01,398000,Medan,Sumatera Utara,31839,Transfer Bank,processing,No Promo,0.0,JNE,2023,July,7,2023-07,0,0,0,0
ORD002214,CUST0506,2023-12-11,663966,Pekanbaru,Riau,30620,OVO,shipped,HARBOLNAS22,33034.0,J&T,2023,December,12,2023-12,0,0,0,1
ORD002215,CUST0380,2024-05-10,588158,Malang,Jawa Timur,18792,OVO,delivered,FLASHSALE,10842.0,JNE,2024,May,5,2024-05,0,0,1,1
ORD002216,CUST0716,2023-11-25,388000,Pontianak,Kalimantan Barat,28693,GoPay,delivered,No Promo,0.0,JNE,2023,November,11,2023-11,0,0,1,0
ORD002217,CUST0535,2023-01-08,699711,Banjarmasin,Kalimantan Selatan,29534,GoPay,delivered,HARBOLNAS22,28289.0,SiCepat,2023,January,1,2023-01,0,0,1,1
ORD002218,CUST0193,2024-06-21,378777,Medan,Sumatera Utara,30446,Kartu Kredit,delivered,NEWUSER,48223.0,Anteraja,2024,June,6,2024-06,0,0,1,1
ORD002219,CUST0061,2023-08-10,367325,Bekasi,Jawa Barat,12621,Kartu Kredit,cancelled,RAMADAN23,30675.0,J&T,2023,August,8,2023-08,1,0,0,1
ORD002220,CUST0255,2023-12-16,59000,Medan,Sumatera Utara,34805,QRIS,delivered,No Promo,0.0,J&T,2023,December,12,2023-12,0,0,1,0
ORD002221,CUST0733,2022-08-18,358199,Makassar,Sulawesi Selatan,30034,Transfer Bank,delivered,HARBOLNAS22,47801.0,JNE,2022,August,8,2022-08,0,0,1,1
ORD002222,CUST0476,2023-12-17,108000,Jakarta,Dki Jakarta,11263,GoPay,cancelled,No Promo,0.0,J&T,2023,December,12,2023-12,1,0,0,0
ORD002223,CUST0288,2023-10-10,1272778,Balikpapan,Kalimantan Timur,41568,Kartu Kredit,delivered,RAMADAN23,11222.0,JNE,2023,October,10,2023-10,0,0,1,1
ORD002224,CUST0349,2023-11-26,953240,Surabaya,Jawa Timur,13387,OVO,delivered,RAMADAN23,44760.0,SiCepat,2023,November,11,2023-11,0,0,1,1
ORD002225,CUST0602,2023-09-17,706451,Denpasar,Bali,30236,OVO,delivered,HARBOLNAS22,21549.0,JNE,2023,September,9,2023-09,0,0,1,1
ORD002226,CUST0239,2024-09-15,1247000,Jakarta,Dki Jakarta,11214,OVO,delivered,No Promo,0.0,JNE,2024,September,9,2024-09,0,0,1,0
ORD002227,CUST0038,2024-01-17,449000,Bekasi,Jawa Barat,11780,Transfer Bank,shipped,No Promo,0.0,SiCepat,2024,January,1,2024-01,0,0,0,0
ORD002228,CUST0670,2023-12-19,1427000,Bogor,Jawa Barat,11298,Transfer Bank,delivered,No Promo,0.0,SiCepat,2023,December,12,2023-12,0,0,1,0
ORD002229,CUST0675,2022-02-26,1198000,Yogyakarta,Di Yogyakarta,13912,Kartu Kredit,delivered,No Promo,0.0,J&T,2022,February,2,2022-02,0,0,1,0
ORD002230,CUST0091,2022-07-28,210210,Makassar,Sulawesi Selatan,44509,OVO,delivered,SALE2024,47790.0,JNE,2022,July,7,2022-07,0,0,1,1
ORD002231,CUST0224,2024-06-09,178000,Depok,Jawa Barat,9340,OVO,delivered,No Promo,0.0,JNE,2024,June,6,2024-06,0,0,1,0
ORD002232,CUST0199,2024-04-24,217325,Semarang,Jawa Tengah,15195,OVO,delivered,WEEKEND25,31675.0,JNE,2024,April,4,2024-04,0,0,1,1
ORD002233,CUST0231,2023-09-23,549000,Bandung,Jawa Barat,12822,OVO,delivered,No Promo,0.0,J&T,2023,September,9,2023-09,0,0,1,0
ORD002234,CUST0723,2024-08-17,637274,Medan,Sumatera Utara,25374,Transfer Bank,delivered,SALE2024,49726.0,SiCepat,2024,August,8,2024-08,0,0,1,1
ORD002235,CUST0541,2022-11-24,59000,Balikpapan,Kalimantan Timur,34478,Kartu Kredit,delivered,No Promo,0.0,JNE,2022,November,11,2022-11,0,0,1,0
ORD002236,CUST0771,2025-02-05,499000,Jakarta,Dki Jakarta,9875,Kartu Kredit,delivered,No Promo,0.0,J&T,2025,February,2,2025-02,0,0,1,0
ORD002237,CUST0061,2024-01-15,397000,Bekasi,Jawa Barat,12663,GoPay,delivered,No Promo,0.0,JNE,2024,January,1,2024-01,0,0,1,0
ORD002238,CUST0393,2024-11-08,212896,Depok,Jawa Barat,12705,Transfer Bank,returned,FLASHSALE,16104.0,JNE,2024,November,11,2024-11,0,1,0,1
ORD002239,CUST0445,2024-03-20,348000,Makassar,Sulawesi Selatan,36811,OVO,shipped,No Promo,0.0,J&T,2024,March,3,2024-03,0,0,0,0
ORD002240,CUST0077,2023-03-23,215717,Medan,Sumatera Utara,30925,OVO,delivered,RAMADAN23,42283.0,JNE,2023,March,3,2023-03,0,0,1,1
ORD002241,CUST0686,2023-02-20,1077000,Semarang,Jawa Tengah,12210,Kartu Kredit,delivered,No Promo,0.0,SiCepat,2023,February,2,2023-02,0,0,1,0
ORD002242,CUST0694,2023-10-21,374293,Makassar,Sulawesi Selatan,37309,GoPay,shipped,SALE2024,24707.0,Pos Indonesia,2023,October,10,2023-10,0,0,0,1
ORD002243,CUST0305,2025-02-25,666000,Semarang,Jawa Tengah,14822,Transfer Bank,delivered,No Promo,0.0,JNE,2025,February,2,2025-02,0,0,1,0
ORD002244,CUST0351,2023-04-30,399000,Tangerang,Banten,12921,GoPay,delivered,No Promo,0.0,J&T,2023,April,4,2023-04,0,0,1,0
ORD002245,CUST0599,2024-09-25,131096,Manado,Sulawesi Utara,36043,OVO,delivered,HARBOLNAS22,47904.0,J&T,2024,September,9,2024-09,0,0,1,1
ORD002246,CUST0269,2023-06-09,637000,Pekanbaru,Riau,28516,GoPay,cancelled,No Promo,0.0,SiCepat,2023,June,6,2023-06,1,0,0,0
ORD002247,CUST0792,2024-10-06,657000,Surabaya,Jawa Timur,14232,Kartu Kredit,delivered,No Promo,0.0,J&T,2024,October,10,2024-10,0,0,1,0
ORD002248,CUST0531,2023-11-21,238000,Banjarmasin,Kalimantan Selatan,31681,Transfer Bank,processing,No Promo,0.0,SiCepat,2023,November,11,2023-11,0,0,0,0
ORD002249,CUST0288,2022-10-29,176591,Denpasar,Bali,28775,Kartu Kredit,delivered,MEMBER10,21409.0,J&T,2022,October,10,2022-10,0,0,1,1
ORD002250,CUST0500,2023-08-26,608000,Pontianak,Kalimantan Barat,29825,GoPay,delivered,No Promo,0.0,JNE,2023,August,8,2023-08,0,0,1,0
ORD002251,CUST0414,2023-12-16,199000,Surabaya,Jawa Timur,15880,Kartu Kredit,delivered,No Promo,0.0,J&T,2023,December,12,2023-12,0,0,1,0
ORD002252,CUST0221,2025-01-13,298000,Balikpapan,Kalimantan Timur,44207,Kartu Kredit,delivered,No Promo,0.0,JNE,2025,January,1,2025-01,0,0,1,0
ORD002253,CUST0492,2024-07-06,528000,Bandung,Jawa Barat,14114,Transfer Bank,delivered,No Promo,0.0,J&T,2024,July,7,2024-07,0,0,1,0
ORD002254,CUST0566,2023-01-22,258000,Malang,Jawa Timur,17214,Kartu Kredit,delivered,No Promo,0.0,JNE,2023,January,1,2023-01,0,0,1,0
ORD002255,CUST0709,2023-06-05,299000,Jakarta,Dki Jakarta,8225,QRIS,delivered,No Promo,0.0,SiCepat,2023,June,6,2023-06,0,0,1,0
ORD002256,CUST0258,2023-03-10,138000,Yogyakarta,Di Yogyakarta,19703,Kartu Kredit,returned,No Promo,0.0,J&T,2023,March,3,2023-03,0,1,0,0
ORD002257,CUST0571,2022-10-11,199000,Manado,Sulawesi Utara,33508,Kartu Kredit,returned,No Promo,0.0,J&T,2022,October,10,2022-10,0,1,0,0
ORD002258,CUST0684,2024-02-07,252392,Pontianak,Kalimantan Barat,41890,GoPay,cancelled,HARBOLNAS22,24608.0,J&T,2024,February,2,2024-02,1,0,0,1
ORD002259,CUST0370,2023-12-30,498000,Palembang,Sumatera Selatan,33869,QRIS,processing,No Promo,0.0,JNE,2023,December,12,2023-12,0,0,0,0
ORD002260,CUST0462,2023-10-03,842772,Depok,Jawa Barat,13823,OVO,delivered,SALE2024,34228.0,J&T,2023,October,10,2023-10,0,0,1,1
ORD002261,CUST0566,2023-01-03,118000,Semarang,Jawa Tengah,14701,GoPay,delivered,No Promo,0.0,Anteraja,2023,January,1,2023-01,0,0,1,0
ORD002262,CUST0528,2024-04-14,438000,Bandung,Jawa Barat,11927,GoPay,cancelled,No Promo,0.0,J&T,2024,April,4,2024-04,1,0,0,0
ORD002263,CUST0199,2024-07-28,1930996,Semarang,Jawa Tengah,13580,OVO,shipped,SALE2024,15004.0,J&T,2024,July,7,2024-07,0,0,0,1
ORD002264,CUST0092,2024-03-09,256060,Bandung,Jawa Barat,11740,OVO,processing,NEWUSER,42940.0,J&T,2024,March,3,2024-03,0,0,0,1
ORD002265,CUST0492,2022-02-04,1098000,Pekanbaru,Riau,22303,Transfer Bank,delivered,No Promo,0.0,J&T,2022,February,2,2022-02,0,0,1,0
ORD002266,CUST0800,2024-06-20,257000,Padang,Sumatera Barat,28883,GoPay,delivered,No Promo,0.0,J&T,2024,June,6,2024-06,0,0,1,0
ORD002267,CUST0032,2022-06-22,415557,Denpasar,Bali,26881,GoPay,delivered,HARBOLNAS22,33443.0,SiCepat,2022,June,6,2022-06,0,0,1,1
ORD002268,CUST0506,2023-03-04,549000,Pekanbaru,Riau,23764,Transfer Bank,returned,No Promo,0.0,JNE,2023,March,3,2023-03,0,1,0,0
ORD002269,CUST0486,2024-02-20,89000,Yogyakarta,Di Yogyakarta,18091,Kartu Kredit,delivered,No Promo,0.0,Anteraja,2024,February,2,2024-02,0,0,1,0
ORD002270,CUST0325,2025-01-01,387000,Tangerang,Banten,13701,GoPay,shipped,No Promo,0.0,SiCepat,2025,January,1,2025-01,0,0,0,0
ORD002271,CUST0077,2023-09-01,797000,Medan,Sumatera Utara,26345,GoPay,returned,No Promo,0.0,SiCepat,2023,September,9,2023-09,0,1,0,0
ORD002272,CUST0201,2024-10-16,279000,Yogyakarta,Di Yogyakarta,13481,Transfer Bank,delivered,No Promo,0.0,JNE,2024,October,10,2024-10,0,0,1,0
ORD002273,CUST0030,2023-03-26,814000,Pekanbaru,Riau,29078,OVO,cancelled,No Promo,0.0,SiCepat,2023,March,3,2023-03,1,0,0,0
ORD002274,CUST0272,2023-09-29,269047,Denpasar,Bali,25287,GoPay,returned,HARI BELANJA,28953.0,SiCepat,2023,September,9,2023-09,0,1,0,1
ORD002275,CUST0103,2022-11-19,947000,Jakarta,Dki Jakarta,8815,OVO,shipped,No Promo,0.0,JNE,2022,November,11,2022-11,0,0,0,0
ORD002276,CUST0452,2024-10-28,1170885,Semarang,Jawa Tengah,14951,Transfer Bank,returned,HARBOLNAS22,27115.0,Anteraja,2024,October,10,2024-10,0,1,0,1
ORD002277,CUST0712,2025-02-05,1056000,Padang,Sumatera Barat,24535,QRIS,delivered,No Promo,0.0,SiCepat,2025,February,2,2025-02,0,0,1,0
ORD002278,CUST0333,2023-04-20,101850,Palembang,Sumatera Selatan,30918,Transfer Bank,delivered,WEEKEND25,47150.0,JNE,2023,April,4,2023-04,0,0,1,1
ORD002279,CUST0658,2024-09-12,31294,Banjarmasin,Kalimantan Selatan,29008,GoPay,delivered,FLASHSALE,17706.0,Anteraja,2024,September,9,2024-09,0,0,1,1
ORD002280,CUST0281,2022-01-24,299000,Pontianak,Kalimantan Barat,29654,Transfer Bank,processing,No Promo,0.0,J&T,2022,January,1,2022-01,0,0,0,0
ORD002281,CUST0528,2024-05-24,367581,Bandung,Jawa Barat,11107,OVO,shipped,FLASHSALE,31419.0,J&T,2024,May,5,2024-05,0,0,0,1
ORD002282,CUST0255,2024-07-05,56499,Medan,Sumatera Utara,30916,GoPay,delivered,HARBOLNAS22,22501.0,JNE,2024,July,7,2024-07,0,0,1,1
ORD002283,CUST0678,2022-06-05,846000,Surabaya,Jawa Timur,12883,GoPay,delivered,No Promo,0.0,JNE,2022,June,6,2022-06,0,0,1,0
ORD002284,CUST0352,2025-01-30,68880,Makassar,Sulawesi Selatan,43326,Transfer Bank,delivered,HARBOLNAS22,10120.0,SiCepat,2025,January,1,2025-01,0,0,1,1
ORD002285,CUST0079,2022-12-07,372896,Pontianak,Kalimantan Barat,39403,Transfer Bank,delivered,HARI BELANJA,26104.0,J&T,2022,December,12,2022-12,0,0,1,1
ORD002286,CUST0192,2023-12-21,456106,Bandung,Jawa Barat,11574,GoPay,delivered,HARBOLNAS22,41894.0,JNE,2023,December,12,2023-12,0,0,1,1
ORD002287,CUST0271,2024-11-02,718000,Balikpapan,Kalimantan Timur,33272,GoPay,returned,No Promo,0.0,SiCepat,2024,November,11,2024-11,0,1,0,0
ORD002288,CUST0747,2025-01-17,69000,Palembang,Sumatera Selatan,29143,GoPay,delivered,No Promo,0.0,J&T,2025,January,1,2025-01,0,0,1,0
ORD002289,CUST0503,2023-05-31,475970,Surabaya,Jawa Timur,15053,OVO,cancelled,FLASHSALE,32030.0,Anteraja,2023,May,5,2023-05,1,0,0,1
ORD002290,CUST0094,2024-10-12,79724,Pekanbaru,Riau,28030,Transfer Bank,delivered,MEMBER10,19276.0,JNE,2024,October,10,2024-10,0,0,1,1
ORD002291,CUST0271,2024-08-30,646458,Balikpapan,Kalimantan Timur,32811,OVO,delivered,MEMBER10,19542.0,JNE,2024,August,8,2024-08,0,0,1,1
ORD002292,CUST0034,2023-06-27,124669,Palembang,Sumatera Selatan,34345,Transfer Bank,returned,HARBOLNAS22,24331.0,JNE,2023,June,6,2023-06,0,1,0,1
ORD002293,CUST0062,2024-05-28,557666,Padang,Sumatera Barat,24256,Transfer Bank,delivered,HARI BELANJA,41334.0,JNE,2024,May,5,2024-05,0,0,1,1
ORD002294,CUST0515,2024-11-01,628747,Tangerang,Banten,11751,OVO,shipped,HARI BELANJA,48253.0,SiCepat,2024,November,11,2024-11,0,0,0,1
ORD002295,CUST0754,2025-02-23,599000,Tangerang,Banten,12300,OVO,delivered,No Promo,0.0,SiCepat,2025,February,2,2025-02,0,0,1,0
ORD002296,CUST0708,2023-05-20,329000,Medan,Sumatera Utara,32400,Transfer Bank,delivered,No Promo,0.0,J&T,2023,May,5,2023-05,0,0,1,0
ORD002297,CUST0454,2022-02-20,138462,Pekanbaru,Riau,27147,Transfer Bank,cancelled,HARI BELANJA,10538.0,J&T,2022,February,2,2022-02,1,0,0,1
ORD002298,CUST0750,2023-03-31,231680,Bogor,Jawa Barat,14668,OVO,delivered,NEWUSER,17320.0,SiCepat,2023,March,3,2023-03,0,0,1,1
ORD002299,CUST0417,2024-02-14,134548,Pontianak,Kalimantan Barat,38886,GoPay,shipped,FLASHSALE,14452.0,Anteraja,2024,February,2,2024-02,0,0,0,1
ORD002300,CUST0113,2022-08-18,798000,Makassar,Sulawesi Selatan,33930,OVO,cancelled,No Promo,0.0,J&T,2022,August,8,2022-08,1,0,0,0
ORD002301,CUST0011,2023-05-05,707000,Balikpapan,Kalimantan Timur,44255,Transfer Bank,processing,No Promo,0.0,J&T,2023,May,5,2023-05,0,0,0,0
ORD002302,CUST0288,2023-09-16,279000,Balikpapan,Kalimantan Timur,30422,GoPay,delivered,No Promo,0.0,SiCepat,2023,September,9,2023-09,0,0,1,0
ORD002303,CUST0510,2024-11-10,497000,Pekanbaru,Riau,22990,Transfer Bank,delivered,No Promo,0.0,JNE,2024,November,11,2024-11,0,0,1,0
ORD002304,CUST0210,2023-07-31,84523,Bandung,Jawa Barat,12535,GoPay,delivered,RAMADAN23,44477.0,Pos Indonesia,2023,July,7,2023-07,0,0,1,1
ORD002305,CUST0173,2024-12-15,258670,Pekanbaru,Riau,26847,Kartu Kredit,delivered,SALE2024,40330.0,J&T,2024,December,12,2024-12,0,0,1,1
ORD002306,CUST0241,2024-04-21,199000,Depok,Jawa Barat,9838,OVO,processing,No Promo,0.0,Anteraja,2024,April,4,2024-04,0,0,0,0
ORD002307,CUST0124,2024-06-09,148000,Manado,Sulawesi Utara,42369,GoPay,shipped,No Promo,0.0,J&T,2024,June,6,2024-06,0,0,0,0
ORD002308,CUST0453,2024-05-21,1057149,Malang,Jawa Timur,16763,QRIS,delivered,SALE2024,40851.0,JNE,2024,May,5,2024-05,0,0,1,1
ORD002309,CUST0177,2025-01-04,197602,Bekasi,Jawa Barat,13707,OVO,delivered,SALE2024,31398.0,J&T,2025,January,1,2025-01,0,0,1,1
ORD002310,CUST0108,2023-05-21,1428665,Yogyakarta,Di Yogyakarta,16531,GoPay,cancelled,SALE2024,18335.0,J&T,2023,May,5,2023-05,1,0,0,1
ORD002311,CUST0053,2023-01-14,297000,Malang,Jawa Timur,18676,GoPay,delivered,No Promo,0.0,J&T,2023,January,1,2023-01,0,0,1,0
ORD002312,CUST0110,2024-09-15,181452,Bogor,Jawa Barat,13368,GoPay,delivered,RAMADAN23,47548.0,JNE,2024,September,9,2024-09,0,0,1,1
ORD002313,CUST0351,2023-10-07,499000,Tangerang,Banten,9485,GoPay,delivered,No Promo,0.0,SiCepat,2023,October,10,2023-10,0,0,1,0
ORD002314,CUST0690,2024-06-30,119000,Padang,Sumatera Barat,28152,Transfer Bank,delivered,No Promo,0.0,JNE,2024,June,6,2024-06,0,0,1,0
ORD002315,CUST0028,2024-11-06,329000,Pontianak,Kalimantan Barat,37334,GoPay,delivered,No Promo,0.0,JNE,2024,November,11,2024-11,0,0,1,0
ORD002316,CUST0099,2024-02-23,115824,Padang,Sumatera Barat,29161,Transfer Bank,delivered,WEEKEND25,33176.0,J&T,2024,February,2,2024-02,0,0,1,1
ORD002317,CUST0240,2022-05-22,349000,Yogyakarta,Di Yogyakarta,15215,Kartu Kredit,delivered,No Promo,0.0,J&T,2022,May,5,2022-05,0,0,1,0
ORD002318,CUST0047,2025-02-06,657000,Malang,Jawa Timur,18598,GoPay,shipped,No Promo,0.0,Anteraja,2025,February,2,2025-02,0,0,0,0
ORD002319,CUST0408,2022-08-25,657000,Denpasar,Bali,31320,OVO,shipped,No Promo,0.0,J&T,2022,August,8,2022-08,0,0,0,0
ORD002320,CUST0177,2024-10-05,22948,Banjarmasin,Kalimantan Selatan,31645,GoPay,returned,HARBOLNAS22,36052.0,JNE,2024,October,10,2024-10,0,1,0,1
ORD002321,CUST0669,2023-03-09,988626,Depok,Jawa Barat,13992,GoPay,delivered,HARI BELANJA,48374.0,JNE,2023,March,3,2023-03,0,0,1,1
ORD002322,CUST0254,2023-10-19,149000,Balikpapan,Kalimantan Timur,32167,Transfer Bank,cancelled,No Promo,0.0,SiCepat,2023,October,10,2023-10,1,0,0,0
ORD002323,CUST0036,2023-11-13,194998,Balikpapan,Kalimantan Timur,32438,QRIS,cancelled,MEMBER10,23002.0,SiCepat,2023,November,11,2023-11,1,0,0,1
ORD002324,CUST0502,2023-01-06,998000,Banjarmasin,Kalimantan Selatan,34790,GoPay,cancelled,No Promo,0.0,J&T,2023,January,1,2023-01,1,0,0,0
ORD002325,CUST0244,2025-01-25,249000,Yogyakarta,Di Yogyakarta,18468,Transfer Bank,delivered,No Promo,0.0,Pos Indonesia,2025,January,1,2025-01,0,0,1,0
ORD002326,CUST0366,2024-02-19,963218,Depok,Jawa Barat,12314,GoPay,delivered,SALE2024,32782.0,JNE,2024,February,2,2024-02,0,0,1,1
ORD002327,CUST0618,2024-11-15,1145351,Manado,Sulawesi Utara,41530,Transfer Bank,delivered,HARI BELANJA,31649.0,Anteraja,2024,November,11,2024-11,0,0,1,1
ORD002328,CUST0490,2025-02-03,183878,Pontianak,Kalimantan Barat,34133,OVO,delivered,MEMBER10,13122.0,SiCepat,2025,February,2,2025-02,0,0,1,1
ORD002329,CUST0527,2023-04-16,698000,Malang,Jawa Timur,17214,Kartu Kredit,delivered,No Promo,0.0,SiCepat,2023,April,4,2023-04,0,0,1,0
ORD002330,CUST0556,2025-02-19,37968,Depok,Jawa Barat,11751,Transfer Bank,delivered,WEEKEND25,11032.0,JNE,2025,February,2,2025-02,0,0,1,1
ORD002331,CUST0288,2023-01-20,299000,Balikpapan,Kalimantan Timur,30584,Transfer Bank,delivered,No Promo,0.0,SiCepat,2023,January,1,2023-01,0,0,1,0
ORD002332,CUST0461,2024-08-27,568745,Bekasi,Jawa Barat,13741,Transfer Bank,delivered,WEEKEND25,18255.0,J&T,2024,August,8,2024-08,0,0,1,1
ORD002333,CUST0626,2023-12-25,89000,Jakarta,Dki Jakarta,9618,OVO,cancelled,No Promo,0.0,J&T,2023,December,12,2023-12,1,0,0,0
ORD002334,CUST0528,2022-10-27,59000,Bandung,Jawa Barat,14115,Transfer Bank,cancelled,No Promo,0.0,J&T,2022,October,10,2022-10,1,0,0,0
ORD002335,CUST0770,2022-09-18,597000,Makassar,Sulawesi Selatan,34305,Transfer Bank,delivered,No Promo,0.0,J&T,2022,September,9,2022-09,0,0,1,0
ORD002336,CUST0338,2024-03-16,368000,Semarang,Jawa Tengah,14121,Transfer Bank,delivered,No Promo,0.0,SiCepat,2024,March,3,2024-03,0,0,1,0
ORD002337,CUST0357,2023-06-02,66833,Bekasi,Jawa Barat,12214,OVO,delivered,WEEKEND25,32167.0,SiCepat,2023,June,6,2023-06,0,0,1,1
ORD002338,CUST0720,2025-01-14,428000,Palembang,Sumatera Selatan,28536,Transfer Bank,returned,No Promo,0.0,SiCepat,2025,January,1,2025-01,0,1,0,0
ORD002339,CUST0005,2025-02-27,816000,Bekasi,Jawa Barat,10220,OVO,delivered,No Promo,0.0,SiCepat,2025,February,2,2025-02,0,0,1,0
ORD002340,CUST0465,2023-12-19,1091214,Surabaya,Jawa Timur,17814,Transfer Bank,delivered,RAMADAN23,34786.0,J&T,2023,December,12,2023-12,0,0,1,1
ORD002341,CUST0470,2024-07-21,219995,Tangerang,Banten,13755,Transfer Bank,returned,WEEKEND25,28005.0,J&T,2024,July,7,2024-07,0,1,0,1
ORD002342,CUST0314,2024-10-26,79000,Medan,Sumatera Utara,36244,Transfer Bank,delivered,No Promo,0.0,J&T,2024,October,10,2024-10,0,0,1,0
ORD002343,CUST0159,2023-02-28,149240,Jakarta,Dki Jakarta,9760,Transfer Bank,delivered,SALE2024,29760.0,J&T,2023,February,2,2023-02,0,0,1,1
ORD002344,CUST0135,2025-01-26,715592,Makassar,Sulawesi Selatan,39672,Kartu Kredit,delivered,HARI BELANJA,31408.0,J&T,2025,January,1,2025-01,0,0,1,1
ORD002345,CUST0104,2022-03-19,375417,Balikpapan,Kalimantan Timur,33873,OVO,delivered,FLASHSALE,23583.0,J&T,2022,March,3,2022-03,0,0,1,1
ORD002346,CUST0754,2025-01-31,2973000,Tangerang,Banten,12493,OVO,returned,No Promo,0.0,SiCepat,2025,January,1,2025-01,0,1,0,0
ORD002347,CUST0390,2023-04-25,1556000,Bandung,Jawa Barat,13655,OVO,shipped,No Promo,0.0,Anteraja,2023,April,4,2023-04,0,0,0,0
ORD002348,CUST0421,2024-03-23,444288,Jakarta,Dki Jakarta,8133,GoPay,delivered,MEMBER10,32712.0,J&T,2024,March,3,2024-03,0,0,1,1
ORD002349,CUST0472,2022-09-14,491003,Manado,Sulawesi Utara,43250,QRIS,processing,NEWUSER,16997.0,SiCepat,2022,September,9,2022-09,0,0,0,1
ORD002350,CUST0310,2023-12-14,518863,Bekasi,Jawa Barat,10640,Transfer Bank,delivered,RAMADAN23,38137.0,J&T,2023,December,12,2023-12,0,0,1,1
ORD002351,CUST0012,2023-04-08,79000,Balikpapan,Kalimantan Timur,30325,GoPay,shipped,No Promo,0.0,SiCepat,2023,April,4,2023-04,0,0,0,0
ORD002352,CUST0266,2023-07-20,258000,Jakarta,Dki Jakarta,11499,GoPay,delivered,No Promo,0.0,JNE,2023,July,7,2023-07,0,0,1,0
ORD002353,CUST0001,2024-07-20,777000,Semarang,Jawa Tengah,13150,QRIS,delivered,No Promo,0.0,Pos Indonesia,2024,July,7,2024-07,0,0,1,0
ORD002354,CUST0109,2024-08-18,399000,Padang,Sumatera Barat,29136,OVO,cancelled,No Promo,0.0,J&T,2024,August,8,2024-08,1,0,0,0
ORD002355,CUST0120,2024-03-21,331513,Pontianak,Kalimantan Barat,32042,Kartu Kredit,delivered,NEWUSER,45487.0,J&T,2024,March,3,2024-03,0,0,1,1
ORD002356,CUST0751,2025-02-02,178000,Depok,Jawa Barat,12817,Transfer Bank,delivered,No Promo,0.0,J&T,2025,February,2,2025-02,0,0,1,0
ORD002357,CUST0596,2023-05-05,478484,Pontianak,Kalimantan Barat,38814,Kartu Kredit,shipped,FLASHSALE,20516.0,J&T,2023,May,5,2023-05,0,0,0,1
ORD002358,CUST0520,2024-03-07,407000,Depok,Jawa Barat,10721,Transfer Bank,shipped,No Promo,0.0,J&T,2024,March,3,2024-03,0,0,0,0
ORD002359,CUST0374,2024-02-28,642146,Pontianak,Kalimantan Barat,40701,GoPay,delivered,WEEKEND25,22854.0,J&T,2024,February,2,2024-02,0,0,1,1
ORD002360,CUST0432,2023-09-16,2424000,Depok,Jawa Barat,12780,Kartu Kredit,returned,No Promo,0.0,J&T,2023,September,9,2023-09,0,1,0,0
ORD002361,CUST0436,2024-09-20,99000,Balikpapan,Kalimantan Timur,42753,OVO,shipped,No Promo,0.0,J&T,2024,September,9,2024-09,0,0,0,0
ORD002362,CUST0721,2023-06-11,1117000,Tangerang,Banten,11266,Transfer Bank,delivered,No Promo,0.0,SiCepat,2023,June,6,2023-06,0,0,1,0
ORD002363,CUST0270,2023-02-12,499000,Semarang,Jawa Tengah,17916,Kartu Kredit,cancelled,No Promo,0.0,J&T,2023,February,2,2023-02,1,0,0,0
ORD002364,CUST0564,2025-02-16,1664731,Bogor,Jawa Barat,12533,Transfer Bank,processing,MEMBER10,40269.0,JNE,2025,February,2,2025-02,0,0,0,1
ORD002365,CUST0442,2023-04-02,848000,Padang,Sumatera Barat,33344,Kartu Kredit,delivered,No Promo,0.0,JNE,2023,April,4,2023-04,0,0,1,0
ORD002366,CUST0101,2024-05-01,731065,Semarang,Jawa Tengah,13871,Transfer Bank,processing,SALE2024,46935.0,JNE,2024,May,5,2024-05,0,0,0,1
ORD002367,CUST0156,2022-10-05,371176,Bandung,Jawa Barat,11725,OVO,delivered,HARI BELANJA,26824.0,J&T,2022,October,10,2022-10,0,0,1,1
ORD002368,CUST0691,2024-08-06,599000,Jakarta,Dki Jakarta,8224,OVO,returned,No Promo,0.0,J&T,2024,August,8,2024-08,0,1,0,0
ORD002369,CUST0259,2024-08-12,402425,Banjarmasin,Kalimantan Selatan,40615,Transfer Bank,delivered,NEWUSER,46575.0,J&T,2024,August,8,2024-08,0,0,1,1
ORD002370,CUST0558,2024-12-28,734787,Denpasar,Bali,21084,OVO,delivered,WEEKEND25,13213.0,SiCepat,2024,December,12,2024-12,0,0,1,1
ORD002371,CUST0416,2024-05-22,1056279,Denpasar,Bali,29529,Transfer Bank,delivered,HARI BELANJA,41721.0,SiCepat,2024,May,5,2024-05,0,0,1,1
ORD002372,CUST0758,2024-04-07,647000,Tangerang,Banten,10914,QRIS,shipped,No Promo,0.0,JNE,2024,April,4,2024-04,0,0,0,0
ORD002373,CUST0103,2024-09-06,898000,Jakarta,Dki Jakarta,9568,OVO,cancelled,No Promo,0.0,SiCepat,2024,September,9,2024-09,1,0,0,0
ORD002374,CUST0682,2024-11-03,637000,Bandung,Jawa Barat,10223,GoPay,cancelled,No Promo,0.0,JNE,2024,November,11,2024-11,1,0,0,0
ORD002375,CUST0007,2024-03-26,599000,Tangerang,Banten,12684,OVO,delivered,No Promo,0.0,SiCepat,2024,March,3,2024-03,0,0,1,0
ORD002376,CUST0621,2024-04-12,517000,Malang,Jawa Timur,20392,GoPay,delivered,No Promo,0.0,J&T,2024,April,4,2024-04,0,0,1,0
ORD002377,CUST0238,2024-05-31,106467,Medan,Sumatera Utara,25943,Transfer Bank,delivered,HARBOLNAS22,22533.0,J&T,2024,May,5,2024-05,0,0,1,1
ORD002378,CUST0638,2024-08-05,746000,Depok,Jawa Barat,12082,OVO,shipped,No Promo,0.0,JNE,2024,August,8,2024-08,0,0,0,0
ORD002379,CUST0189,2023-06-27,499000,Tangerang,Banten,11420,GoPay,delivered,No Promo,0.0,JNE,2023,June,6,2023-06,0,0,1,0
ORD002380,CUST0722,2023-09-12,305803,Jakarta,Dki Jakarta,10967,GoPay,delivered,MEMBER10,42197.0,JNE,2023,September,9,2023-09,0,0,1,1
ORD002381,CUST0609,2022-08-09,808222,Bekasi,Jawa Barat,9858,Kartu Kredit,processing,HARBOLNAS22,18778.0,J&T,2022,August,8,2022-08,0,0,0,1
ORD002382,CUST0353,2024-12-29,173957,Balikpapan,Kalimantan Timur,38677,Transfer Bank,delivered,HARBOLNAS22,25043.0,Pos Indonesia,2024,December,12,2024-12,0,0,1,1
ORD002383,CUST0656,2023-09-25,520936,Surabaya,Jawa Timur,13230,QRIS,cancelled,WEEKEND25,24064.0,J&T,2023,September,9,2023-09,1,0,0,1
ORD002384,CUST0475,2022-01-16,1157398,Palembang,Sumatera Selatan,28985,Kartu Kredit,cancelled,RAMADAN23,40602.0,SiCepat,2022,January,1,2022-01,1,0,0,1
ORD002385,CUST0397,2023-09-20,352188,Balikpapan,Kalimantan Timur,31934,QRIS,delivered,FLASHSALE,46812.0,J&T,2023,September,9,2023-09,0,0,1,1
ORD002386,CUST0182,2024-06-13,697000,Depok,Jawa Barat,10307,Transfer Bank,returned,No Promo,0.0,J&T,2024,June,6,2024-06,0,1,0,0
ORD002387,CUST0077,2024-08-12,1445000,Padang,Sumatera Barat,31005,Kartu Kredit,processing,No Promo,0.0,SiCepat,2024,August,8,2024-08,0,0,0,0
ORD002388,CUST0320,2025-02-14,498000,Bekasi,Jawa Barat,11648,OVO,delivered,No Promo,0.0,JNE,2025,February,2,2025-02,0,0,1,0
ORD002389,CUST0054,2023-10-24,311945,Manado,Sulawesi Utara,38775,QRIS,cancelled,FLASHSALE,37055.0,JNE,2023,October,10,2023-10,1,0,0,1
ORD002390,CUST0516,2023-05-28,229000,Denpasar,Bali,24298,GoPay,shipped,No Promo,0.0,SiCepat,2023,May,5,2023-05,0,0,0,0
ORD002391,CUST0706,2023-01-23,208000,Depok,Jawa Barat,10805,GoPay,processing,No Promo,0.0,SiCepat,2023,January,1,2023-01,0,0,0,0
ORD002392,CUST0001,2024-11-21,371604,Semarang,Jawa Tengah,17237,OVO,delivered,MEMBER10,27396.0,JNE,2024,November,11,2024-11,0,0,1,1
ORD002393,CUST0717,2024-03-29,499000,Palembang,Sumatera Selatan,25989,GoPay,shipped,No Promo,0.0,Anteraja,2024,March,3,2024-03,0,0,0,0
ORD002394,CUST0646,2022-11-04,637000,Malang,Jawa Timur,18893,QRIS,delivered,No Promo,0.0,SiCepat,2022,November,11,2022-11,0,0,1,0
ORD002395,CUST0233,2023-11-10,229619,Manado,Sulawesi Utara,42277,Kartu Kredit,shipped,FLASHSALE,19381.0,SiCepat,2023,November,11,2023-11,0,0,0,1
ORD002396,CUST0137,2024-08-21,172654,Surabaya,Jawa Timur,12648,Transfer Bank,delivered,HARI BELANJA,26346.0,SiCepat,2024,August,8,2024-08,0,0,1,1
ORD002397,CUST0785,2022-02-10,388000,Bogor,Jawa Barat,11956,Transfer Bank,cancelled,No Promo,0.0,J&T,2022,February,2,2022-02,1,0,0,0
ORD002398,CUST0770,2023-07-21,101848,Pontianak,Kalimantan Barat,38721,GoPay,shipped,NEWUSER,27152.0,JNE,2023,July,7,2023-07,0,0,0,1
ORD002399,CUST0689,2025-02-20,697000,Medan,Sumatera Utara,27753,Transfer Bank,shipped,No Promo,0.0,JNE,2025,February,2,2025-02,0,0,0,0
ORD002400,CUST0417,2023-10-02,129398,Balikpapan,Kalimantan Timur,37257,Transfer Bank,delivered,HARBOLNAS22,47602.0,SiCepat,2023,October,10,2023-10,0,0,1,1
ORD002401,CUST0210,2023-08-25,487533,Bandung,Jawa Barat,10018,QRIS,cancelled,WEEKEND25,48467.0,SiCepat,2023,August,8,2023-08,1,0,0,1
ORD002402,CUST0283,2022-06-27,778791,Bogor,Jawa Barat,14439,Transfer Bank,cancelled,WEEKEND25,48209.0,JNE,2022,June,6,2022-06,1,0,0,1
ORD002403,CUST0635,2024-03-14,528000,Semarang,Jawa Tengah,17376,Transfer Bank,delivered,No Promo,0.0,J&T,2024,March,3,2024-03,0,0,1,0
ORD002404,CUST0183,2023-02-01,399000,Yogyakarta,Di Yogyakarta,18829,Transfer Bank,processing,No Promo,0.0,SiCepat,2023,February,2,2023-02,0,0,0,0
ORD002405,CUST0797,2023-02-11,628000,Pekanbaru,Riau,25366,OVO,shipped,No Promo,0.0,Anteraja,2023,February,2,2023-02,0,0,0,0
ORD002406,CUST0712,2024-10-23,329000,Padang,Sumatera Barat,35999,GoPay,delivered,No Promo,0.0,SiCepat,2024,October,10,2024-10,0,0,1,0
ORD002407,CUST0645,2024-12-28,589022,Manado,Sulawesi Utara,33432,Transfer Bank,delivered,RAMADAN23,38978.0,SiCepat,2024,December,12,2024-12,0,0,1,1
ORD002408,CUST0013,2024-02-05,638000,Makassar,Sulawesi Selatan,37948,Kartu Kredit,delivered,No Promo,0.0,JNE,2024,February,2,2024-02,0,0,1,0
ORD002409,CUST0177,2024-09-05,418000,Bekasi,Jawa Barat,9443,GoPay,delivered,No Promo,0.0,SiCepat,2024,September,9,2024-09,0,0,1,0
ORD002410,CUST0576,2022-05-19,837000,Manado,Sulawesi Utara,33825,Kartu Kredit,delivered,No Promo,0.0,JNE,2022,May,5,2022-05,0,0,1,0
ORD002411,CUST0016,2024-11-06,1027928,Depok,Jawa Barat,10344,Transfer Bank,processing,HARI BELANJA,28072.0,J&T,2024,November,11,2024-11,0,0,0,1
ORD002412,CUST0215,2023-04-29,399000,Bekasi,Jawa Barat,12874,OVO,delivered,No Promo,0.0,SiCepat,2023,April,4,2023-04,0,0,1,0
ORD002413,CUST0534,2022-07-17,149000,Depok,Jawa Barat,10329,Transfer Bank,shipped,No Promo,0.0,J&T,2022,July,7,2022-07,0,0,0,0
ORD002414,CUST0295,2023-02-03,258000,Manado,Sulawesi Utara,39400,Transfer Bank,delivered,No Promo,0.0,JNE,2023,February,2,2023-02,0,0,1,0
ORD002415,CUST0387,2023-12-21,510204,Depok,Jawa Barat,10745,GoPay,processing,MEMBER10,26796.0,JNE,2023,December,12,2023-12,0,0,0,1
ORD002416,CUST0621,2023-12-29,1207731,Bekasi,Jawa Barat,9221,OVO,processing,MEMBER10,48269.0,JNE,2023,December,12,2023-12,0,0,0,1
ORD002417,CUST0285,2024-08-05,140938,Bekasi,Jawa Barat,12819,Kartu Kredit,shipped,SALE2024,17062.0,SiCepat,2024,August,8,2024-08,0,0,0,1
ORD002418,CUST0459,2024-07-08,287216,Bekasi,Jawa Barat,13807,Transfer Bank,delivered,FLASHSALE,41784.0,J&T,2024,July,7,2024-07,0,0,1,1
ORD002419,CUST0317,2024-05-24,607000,Balikpapan,Kalimantan Timur,35194,Transfer Bank,cancelled,No Promo,0.0,SiCepat,2024,May,5,2024-05,1,0,0,0
ORD002420,CUST0626,2023-01-09,399000,Jakarta,Dki Jakarta,8336,GoPay,delivered,No Promo,0.0,JNE,2023,January,1,2023-01,0,0,1,0
ORD002421,CUST0624,2024-08-11,656902,Balikpapan,Kalimantan Timur,33584,OVO,delivered,FLASHSALE,10098.0,J&T,2024,August,8,2024-08,0,0,1,1
ORD002422,CUST0734,2023-09-22,383489,Medan,Sumatera Utara,37407,Transfer Bank,delivered,MEMBER10,14511.0,JNE,2023,September,9,2023-09,0,0,1,1
ORD002423,CUST0614,2023-04-27,1075561,Medan,Sumatera Utara,36055,Transfer Bank,delivered,FLASHSALE,20439.0,JNE,2023,April,4,2023-04,0,0,1,1
ORD002424,CUST0100,2025-02-17,567000,Palembang,Sumatera Selatan,32488,GoPay,delivered,No Promo,0.0,Anteraja,2025,February,2,2025-02,0,0,1,0
ORD002425,CUST0790,2024-02-24,198000,Balikpapan,Kalimantan Timur,38574,GoPay,delivered,No Promo,0.0,SiCepat,2024,February,2,2024-02,0,0,1,0
ORD002426,CUST0636,2023-09-04,99000,Yogyakarta,Di Yogyakarta,18822,OVO,delivered,No Promo,0.0,SiCepat,2023,September,9,2023-09,0,0,1,0
ORD002427,CUST0603,2024-06-11,748000,Padang,Sumatera Barat,29057,Transfer Bank,delivered,No Promo,0.0,SiCepat,2024,June,6,2024-06,0,0,1,0
ORD002428,CUST0579,2024-04-06,1020481,Palembang,Sumatera Selatan,26538,Kartu Kredit,processing,NEWUSER,24519.0,Pos Indonesia,2024,April,4,2024-04,0,0,0,1
ORD002429,CUST0137,2023-04-01,399000,Surabaya,Jawa Timur,17368,Kartu Kredit,delivered,No Promo,0.0,Pos Indonesia,2023,April,4,2023-04,0,0,1,0
ORD002430,CUST0755,2022-08-04,807000,Bandung,Jawa Barat,11368,GoPay,shipped,No Promo,0.0,J&T,2022,August,8,2022-08,0,0,0,0
ORD002431,CUST0516,2024-11-06,59000,Denpasar,Bali,22667,QRIS,delivered,No Promo,0.0,SiCepat,2024,November,11,2024-11,0,0,1,0
ORD002432,CUST0644,2024-06-05,149000,Balikpapan,Kalimantan Timur,33448,Transfer Bank,cancelled,No Promo,0.0,J&T,2024,June,6,2024-06,1,0,0,0
ORD002433,CUST0367,2024-01-30,430713,Tangerang,Banten,13381,Transfer Bank,delivered,RAMADAN23,18287.0,JNE,2024,January,1,2024-01,0,0,1,1
ORD002434,CUST0228,2022-03-11,1955000,Tangerang,Banten,9754,Transfer Bank,delivered,No Promo,0.0,JNE,2022,March,3,2022-03,0,0,1,0
ORD002435,CUST0659,2023-05-28,69000,Palembang,Sumatera Selatan,32467,Kartu Kredit,delivered,No Promo,0.0,SiCepat,2023,May,5,2023-05,0,0,1,0
ORD002436,CUST0233,2024-03-04,861336,Manado,Sulawesi Utara,33274,GoPay,delivered,NEWUSER,15664.0,JNE,2024,March,3,2024-03,0,0,1,1
ORD002437,CUST0054,2023-03-08,886000,Manado,Sulawesi Utara,37946,Transfer Bank,processing,No Promo,0.0,SiCepat,2023,March,3,2023-03,0,0,0,0
ORD002438,CUST0334,2023-07-11,129000,Denpasar,Bali,28098,GoPay,processing,No Promo,0.0,J&T,2023,July,7,2023-07,0,0,0,0
ORD002439,CUST0055,2023-06-08,550452,Bandung,Jawa Barat,12311,Transfer Bank,cancelled,HARI BELANJA,35548.0,J&T,2023,June,6,2023-06,1,0,0,1
ORD002440,CUST0076,2023-11-15,449000,Tangerang,Banten,11273,Kartu Kredit,returned,No Promo,0.0,J&T,2023,November,11,2023-11,0,1,0,0
ORD002441,CUST0709,2022-10-26,358000,Jakarta,Dki Jakarta,11973,QRIS,delivered,No Promo,0.0,SiCepat,2022,October,10,2022-10,0,0,1,0
ORD002442,CUST0671,2025-01-23,704868,Malang,Jawa Timur,16376,Kartu Kredit,processing,FLASHSALE,22132.0,SiCepat,2025,January,1,2025-01,0,0,0,1
ORD002443,CUST0095,2022-12-21,585016,Yogyakarta,Di Yogyakarta,18585,GoPay,processing,HARI BELANJA,13984.0,JNE,2022,December,12,2022-12,0,0,0,1
ORD002444,CUST0721,2024-09-01,709353,Tangerang,Banten,13192,Transfer Bank,delivered,HARI BELANJA,47647.0,SiCepat,2024,September,9,2024-09,0,0,1,1
ORD002445,CUST0579,2024-12-16,298000,Palembang,Sumatera Selatan,27725,OVO,cancelled,No Promo,0.0,SiCepat,2024,December,12,2024-12,1,0,0,0
ORD002446,CUST0335,2023-05-19,564141,Banjarmasin,Kalimantan Selatan,33370,Transfer Bank,shipped,RAMADAN23,31859.0,Anteraja,2023,May,5,2023-05,0,0,0,1
ORD002447,CUST0543,2022-07-31,199000,Pekanbaru,Riau,33053,Kartu Kredit,cancelled,No Promo,0.0,JNE,2022,July,7,2022-07,1,0,0,0
ORD002448,CUST0291,2023-02-21,94873,Denpasar,Bali,29219,OVO,delivered,SALE2024,34127.0,J&T,2023,February,2,2023-02,0,0,1,1
ORD002449,CUST0628,2024-04-11,279000,Jakarta,Dki Jakarta,11139,OVO,delivered,No Promo,0.0,J&T,2024,April,4,2024-04,0,0,1,0
ORD002450,CUST0386,2022-11-21,179000,Padang,Sumatera Barat,28726,GoPay,delivered,No Promo,0.0,SiCepat,2022,November,11,2022-11,0,0,1,0
ORD002451,CUST0673,2023-11-02,1197000,Makassar,Sulawesi Selatan,38078,GoPay,returned,No Promo,0.0,J&T,2023,November,11,2023-11,0,1,0,0
ORD002452,CUST0606,2023-02-03,10265,Bandung,Jawa Barat,11553,Kartu Kredit,processing,HARI BELANJA,48735.0,Anteraja,2023,February,2,2023-02,0,0,0,1
ORD002453,CUST0059,2024-08-26,562473,Balikpapan,Kalimantan Timur,37795,Transfer Bank,shipped,HARBOLNAS22,15527.0,Pos Indonesia,2024,August,8,2024-08,0,0,0,1
ORD002454,CUST0045,2022-07-21,164013,Bandung,Jawa Barat,13625,GoPay,delivered,WEEKEND25,34987.0,J&T,2022,July,7,2022-07,0,0,1,1
ORD002455,CUST0762,2024-09-01,199000,Balikpapan,Kalimantan Timur,30052,GoPay,delivered,No Promo,0.0,JNE,2024,September,9,2024-09,0,0,1,0
ORD002456,CUST0103,2022-03-25,299000,Jakarta,Dki Jakarta,10969,Transfer Bank,shipped,No Promo,0.0,J&T,2022,March,3,2022-03,0,0,0,0
ORD002457,CUST0037,2022-02-25,260403,Balikpapan,Kalimantan Timur,44887,Transfer Bank,delivered,HARI BELANJA,38597.0,JNE,2022,February,2,2022-02,0,0,1,1
ORD002458,CUST0631,2024-08-27,179052,Medan,Sumatera Utara,38742,QRIS,delivered,SALE2024,19948.0,J&T,2024,August,8,2024-08,0,0,1,1
ORD002459,CUST0372,2022-07-09,499000,Bandung,Jawa Barat,14833,QRIS,delivered,No Promo,0.0,J&T,2022,July,7,2022-07,0,0,1,0
ORD002460,CUST0497,2022-03-27,229000,Makassar,Sulawesi Selatan,43988,GoPay,processing,No Promo,0.0,J&T,2022,March,3,2022-03,0,0,0,0
ORD002461,CUST0161,2025-01-28,877000,Depok,Jawa Barat,10162,QRIS,processing,No Promo,0.0,JNE,2025,January,1,2025-01,0,0,0,0
ORD002462,CUST0003,2025-01-10,667000,Tangerang,Banten,11063,OVO,delivered,No Promo,0.0,JNE,2025,January,1,2025-01,0,0,1,0
ORD002463,CUST0128,2024-04-05,638000,Banjarmasin,Kalimantan Selatan,28272,GoPay,shipped,No Promo,0.0,SiCepat,2024,April,4,2024-04,0,0,0,0
ORD002464,CUST0750,2024-08-09,40663,Bogor,Jawa Barat,11369,Transfer Bank,shipped,MEMBER10,38337.0,J&T,2024,August,8,2024-08,0,0,0,1
ORD002465,CUST0236,2022-10-30,527000,Pontianak,Kalimantan Barat,34412,Kartu Kredit,processing,No Promo,0.0,J&T,2022,October,10,2022-10,0,0,0,0
ORD002466,CUST0667,2023-10-20,158000,Bekasi,Jawa Barat,9340,Transfer Bank,shipped,No Promo,0.0,JNE,2023,October,10,2023-10,0,0,0,0
ORD002467,CUST0329,2024-05-24,138488,Bekasi,Jawa Barat,12334,GoPay,delivered,SALE2024,40512.0,Anteraja,2024,May,5,2024-05,0,0,1,1
ORD002468,CUST0515,2024-04-21,188000,Banjarmasin,Kalimantan Selatan,41908,GoPay,delivered,No Promo,0.0,Anteraja,2024,April,4,2024-04,0,0,1,0
ORD002469,CUST0548,2024-03-16,437171,Pontianak,Kalimantan Barat,40622,Kartu Kredit,returned,HARBOLNAS22,11829.0,SiCepat,2024,March,3,2024-03,0,1,0,1
ORD002470,CUST0160,2024-05-08,229000,Pontianak,Kalimantan Barat,33347,Kartu Kredit,cancelled,No Promo,0.0,J&T,2024,May,5,2024-05,1,0,0,0
ORD002471,CUST0221,2022-04-10,227000,Balikpapan,Kalimantan Timur,35454,OVO,delivered,No Promo,0.0,J&T,2022,April,4,2022-04,0,0,1,0
ORD002472,CUST0784,2023-06-25,398000,Tangerang,Banten,12019,GoPay,cancelled,No Promo,0.0,JNE,2023,June,6,2023-06,1,0,0,0
ORD002473,CUST0001,2022-04-26,183158,Semarang,Jawa Tengah,17233,GoPay,processing,MEMBER10,15842.0,JNE,2022,April,4,2022-04,0,0,0,1
ORD002474,CUST0118,2025-02-24,133260,Bekasi,Jawa Barat,9884,OVO,processing,FLASHSALE,45740.0,JNE,2025,February,2,2025-02,0,0,0,1
ORD002475,CUST0474,2024-07-11,1695000,Banjarmasin,Kalimantan Selatan,40710,Transfer Bank,delivered,No Promo,0.0,SiCepat,2024,July,7,2024-07,0,0,1,0
ORD002476,CUST0141,2022-06-03,368000,Malang,Jawa Timur,21688,OVO,processing,No Promo,0.0,JNE,2022,June,6,2022-06,0,0,0,0
ORD002477,CUST0231,2022-01-22,1376190,Makassar,Sulawesi Selatan,36504,OVO,delivered,NEWUSER,20810.0,SiCepat,2022,January,1,2022-01,0,0,1,1
ORD002478,CUST0404,2024-07-24,69000,Makassar,Sulawesi Selatan,40507,Transfer Bank,delivered,No Promo,0.0,JNE,2024,July,7,2024-07,0,0,1,0
ORD002479,CUST0488,2025-02-04,179000,Bogor,Jawa Barat,11523,GoPay,cancelled,No Promo,0.0,JNE,2025,February,2,2025-02,1,0,0,0
ORD002480,CUST0749,2023-02-10,678000,Banjarmasin,Kalimantan Selatan,40020,Transfer Bank,cancelled,No Promo,0.0,J&T,2023,February,2,2023-02,1,0,0,0
ORD002481,CUST0744,2024-06-30,399000,Jakarta,Dki Jakarta,8209,GoPay,delivered,No Promo,0.0,J&T,2024,June,6,2024-06,0,0,1,0
ORD002482,CUST0137,2024-10-16,575272,Yogyakarta,Di Yogyakarta,18338,GoPay,processing,MEMBER10,11728.0,J&T,2024,October,10,2024-10,0,0,0,1
ORD002483,CUST0746,2024-05-05,244637,Pekanbaru,Riau,22154,Transfer Bank,shipped,MEMBER10,34363.0,SiCepat,2024,May,5,2024-05,0,0,0,1
ORD002484,CUST0214,2024-11-02,119000,Padang,Sumatera Barat,31211,OVO,delivered,No Promo,0.0,J&T,2024,November,11,2024-11,0,0,1,0
ORD002485,CUST0221,2023-06-26,1086000,Balikpapan,Kalimantan Timur,41976,Kartu Kredit,delivered,No Promo,0.0,SiCepat,2023,June,6,2023-06,0,0,1,0
ORD002486,CUST0410,2024-08-27,576000,Semarang,Jawa Tengah,12864,Transfer Bank,delivered,No Promo,0.0,J&T,2024,August,8,2024-08,0,0,1,0
ORD002487,CUST0120,2022-06-04,551110,Pontianak,Kalimantan Barat,38928,Transfer Bank,delivered,HARI BELANJA,45890.0,J&T,2022,June,6,2022-06,0,0,1,1
ORD002488,CUST0488,2022-02-08,1264321,Bogor,Jawa Barat,14985,Transfer Bank,cancelled,SALE2024,31679.0,SiCepat,2022,February,2,2022-02,1,0,0,1
ORD002489,CUST0444,2023-08-07,251996,Malang,Jawa Timur,20439,Transfer Bank,shipped,SALE2024,46004.0,JNE,2023,August,8,2023-08,0,0,0,1
ORD002490,CUST0431,2024-11-24,119000,Banjarmasin,Kalimantan Selatan,37148,Transfer Bank,shipped,No Promo,0.0,J&T,2024,November,11,2024-11,0,0,0,0
ORD002491,CUST0141,2022-10-15,759948,Tangerang,Banten,9295,Kartu Kredit,delivered,FLASHSALE,47052.0,J&T,2022,October,10,2022-10,0,0,1,1
ORD002492,CUST0282,2023-07-10,499000,Palembang,Sumatera Selatan,25366,Transfer Bank,cancelled,No Promo,0.0,JNE,2023,July,7,2023-07,1,0,0,0
ORD002493,CUST0175,2023-03-04,230979,Palembang,Sumatera Selatan,28441,OVO,shipped,FLASHSALE,18021.0,JNE,2023,March,3,2023-03,0,0,0,1
ORD002494,CUST0564,2023-03-05,548000,Bogor,Jawa Barat,10728,GoPay,delivered,No Promo,0.0,JNE,2023,March,3,2023-03,0,0,1,0
ORD002495,CUST0449,2022-11-10,309462,Manado,Sulawesi Utara,43167,GoPay,delivered,FLASHSALE,39538.0,Anteraja,2022,November,11,2022-11,0,0,1,1
ORD002496,CUST0756,2023-05-04,423956,Surabaya,Jawa Timur,14404,Kartu Kredit,processing,SALE2024,34044.0,SiCepat,2023,May,5,2023-05,0,0,0,1
ORD002497,CUST0228,2024-04-23,485478,Malang,Jawa Timur,14325,GoPay,shipped,FLASHSALE,11522.0,J&T,2024,April,4,2024-04,0,0,0,1
ORD002498,CUST0468,2024-07-14,1057091,Surabaya,Jawa Timur,15166,OVO,shipped,NEWUSER,18909.0,JNE,2024,July,7,2024-07,0,0,0,1
ORD002499,CUST0395,2024-05-16,129000,Makassar,Sulawesi Selatan,31757,OVO,delivered,No Promo,0.0,JNE,2024,May,5,2024-05,0,0,1,0
ORD002500,CUST0291,2024-04-11,812190,Denpasar,Bali,26353,Transfer Bank,delivered,NEWUSER,44810.0,JNE,2024,April,4,2024-04,0,0,1,1
ORD002501,CUST0565,2022-04-23,1227000,Banjarmasin,Kalimantan Selatan,38344,OVO,delivered,No Promo,0.0,J&T,2022,April,4,2022-04,0,0,1,0
ORD002502,CUST0548,2023-10-05,129000,Bekasi,Jawa Barat,11723,Transfer Bank,processing,No Promo,0.0,Pos Indonesia,2023,October,10,2023-10,0,0,0,0
ORD002503,CUST0106,2024-09-14,49000,Palembang,Sumatera Selatan,33201,Kartu Kredit,shipped,No Promo,0.0,JNE,2024,September,9,2024-09,0,0,0,0
ORD002504,CUST0630,2023-09-04,449000,Depok,Jawa Barat,12575,GoPay,shipped,No Promo,0.0,J&T,2023,September,9,2023-09,0,0,0,0
ORD002505,CUST0787,2024-05-19,458000,Tangerang,Banten,10960,GoPay,shipped,No Promo,0.0,SiCepat,2024,May,5,2024-05,0,0,0,0
ORD002506,CUST0353,2023-04-16,174943,Balikpapan,Kalimantan Timur,36060,Transfer Bank,cancelled,WEEKEND25,24057.0,Anteraja,2023,April,4,2023-04,1,0,0,1
ORD002507,CUST0611,2022-03-16,948437,Makassar,Sulawesi Selatan,35402,Transfer Bank,shipped,NEWUSER,28563.0,J&T,2022,March,3,2022-03,0,0,0,1
ORD002508,CUST0412,2022-08-10,101470,Bogor,Jawa Barat,14137,GoPay,delivered,SALE2024,17530.0,SiCepat,2022,August,8,2022-08,0,0,1,1
ORD002509,CUST0528,2024-08-07,149000,Bandung,Jawa Barat,14568,OVO,delivered,No Promo,0.0,JNE,2024,August,8,2024-08,0,0,1,0
ORD002510,CUST0483,2023-01-29,149000,Padang,Sumatera Barat,24951,Transfer Bank,delivered,No Promo,0.0,JNE,2023,January,1,2023-01,0,0,1,0
ORD002511,CUST0679,2023-12-14,782313,Padang,Sumatera Barat,31025,OVO,delivered,MEMBER10,15687.0,J&T,2023,December,12,2023-12,0,0,1,1
ORD002512,CUST0170,2023-04-21,428000,Palembang,Sumatera Selatan,26319,Kartu Kredit,delivered,No Promo,0.0,J&T,2023,April,4,2023-04,0,0,1,0
ORD002513,CUST0161,2025-01-29,179000,Depok,Jawa Barat,13086,OVO,cancelled,No Promo,0.0,Anteraja,2025,January,1,2025-01,1,0,0,0
ORD002514,CUST0466,2023-02-02,358000,Balikpapan,Kalimantan Timur,34127,Transfer Bank,delivered,No Promo,0.0,JNE,2023,February,2,2023-02,0,0,1,0
ORD002515,CUST0224,2024-05-02,824162,Depok,Jawa Barat,11011,GoPay,processing,HARBOLNAS22,23838.0,JNE,2024,May,5,2024-05,0,0,0,1
ORD002516,CUST0082,2024-07-13,377000,Pekanbaru,Riau,29136,OVO,delivered,No Promo,0.0,Anteraja,2024,July,7,2024-07,0,0,1,0
ORD002517,CUST0312,2023-09-21,678000,Tangerang,Banten,13027,OVO,cancelled,No Promo,0.0,J&T,2023,September,9,2023-09,1,0,0,0
ORD002518,CUST0617,2024-07-03,667000,Padang,Sumatera Barat,34029,Transfer Bank,delivered,No Promo,0.0,SiCepat,2024,July,7,2024-07,0,0,1,0
ORD002519,CUST0800,2024-04-05,223994,Padang,Sumatera Barat,34987,GoPay,delivered,HARBOLNAS22,25006.0,J&T,2024,April,4,2024-04,0,0,1,1
ORD002520,CUST0192,2025-02-02,399000,Bandung,Jawa Barat,10407,Kartu Kredit,cancelled,No Promo,0.0,JNE,2025,February,2,2025-02,1,0,0,0
ORD002521,CUST0417,2023-02-26,299000,Medan,Sumatera Utara,30526,Transfer Bank,delivered,No Promo,0.0,SiCepat,2023,February,2,2023-02,0,0,1,0
ORD002522,CUST0772,2024-12-03,129000,Balikpapan,Kalimantan Timur,34431,Kartu Kredit,cancelled,No Promo,0.0,SiCepat,2024,December,12,2024-12,1,0,0,0
ORD002523,CUST0211,2024-07-18,99000,Denpasar,Bali,21144,Transfer Bank,processing,No Promo,0.0,J&T,2024,July,7,2024-07,0,0,0,0
ORD002524,CUST0201,2023-11-11,118000,Yogyakarta,Di Yogyakarta,13559,QRIS,shipped,No Promo,0.0,Pos Indonesia,2023,November,11,2023-11,0,0,0,0
ORD002525,CUST0642,2023-05-18,179000,Manado,Sulawesi Utara,41601,OVO,delivered,No Promo,0.0,Pos Indonesia,2023,May,5,2023-05,0,0,1,0
ORD002526,CUST0591,2025-02-02,286827,Jakarta,Dki Jakarta,11553,Transfer Bank,delivered,NEWUSER,42173.0,SiCepat,2025,February,2,2025-02,0,0,1,1
ORD002527,CUST0741,2023-02-07,89000,Pekanbaru,Riau,32379,Transfer Bank,delivered,No Promo,0.0,Anteraja,2023,February,2,2023-02,0,0,1,0
ORD002528,CUST0403,2023-02-25,809210,Surabaya,Jawa Timur,15842,OVO,cancelled,HARBOLNAS22,16790.0,SiCepat,2023,February,2,2023-02,1,0,0,1
ORD002529,CUST0507,2022-05-18,170053,Padang,Sumatera Barat,25325,OVO,cancelled,SALE2024,27947.0,Anteraja,2022,May,5,2022-05,1,0,0,1
ORD002530,CUST0704,2022-12-30,118000,Bandung,Jawa Barat,13190,Kartu Kredit,shipped,No Promo,0.0,J&T,2022,December,12,2022-12,0,0,0,0
ORD002531,CUST0283,2023-01-14,158691,Bogor,Jawa Barat,14352,QRIS,delivered,HARI BELANJA,40309.0,J&T,2023,January,1,2023-01,0,0,1,1
ORD002532,CUST0099,2024-08-04,437259,Depok,Jawa Barat,13712,OVO,returned,HARI BELANJA,10741.0,Anteraja,2024,August,8,2024-08,0,1,0,1
ORD002533,CUST0002,2022-11-15,1786995,Semarang,Jawa Tengah,15472,Kartu Kredit,shipped,NEWUSER,10005.0,J&T,2022,November,11,2022-11,0,0,0,1
ORD002534,CUST0717,2025-01-20,487000,Palembang,Sumatera Selatan,30203,OVO,delivered,No Promo,0.0,Pos Indonesia,2025,January,1,2025-01,0,0,1,0
ORD002535,CUST0425,2024-12-27,69000,Pontianak,Kalimantan Barat,38668,GoPay,shipped,No Promo,0.0,SiCepat,2024,December,12,2024-12,0,0,0,0
ORD002536,CUST0145,2023-09-28,49000,Banjarmasin,Kalimantan Selatan,35713,Transfer Bank,shipped,No Promo,0.0,J&T,2023,September,9,2023-09,0,0,0,0
ORD002537,CUST0294,2023-12-23,99000,Bekasi,Jawa Barat,10756,Transfer Bank,delivered,No Promo,0.0,SiCepat,2023,December,12,2023-12,0,0,1,0
ORD002538,CUST0228,2022-03-12,41514,Tangerang,Banten,9156,Transfer Bank,delivered,HARBOLNAS22,47486.0,J&T,2022,March,3,2022-03,0,0,1,1
ORD002539,CUST0288,2024-06-12,783081,Padang,Sumatera Barat,27807,Transfer Bank,processing,SALE2024,42919.0,JNE,2024,June,6,2024-06,0,0,0,1
ORD002540,CUST0061,2023-02-02,508000,Bekasi,Jawa Barat,11089,GoPay,processing,No Promo,0.0,SiCepat,2023,February,2,2023-02,0,0,0,0
ORD002541,CUST0613,2024-07-20,184464,Yogyakarta,Di Yogyakarta,15003,OVO,processing,NEWUSER,44536.0,SiCepat,2024,July,7,2024-07,0,0,0,1
ORD002542,CUST0457,2024-09-17,89000,Malang,Jawa Timur,19895,Kartu Kredit,delivered,No Promo,0.0,SiCepat,2024,September,9,2024-09,0,0,1,0
ORD002543,CUST0571,2024-07-31,89000,Manado,Sulawesi Utara,38207,GoPay,shipped,No Promo,0.0,JNE,2024,July,7,2024-07,0,0,0,0
ORD002544,CUST0239,2024-06-05,855000,Jakarta,Dki Jakarta,10472,GoPay,delivered,No Promo,0.0,J&T,2024,June,6,2024-06,0,0,1,0
ORD002545,CUST0799,2024-06-02,318000,Jakarta,Dki Jakarta,9899,Transfer Bank,shipped,No Promo,0.0,J&T,2024,June,6,2024-06,0,0,0,0
ORD002546,CUST0468,2024-08-26,1706649,Surabaya,Jawa Timur,15385,QRIS,shipped,HARI BELANJA,27351.0,JNE,2024,August,8,2024-08,0,0,0,1
ORD002547,CUST0441,2024-10-29,181310,Manado,Sulawesi Utara,35558,Transfer Bank,delivered,WEEKEND25,17690.0,J&T,2024,October,10,2024-10,0,0,1,1
ORD002548,CUST0057,2024-04-05,329000,Semarang,Jawa Tengah,16555,OVO,delivered,No Promo,0.0,J&T,2024,April,4,2024-04,0,0,1,0
ORD002549,CUST0629,2024-07-25,710000,Padang,Sumatera Barat,27464,Transfer Bank,delivered,SALE2024,36000.0,J&T,2024,July,7,2024-07,0,0,1,1
ORD002550,CUST0677,2024-06-02,119000,Surabaya,Jawa Timur,13145,OVO,shipped,No Promo,0.0,JNE,2024,June,6,2024-06,0,0,0,0
ORD002551,CUST0009,2022-10-26,425119,Semarang,Jawa Tengah,16185,GoPay,cancelled,MEMBER10,11881.0,Anteraja,2022,October,10,2022-10,1,0,0,1
ORD002552,CUST0318,2024-08-24,81951,Balikpapan,Kalimantan Timur,41810,OVO,delivered,MEMBER10,47049.0,JNE,2024,August,8,2024-08,0,0,1,1
ORD002553,CUST0402,2022-01-16,329000,Banjarmasin,Kalimantan Selatan,37402,OVO,delivered,No Promo,0.0,JNE,2022,January,1,2022-01,0,0,1,0
ORD002554,CUST0748,2024-06-30,236000,Denpasar,Bali,20559,Transfer Bank,delivered,No Promo,0.0,JNE,2024,June,6,2024-06,0,0,1,0
ORD002555,CUST0627,2023-12-14,199000,Balikpapan,Kalimantan Timur,33985,Kartu Kredit,shipped,No Promo,0.0,Anteraja,2023,December,12,2023-12,0,0,0,0
ORD002556,CUST0665,2024-01-04,199000,Banjarmasin,Kalimantan Selatan,29152,Transfer Bank,returned,No Promo,0.0,JNE,2024,January,1,2024-01,0,1,0,0
ORD002557,CUST0789,2025-01-31,1058666,Palembang,Sumatera Selatan,30679,Kartu Kredit,delivered,SALE2024,18334.0,J&T,2025,January,1,2025-01,0,0,1,1
ORD002558,CUST0099,2023-09-20,558000,Depok,Jawa Barat,9687,Transfer Bank,processing,No Promo,0.0,J&T,2023,September,9,2023-09,0,0,0,0
ORD002559,CUST0615,2023-01-08,399000,Semarang,Jawa Tengah,14595,GoPay,delivered,No Promo,0.0,Anteraja,2023,January,1,2023-01,0,0,1,0
ORD002560,CUST0446,2024-12-03,313816,Padang,Sumatera Barat,31067,Kartu Kredit,delivered,RAMADAN23,14184.0,Anteraja,2024,December,12,2024-12,0,0,1,1
ORD002561,CUST0465,2024-01-22,229000,Surabaya,Jawa Timur,16924,Transfer Bank,delivered,No Promo,0.0,JNE,2024,January,1,2024-01,0,0,1,0
ORD002562,CUST0532,2024-10-29,304898,Manado,Sulawesi Utara,34211,GoPay,returned,FLASHSALE,13102.0,JNE,2024,October,10,2024-10,0,1,0,1
ORD002563,CUST0329,2023-01-18,348000,Medan,Sumatera Utara,34354,Transfer Bank,shipped,No Promo,0.0,JNE,2023,January,1,2023-01,0,0,0,0
ORD002564,CUST0270,2024-09-03,1266000,Semarang,Jawa Tengah,14226,Transfer Bank,delivered,No Promo,0.0,Anteraja,2024,September,9,2024-09,0,0,1,0
ORD002565,CUST0192,2025-01-22,499000,Denpasar,Bali,28361,GoPay,delivered,No Promo,0.0,JNE,2025,January,1,2025-01,0,0,1,0
ORD002566,CUST0745,2022-06-13,206077,Manado,Sulawesi Utara,42628,QRIS,delivered,NEWUSER,31923.0,J&T,2022,June,6,2022-06,0,0,1,1
ORD002567,CUST0054,2023-11-12,298000,Bogor,Jawa Barat,10452,Kartu Kredit,processing,No Promo,0.0,JNE,2023,November,11,2023-11,0,0,0,0
ORD002568,CUST0660,2023-08-14,678000,Pontianak,Kalimantan Barat,36811,Kartu Kredit,delivered,No Promo,0.0,SiCepat,2023,August,8,2023-08,0,0,1,0
ORD002569,CUST0232,2023-10-27,1027144,Bandung,Jawa Barat,11562,GoPay,delivered,SALE2024,39856.0,SiCepat,2023,October,10,2023-10,0,0,1,1
ORD002570,CUST0433,2025-02-16,1297000,Manado,Sulawesi Utara,44520,Kartu Kredit,delivered,No Promo,0.0,JNE,2025,February,2,2025-02,0,0,1,0
ORD002571,CUST0134,2023-07-25,1057000,Tangerang,Banten,10921,GoPay,delivered,No Promo,0.0,SiCepat,2023,July,7,2023-07,0,0,1,0
ORD002572,CUST0101,2025-02-06,251681,Semarang,Jawa Tengah,16374,QRIS,processing,HARI BELANJA,27319.0,JNE,2025,February,2,2025-02,0,0,0,1
ORD002573,CUST0649,2023-06-14,503896,Semarang,Jawa Tengah,16525,GoPay,processing,FLASHSALE,24104.0,JNE,2023,June,6,2023-06,0,0,0,1
ORD002574,CUST0558,2022-08-27,138241,Denpasar,Bali,20870,QRIS,cancelled,HARI BELANJA,39759.0,JNE,2022,August,8,2022-08,1,0,0,1
ORD002575,CUST0636,2025-02-20,1146000,Medan,Sumatera Utara,38092,Transfer Bank,delivered,No Promo,0.0,J&T,2025,February,2,2025-02,0,0,1,0
ORD002576,CUST0611,2024-06-09,128963,Makassar,Sulawesi Selatan,31527,Transfer Bank,cancelled,FLASHSALE,29037.0,J&T,2024,June,6,2024-06,1,0,0,1
ORD002577,CUST0322,2024-04-25,250943,Depok,Jawa Barat,10800,GoPay,processing,NEWUSER,28057.0,J&T,2024,April,4,2024-04,0,0,0,1
ORD002578,CUST0289,2025-01-08,417000,Balikpapan,Kalimantan Timur,31675,Kartu Kredit,delivered,No Promo,0.0,J&T,2025,January,1,2025-01,0,0,1,0
ORD002579,CUST0562,2024-07-07,566357,Denpasar,Bali,28806,QRIS,shipped,NEWUSER,32643.0,SiCepat,2024,July,7,2024-07,0,0,0,1
ORD002580,CUST0442,2022-02-15,298000,Yogyakarta,Di Yogyakarta,16974,GoPay,delivered,No Promo,0.0,JNE,2022,February,2,2022-02,0,0,1,0
ORD002581,CUST0767,2023-10-29,297000,Medan,Sumatera Utara,32906,Kartu Kredit,delivered,No Promo,0.0,SiCepat,2023,October,10,2023-10,0,0,1,0
ORD002582,CUST0280,2024-02-07,737073,Depok,Jawa Barat,11573,OVO,shipped,HARI BELANJA,19927.0,J&T,2024,February,2,2024-02,0,0,0,1
ORD002583,CUST0589,2024-02-24,782837,Jakarta,Dki Jakarta,9668,GoPay,delivered,RAMADAN23,43163.0,J&T,2024,February,2,2024-02,0,0,1,1
ORD002584,CUST0039,2024-05-11,549000,Semarang,Jawa Tengah,16792,Kartu Kredit,shipped,No Promo,0.0,JNE,2024,May,5,2024-05,0,0,0,0
ORD002585,CUST0319,2024-01-03,556740,Bandung,Jawa Barat,13698,Transfer Bank,processing,NEWUSER,42260.0,SiCepat,2024,January,1,2024-01,0,0,0,1
ORD002586,CUST0706,2025-01-01,626000,Malang,Jawa Timur,16944,GoPay,delivered,No Promo,0.0,J&T,2025,January,1,2025-01,0,0,1,0
ORD002587,CUST0193,2023-09-09,898000,Medan,Sumatera Utara,35143,Transfer Bank,delivered,No Promo,0.0,SiCepat,2023,September,9,2023-09,0,0,1,0
ORD002588,CUST0105,2024-05-29,278000,Padang,Sumatera Barat,29105,OVO,delivered,No Promo,0.0,J&T,2024,May,5,2024-05,0,0,1,0
ORD002589,CUST0218,2023-01-31,458000,Yogyakarta,Di Yogyakarta,17872,GoPay,shipped,No Promo,0.0,SiCepat,2023,January,1,2023-01,0,0,0,0
ORD002590,CUST0392,2024-05-17,113758,Pontianak,Kalimantan Barat,35674,OVO,returned,MEMBER10,35242.0,SiCepat,2024,May,5,2024-05,0,1,0,1
ORD002591,CUST0283,2023-01-08,146131,Bogor,Jawa Barat,10056,GoPay,delivered,HARBOLNAS22,11869.0,J&T,2023,January,1,2023-01,0,0,1,1
ORD002592,CUST0182,2023-07-08,408423,Bekasi,Jawa Barat,10136,Kartu Kredit,delivered,NEWUSER,19577.0,JNE,2023,July,7,2023-07,0,0,1,1
ORD002593,CUST0665,2023-01-11,178000,Surabaya,Jawa Timur,14132,GoPay,delivered,No Promo,0.0,J&T,2023,January,1,2023-01,0,0,1,0
ORD002594,CUST0375,2023-04-02,218000,Tangerang,Banten,10713,QRIS,delivered,No Promo,0.0,Anteraja,2023,April,4,2023-04,0,0,1,0
ORD002595,CUST0602,2023-03-14,517000,Bekasi,Jawa Barat,12111,Kartu Kredit,shipped,No Promo,0.0,SiCepat,2023,March,3,2023-03,0,0,0,0
ORD002596,CUST0092,2023-12-08,1205000,Bandung,Jawa Barat,13168,Transfer Bank,processing,No Promo,0.0,SiCepat,2023,December,12,2023-12,0,0,0,0
ORD002597,CUST0161,2024-05-29,368075,Bogor,Jawa Barat,10333,Transfer Bank,delivered,HARI BELANJA,49925.0,SiCepat,2024,May,5,2024-05,0,0,1,1
ORD002598,CUST0631,2023-11-20,149000,Medan,Sumatera Utara,34390,GoPay,cancelled,No Promo,0.0,J&T,2023,November,11,2023-11,1,0,0,0
ORD002599,CUST0498,2023-10-09,359272,Depok,Jawa Barat,12755,GoPay,delivered,HARI BELANJA,36728.0,JNE,2023,October,10,2023-10,0,0,1,1
ORD002600,CUST0434,2023-08-02,329000,Pekanbaru,Riau,22053,Transfer Bank,delivered,No Promo,0.0,JNE,2023,August,8,2023-08,0,0,1,0
ORD002601,CUST0657,2024-05-06,698000,Padang,Sumatera Barat,28706,OVO,delivered,No Promo,0.0,SiCepat,2024,May,5,2024-05,0,0,1,0
ORD002602,CUST0578,2024-12-21,76398,Depok,Jawa Barat,12481,Kartu Kredit,returned,HARBOLNAS22,22602.0,J&T,2024,December,12,2024-12,0,1,0,1
ORD002603,CUST0350,2024-06-06,298000,Tangerang,Banten,9517,GoPay,shipped,No Promo,0.0,JNE,2024,June,6,2024-06,0,0,0,0
ORD002604,CUST0546,2024-11-19,748000,Makassar,Sulawesi Selatan,42268,Transfer Bank,delivered,No Promo,0.0,J&T,2024,November,11,2024-11,0,0,1,0
ORD002605,CUST0040,2024-01-06,69000,Malang,Jawa Timur,14840,OVO,delivered,No Promo,0.0,J&T,2024,January,1,2024-01,0,0,1,0
ORD002606,CUST0611,2024-03-07,1291702,Makassar,Sulawesi Selatan,35817,QRIS,delivered,FLASHSALE,23298.0,Pos Indonesia,2024,March,3,2024-03,0,0,1,1
ORD002607,CUST0487,2022-11-02,130831,Medan,Sumatera Utara,27042,Kartu Kredit,delivered,RAMADAN23,18169.0,J&T,2022,November,11,2022-11,0,0,1,1
ORD002608,CUST0655,2023-10-04,847000,Bogor,Jawa Barat,13462,GoPay,delivered,No Promo,0.0,Anteraja,2023,October,10,2023-10,0,0,1,0
ORD002609,CUST0697,2022-04-23,1014670,Bandung,Jawa Barat,14609,OVO,delivered,MEMBER10,32330.0,Anteraja,2022,April,4,2022-04,0,0,1,1
ORD002610,CUST0347,2022-09-24,329000,Depok,Jawa Barat,10324,OVO,delivered,No Promo,0.0,JNE,2022,September,9,2022-09,0,0,1,0
ORD002611,CUST0598,2023-10-20,298000,Depok,Jawa Barat,13375,GoPay,shipped,No Promo,0.0,JNE,2023,October,10,2023-10,0,0,0,0
ORD002612,CUST0402,2024-10-19,499000,Banjarmasin,Kalimantan Selatan,36595,QRIS,returned,No Promo,0.0,Pos Indonesia,2024,October,10,2024-10,0,1,0,0
ORD002613,CUST0699,2023-07-04,284941,Medan,Sumatera Utara,35804,Transfer Bank,shipped,FLASHSALE,44059.0,JNE,2023,July,7,2023-07,0,0,0,1
ORD002614,CUST0779,2023-04-29,1198000,Padang,Sumatera Barat,27452,GoPay,delivered,No Promo,0.0,Anteraja,2023,April,4,2023-04,0,0,1,0
ORD002615,CUST0412,2023-07-17,199000,Depok,Jawa Barat,13366,GoPay,delivered,No Promo,0.0,SiCepat,2023,July,7,2023-07,0,0,1,0
ORD002616,CUST0061,2024-12-13,199000,Bekasi,Jawa Barat,9690,GoPay,shipped,No Promo,0.0,SiCepat,2024,December,12,2024-12,0,0,0,0
ORD002617,CUST0298,2024-02-01,648000,Pontianak,Kalimantan Barat,35191,GoPay,shipped,No Promo,0.0,Anteraja,2024,February,2,2024-02,0,0,0,0
ORD002618,CUST0645,2024-10-25,515052,Manado,Sulawesi Utara,38275,OVO,shipped,FLASHSALE,20948.0,Pos Indonesia,2024,October,10,2024-10,0,0,0,1
ORD002619,CUST0760,2022-06-23,75871,Balikpapan,Kalimantan Timur,37098,Transfer Bank,delivered,MEMBER10,13129.0,Pos Indonesia,2022,June,6,2022-06,0,0,1,1
ORD002620,CUST0669,2024-12-24,392132,Depok,Jawa Barat,13790,Transfer Bank,delivered,RAMADAN23,25868.0,Pos Indonesia,2024,December,12,2024-12,0,0,1,1
ORD002621,CUST0691,2023-11-09,268129,Jakarta,Dki Jakarta,11974,OVO,delivered,WEEKEND25,29871.0,JNE,2023,November,11,2023-11,0,0,1,1
ORD002622,CUST0464,2022-12-09,57286,Banjarmasin,Kalimantan Selatan,39458,OVO,cancelled,MEMBER10,11714.0,JNE,2022,December,12,2022-12,1,0,0,1
ORD002623,CUST0550,2025-02-10,334028,Depok,Jawa Barat,11264,Transfer Bank,shipped,WEEKEND25,42972.0,Anteraja,2025,February,2,2025-02,0,0,0,1
ORD002624,CUST0182,2022-02-18,178000,Bekasi,Jawa Barat,9836,Transfer Bank,delivered,No Promo,0.0,Pos Indonesia,2022,February,2,2022-02,0,0,1,0
ORD002625,CUST0799,2024-01-20,897000,Jakarta,Dki Jakarta,8661,Transfer Bank,processing,No Promo,0.0,J&T,2024,January,1,2024-01,0,0,0,0
ORD002626,CUST0703,2023-02-03,464630,Semarang,Jawa Tengah,17319,Transfer Bank,delivered,WEEKEND25,13370.0,JNE,2023,February,2,2023-02,0,0,1,1
ORD002627,CUST0316,2024-04-15,399000,Depok,Jawa Barat,11831,OVO,delivered,No Promo,0.0,J&T,2024,April,4,2024-04,0,0,1,0
ORD002628,CUST0332,2023-04-01,798000,Palembang,Sumatera Selatan,25053,GoPay,delivered,No Promo,0.0,Anteraja,2023,April,4,2023-04,0,0,1,0
ORD002629,CUST0069,2023-04-03,795846,Tangerang,Banten,9749,OVO,delivered,NEWUSER,11154.0,SiCepat,2023,April,4,2023-04,0,0,1,1
ORD002630,CUST0608,2024-10-01,599000,Malang,Jawa Timur,19664,OVO,delivered,No Promo,0.0,J&T,2024,October,10,2024-10,0,0,1,0
ORD002631,CUST0389,2023-02-07,648000,Pontianak,Kalimantan Barat,34860,Kartu Kredit,shipped,No Promo,0.0,J&T,2023,February,2,2023-02,0,0,0,0
ORD002632,CUST0218,2022-06-22,578000,Jakarta,Dki Jakarta,9264,GoPay,delivered,No Promo,0.0,JNE,2022,June,6,2022-06,0,0,1,0
ORD002633,CUST0364,2025-02-11,69000,Padang,Sumatera Barat,34507,Transfer Bank,delivered,No Promo,0.0,SiCepat,2025,February,2,2025-02,0,0,1,0
ORD002634,CUST0296,2022-04-30,387000,Manado,Sulawesi Utara,44888,OVO,delivered,No Promo,0.0,JNE,2022,April,4,2022-04,0,0,1,0
ORD002635,CUST0009,2024-08-29,952827,Semarang,Jawa Tengah,12876,GoPay,delivered,WEEKEND25,23173.0,SiCepat,2024,August,8,2024-08,0,0,1,1
ORD002636,CUST0424,2025-01-15,558000,Bandung,Jawa Barat,11535,QRIS,delivered,No Promo,0.0,Anteraja,2025,January,1,2025-01,0,0,1,0
ORD002637,CUST0787,2023-07-16,407000,Tangerang,Banten,12193,GoPay,cancelled,No Promo,0.0,JNE,2023,July,7,2023-07,1,0,0,0
ORD002638,CUST0212,2023-08-20,199000,Semarang,Jawa Tengah,17888,OVO,delivered,No Promo,0.0,JNE,2023,August,8,2023-08,0,0,1,0
ORD002639,CUST0496,2022-10-13,561750,Medan,Sumatera Utara,39036,OVO,shipped,RAMADAN23,37250.0,Anteraja,2022,October,10,2022-10,0,0,0,1
ORD002640,CUST0757,2022-04-18,178000,Pontianak,Kalimantan Barat,33345,QRIS,delivered,No Promo,0.0,JNE,2022,April,4,2022-04,0,0,1,0
ORD002641,CUST0470,2024-12-13,399000,Manado,Sulawesi Utara,44757,Transfer Bank,delivered,No Promo,0.0,Anteraja,2024,December,12,2024-12,0,0,1,0
ORD002642,CUST0195,2023-06-15,100283,Bekasi,Jawa Barat,9376,QRIS,delivered,NEWUSER,28717.0,SiCepat,2023,June,6,2023-06,0,0,1,1
ORD002643,CUST0754,2024-08-24,525000,Bandung,Jawa Barat,10641,Transfer Bank,delivered,No Promo,0.0,JNE,2024,August,8,2024-08,0,0,1,0
ORD002644,CUST0720,2024-02-23,232730,Palembang,Sumatera Selatan,31708,OVO,returned,FLASHSALE,46270.0,JNE,2024,February,2,2024-02,0,1,0,1
ORD002645,CUST0154,2023-10-18,977000,Palembang,Sumatera Selatan,27887,Transfer Bank,shipped,No Promo,0.0,Pos Indonesia,2023,October,10,2023-10,0,0,0,0
ORD002646,CUST0555,2024-08-20,508000,Bogor,Jawa Barat,14516,QRIS,delivered,No Promo,0.0,J&T,2024,August,8,2024-08,0,0,1,0
ORD002647,CUST0187,2022-07-26,128000,Bogor,Jawa Barat,12695,Transfer Bank,delivered,No Promo,0.0,JNE,2022,July,7,2022-07,0,0,1,0
ORD002648,CUST0024,2023-02-10,998000,Makassar,Sulawesi Selatan,43834,OVO,delivered,No Promo,0.0,J&T,2023,February,2,2023-02,0,0,1,0
ORD002649,CUST0082,2022-01-25,1475000,Pekanbaru,Riau,26451,Transfer Bank,shipped,No Promo,0.0,J&T,2022,January,1,2022-01,0,0,0,0
ORD002650,CUST0606,2023-04-01,916000,Bandung,Jawa Barat,10010,QRIS,processing,No Promo,0.0,JNE,2023,April,4,2023-04,0,0,0,0
ORD002651,CUST0171,2024-11-01,753000,Pekanbaru,Riau,30521,Transfer Bank,returned,No Promo,0.0,JNE,2024,November,11,2024-11,0,1,0,0
ORD002652,CUST0280,2024-09-24,218000,Depok,Jawa Barat,11707,QRIS,delivered,No Promo,0.0,Anteraja,2024,September,9,2024-09,0,0,1,0
ORD002653,CUST0754,2023-12-22,40571,Tangerang,Banten,9308,Transfer Bank,delivered,FLASHSALE,18429.0,JNE,2023,December,12,2023-12,0,0,1,1
ORD002654,CUST0369,2025-01-17,887000,Pekanbaru,Riau,29071,Transfer Bank,delivered,No Promo,0.0,JNE,2025,January,1,2025-01,0,0,1,0
ORD002655,CUST0513,2023-08-04,537000,Yogyakarta,Di Yogyakarta,18608,QRIS,delivered,No Promo,0.0,Anteraja,2023,August,8,2023-08,0,0,1,0
ORD002656,CUST0691,2024-11-04,322618,Balikpapan,Kalimantan Timur,36023,GoPay,cancelled,FLASHSALE,26382.0,SiCepat,2024,November,11,2024-11,1,0,0,1
ORD002657,CUST0346,2024-10-13,798000,Medan,Sumatera Utara,33359,OVO,delivered,No Promo,0.0,JNE,2024,October,10,2024-10,0,0,1,0
ORD002658,CUST0345,2023-02-13,778000,Denpasar,Bali,26267,GoPay,delivered,No Promo,0.0,JNE,2023,February,2,2023-02,0,0,1,0
ORD002659,CUST0480,2024-11-26,997000,Pekanbaru,Riau,23468,GoPay,cancelled,No Promo,0.0,JNE,2024,November,11,2024-11,1,0,0,0
ORD002660,CUST0013,2024-12-23,313848,Makassar,Sulawesi Selatan,33810,QRIS,returned,RAMADAN23,15152.0,J&T,2024,December,12,2024-12,0,1,0,1
ORD002661,CUST0714,2023-09-06,853101,Medan,Sumatera Utara,39515,Kartu Kredit,processing,HARI BELANJA,44899.0,J&T,2023,September,9,2023-09,0,0,0,1
ORD002662,CUST0642,2024-03-26,298000,Palembang,Sumatera Selatan,28761,Transfer Bank,delivered,No Promo,0.0,SiCepat,2024,March,3,2024-03,0,0,1,0
ORD002663,CUST0430,2024-12-20,9949,Yogyakarta,Di Yogyakarta,15267,GoPay,delivered,HARBOLNAS22,39051.0,JNE,2024,December,12,2024-12,0,0,1,1
ORD002664,CUST0795,2023-07-03,145972,Jakarta,Dki Jakarta,9585,OVO,delivered,SALE2024,12028.0,SiCepat,2023,July,7,2023-07,0,0,1,1
ORD002665,CUST0614,2024-03-17,464347,Medan,Sumatera Utara,33573,QRIS,cancelled,MEMBER10,13653.0,J&T,2024,March,3,2024-03,1,0,0,1
ORD002666,CUST0335,2023-03-28,279000,Pekanbaru,Riau,29556,Transfer Bank,processing,No Promo,0.0,SiCepat,2023,March,3,2023-03,0,0,0,0
ORD002667,CUST0027,2024-10-03,399247,Pontianak,Kalimantan Barat,38830,QRIS,delivered,WEEKEND25,37753.0,Anteraja,2024,October,10,2024-10,0,0,1,1
ORD002668,CUST0540,2025-01-27,587000,Bekasi,Jawa Barat,9818,OVO,processing,No Promo,0.0,SiCepat,2025,January,1,2025-01,0,0,0,0
ORD002669,CUST0671,2022-05-16,1016000,Malang,Jawa Timur,21081,QRIS,shipped,No Promo,0.0,JNE,2022,May,5,2022-05,0,0,0,0
ORD002670,CUST0104,2024-06-13,286824,Jakarta,Dki Jakarta,9874,Transfer Bank,delivered,HARI BELANJA,11176.0,SiCepat,2024,June,6,2024-06,0,0,1,1
ORD002671,CUST0108,2024-11-01,217006,Yogyakarta,Di Yogyakarta,18128,GoPay,delivered,FLASHSALE,18994.0,SiCepat,2024,November,11,2024-11,0,0,1,1
ORD002672,CUST0354,2023-02-12,89000,Denpasar,Bali,31671,QRIS,returned,No Promo,0.0,JNE,2023,February,2,2023-02,0,1,0,0
ORD002673,CUST0529,2023-09-14,428000,Makassar,Sulawesi Selatan,40963,OVO,delivered,No Promo,0.0,Pos Indonesia,2023,September,9,2023-09,0,0,1,0
ORD002674,CUST0682,2024-09-12,399000,Bandung,Jawa Barat,11014,OVO,delivered,No Promo,0.0,SiCepat,2024,September,9,2024-09,0,0,1,0
ORD002675,CUST0010,2024-05-01,486223,Manado,Sulawesi Utara,40027,QRIS,cancelled,MEMBER10,12777.0,J&T,2024,May,5,2024-05,1,0,0,1
ORD002676,CUST0348,2023-12-01,298000,Bandung,Jawa Barat,12883,GoPay,delivered,No Promo,0.0,SiCepat,2023,December,12,2023-12,0,0,1,0
ORD002677,CUST0754,2024-01-09,1256000,Tangerang,Banten,12235,OVO,delivered,No Promo,0.0,J&T,2024,January,1,2024-01,0,0,1,0
ORD002678,CUST0274,2024-09-07,867142,Surabaya,Jawa Timur,15346,OVO,cancelled,HARI BELANJA,30858.0,JNE,2024,September,9,2024-09,1,0,0,1
ORD002679,CUST0190,2024-12-30,353620,Surabaya,Jawa Timur,17788,Transfer Bank,shipped,HARI BELANJA,45380.0,JNE,2024,December,12,2024-12,0,0,0,1
ORD002680,CUST0558,2024-11-21,416859,Denpasar,Bali,31307,Transfer Bank,delivered,HARI BELANJA,32141.0,JNE,2024,November,11,2024-11,0,0,1,1
ORD002681,CUST0347,2022-07-06,687000,Depok,Jawa Barat,13376,Transfer Bank,shipped,No Promo,0.0,SiCepat,2022,July,7,2022-07,0,0,0,0
ORD002682,CUST0606,2024-01-04,646562,Bandung,Jawa Barat,14702,Transfer Bank,delivered,SALE2024,11438.0,J&T,2024,January,1,2024-01,0,0,1,1
ORD002683,CUST0104,2023-10-27,826556,Jakarta,Dki Jakarta,10203,Kartu Kredit,delivered,SALE2024,30444.0,Pos Indonesia,2023,October,10,2023-10,0,0,1,1
ORD002684,CUST0487,2024-11-24,26131,Medan,Sumatera Utara,30860,Kartu Kredit,cancelled,HARBOLNAS22,42869.0,JNE,2024,November,11,2024-11,1,0,0,1
ORD002685,CUST0677,2024-04-10,636000,Surabaya,Jawa Timur,14430,GoPay,shipped,No Promo,0.0,JNE,2024,April,4,2024-04,0,0,0,0
ORD002686,CUST0576,2023-08-15,897000,Semarang,Jawa Tengah,12468,Kartu Kredit,delivered,No Promo,0.0,Anteraja,2023,August,8,2023-08,0,0,1,0
ORD002687,CUST0513,2024-05-13,549000,Balikpapan,Kalimantan Timur,31116,GoPay,delivered,No Promo,0.0,J&T,2024,May,5,2024-05,0,0,1,0
ORD002688,CUST0414,2024-03-11,378000,Surabaya,Jawa Timur,15259,Transfer Bank,delivered,No Promo,0.0,Pos Indonesia,2024,March,3,2024-03,0,0,1,0
ORD002689,CUST0605,2025-02-12,409586,Tangerang,Banten,9448,Kartu Kredit,delivered,FLASHSALE,39414.0,JNE,2025,February,2,2025-02,0,0,1,1
ORD002690,CUST0161,2023-07-05,99000,Yogyakarta,Di Yogyakarta,13178,Transfer Bank,delivered,No Promo,0.0,J&T,2023,July,7,2023-07,0,0,1,0
ORD002691,CUST0329,2023-01-04,966774,Bekasi,Jawa Barat,12916,OVO,shipped,NEWUSER,19226.0,JNE,2023,January,1,2023-01,0,0,0,1
ORD002692,CUST0233,2024-08-30,229000,Manado,Sulawesi Utara,40053,GoPay,cancelled,No Promo,0.0,Anteraja,2024,August,8,2024-08,1,0,0,0
ORD002693,CUST0284,2022-05-17,268000,Bandung,Jawa Barat,13428,OVO,delivered,No Promo,0.0,J&T,2022,May,5,2022-05,0,0,1,0
ORD002694,CUST0293,2023-06-17,251610,Tangerang,Banten,12596,GoPay,delivered,NEWUSER,27390.0,JNE,2023,June,6,2023-06,0,0,1,1
ORD002695,CUST0396,2024-03-28,59000,Padang,Sumatera Barat,34951,OVO,delivered,No Promo,0.0,J&T,2024,March,3,2024-03,0,0,1,0
ORD002696,CUST0335,2022-09-15,129000,Yogyakarta,Di Yogyakarta,16221,Transfer Bank,returned,No Promo,0.0,JNE,2022,September,9,2022-09,0,1,0,0
ORD002697,CUST0456,2025-01-19,329000,Makassar,Sulawesi Selatan,41813,Transfer Bank,returned,No Promo,0.0,JNE,2025,January,1,2025-01,0,1,0,0
ORD002698,CUST0184,2023-10-31,1247000,Medan,Sumatera Utara,25897,Kartu Kredit,shipped,No Promo,0.0,J&T,2023,October,10,2023-10,0,0,0,0
ORD002699,CUST0179,2025-02-22,21839,Medan,Sumatera Utara,35890,Kartu Kredit,delivered,NEWUSER,27161.0,J&T,2025,February,2,2025-02,0,0,1,1
ORD002700,CUST0791,2023-02-18,106114,Semarang,Jawa Tengah,14604,Kartu Kredit,delivered,SALE2024,42886.0,JNE,2023,February,2,2023-02,0,0,1,1
ORD002701,CUST0658,2024-10-02,636000,Banjarmasin,Kalimantan Selatan,41612,OVO,shipped,No Promo,0.0,J&T,2024,October,10,2024-10,0,0,0,0
ORD002702,CUST0105,2023-12-12,169237,Padang,Sumatera Barat,34061,GoPay,delivered,RAMADAN23,18763.0,Pos Indonesia,2023,December,12,2023-12,0,0,1,1
ORD002703,CUST0270,2025-02-11,377573,Semarang,Jawa Tengah,17391,QRIS,shipped,SALE2024,20427.0,SiCepat,2025,February,2,2025-02,0,0,0,1
ORD002704,CUST0475,2024-02-07,644186,Palembang,Sumatera Selatan,30199,Transfer Bank,delivered,FLASHSALE,31814.0,SiCepat,2024,February,2,2024-02,0,0,1,1
ORD002705,CUST0369,2023-08-08,458745,Pekanbaru,Riau,32570,Transfer Bank,delivered,NEWUSER,37255.0,JNE,2023,August,8,2023-08,0,0,1,1
ORD002706,CUST0400,2024-12-09,658000,Manado,Sulawesi Utara,36079,GoPay,delivered,No Promo,0.0,JNE,2024,December,12,2024-12,0,0,1,0
ORD002707,CUST0142,2024-08-29,777000,Pontianak,Kalimantan Barat,32470,Kartu Kredit,delivered,No Promo,0.0,J&T,2024,August,8,2024-08,0,0,1,0
ORD002708,CUST0538,2023-10-18,398000,Jakarta,Dki Jakarta,10465,Transfer Bank,delivered,No Promo,0.0,SiCepat,2023,October,10,2023-10,0,0,1,0
ORD002709,CUST0436,2023-12-11,1014000,Balikpapan,Kalimantan Timur,38714,QRIS,delivered,No Promo,0.0,J&T,2023,December,12,2023-12,0,0,1,0
ORD002710,CUST0701,2023-03-22,365637,Manado,Sulawesi Utara,34830,GoPay,delivered,RAMADAN23,32363.0,SiCepat,2023,March,3,2023-03,0,0,1,1
ORD002711,CUST0672,2022-03-21,229000,Malang,Jawa Timur,16899,Transfer Bank,delivered,No Promo,0.0,JNE,2022,March,3,2022-03,0,0,1,0
ORD002712,CUST0170,2025-02-01,559760,Bekasi,Jawa Barat,13402,Kartu Kredit,delivered,SALE2024,38240.0,J&T,2025,February,2,2025-02,0,0,1,1
ORD002713,CUST0028,2023-05-25,163913,Banjarmasin,Kalimantan Selatan,40238,Transfer Bank,delivered,NEWUSER,15087.0,J&T,2023,May,5,2023-05,0,0,1,1
ORD002714,CUST0796,2022-04-05,79000,Bogor,Jawa Barat,11900,GoPay,shipped,No Promo,0.0,J&T,2022,April,4,2022-04,0,0,0,0
ORD002715,CUST0493,2023-12-12,279000,Padang,Sumatera Barat,32815,Transfer Bank,shipped,No Promo,0.0,Anteraja,2023,December,12,2023-12,0,0,0,0
ORD002716,CUST0559,2022-05-07,159487,Bogor,Jawa Barat,11115,OVO,cancelled,RAMADAN23,27513.0,JNE,2022,May,5,2022-05,1,0,0,1
ORD002717,CUST0114,2022-06-15,156644,Tangerang,Banten,12379,GoPay,delivered,HARI BELANJA,31356.0,J&T,2022,June,6,2022-06,0,0,1,1
ORD002718,CUST0670,2024-08-03,348623,Bogor,Jawa Barat,10902,GoPay,processing,WEEKEND25,29377.0,Pos Indonesia,2024,August,8,2024-08,0,0,0,1
ORD002719,CUST0325,2024-07-29,798000,Tangerang,Banten,11291,QRIS,delivered,No Promo,0.0,J&T,2024,July,7,2024-07,0,0,1,0
ORD002720,CUST0015,2023-06-18,279000,Medan,Sumatera Utara,33248,OVO,delivered,No Promo,0.0,JNE,2023,June,6,2023-06,0,0,1,0
ORD002721,CUST0503,2024-10-05,536000,Depok,Jawa Barat,10509,Transfer Bank,delivered,No Promo,0.0,JNE,2024,October,10,2024-10,0,0,1,0
ORD002722,CUST0446,2025-02-19,1177000,Surabaya,Jawa Timur,15102,OVO,processing,No Promo,0.0,J&T,2025,February,2,2025-02,0,0,0,0
ORD002723,CUST0226,2024-12-08,898000,Surabaya,Jawa Timur,13175,Transfer Bank,delivered,No Promo,0.0,JNE,2024,December,12,2024-12,0,0,1,0
ORD002724,CUST0521,2023-11-02,81261,Surabaya,Jawa Timur,16403,Kartu Kredit,delivered,NEWUSER,47739.0,Pos Indonesia,2023,November,11,2023-11,0,0,1,1
ORD002725,CUST0736,2023-01-17,1070728,Pekanbaru,Riau,22496,Transfer Bank,delivered,SALE2024,27272.0,SiCepat,2023,January,1,2023-01,0,0,1,1
ORD002726,CUST0477,2024-10-20,549000,Bogor,Jawa Barat,10997,QRIS,delivered,No Promo,0.0,JNE,2024,October,10,2024-10,0,0,1,0
ORD002727,CUST0544,2024-09-12,199000,Manado,Sulawesi Utara,39038,Kartu Kredit,delivered,No Promo,0.0,Anteraja,2024,September,9,2024-09,0,0,1,0
ORD002728,CUST0357,2022-12-10,897000,Bekasi,Jawa Barat,9127,GoPay,returned,No Promo,0.0,JNE,2022,December,12,2022-12,0,1,0,0
ORD002729,CUST0677,2025-02-20,99000,Bekasi,Jawa Barat,12532,Kartu Kredit,delivered,No Promo,0.0,J&T,2025,February,2,2025-02,0,0,1,0
ORD002730,CUST0123,2023-12-17,986871,Balikpapan,Kalimantan Timur,30284,Transfer Bank,cancelled,RAMADAN23,11129.0,JNE,2023,December,12,2023-12,1,0,0,1
ORD002731,CUST0777,2023-09-26,733298,Medan,Sumatera Utara,27956,Transfer Bank,processing,SALE2024,23702.0,Anteraja,2023,September,9,2023-09,0,0,0,1
ORD002732,CUST0738,2023-06-02,254965,Jakarta,Dki Jakarta,9130,Transfer Bank,delivered,HARBOLNAS22,33035.0,J&T,2023,June,6,2023-06,0,0,1,1
ORD002733,CUST0613,2022-02-17,562129,Yogyakarta,Di Yogyakarta,18276,OVO,delivered,SALE2024,35871.0,SiCepat,2022,February,2,2022-02,0,0,1,1
ORD002734,CUST0603,2024-07-31,314717,Palembang,Sumatera Selatan,23412,QRIS,returned,HARI BELANJA,34283.0,J&T,2024,July,7,2024-07,0,1,0,1
ORD002735,CUST0511,2024-08-11,847000,Pontianak,Kalimantan Barat,39298,Transfer Bank,delivered,No Promo,0.0,SiCepat,2024,August,8,2024-08,0,0,1,0
ORD002736,CUST0551,2023-05-13,516000,Banjarmasin,Kalimantan Selatan,38456,GoPay,delivered,No Promo,0.0,JNE,2023,May,5,2023-05,0,0,1,0
ORD002737,CUST0112,2024-05-06,279000,Pontianak,Kalimantan Barat,30635,QRIS,shipped,No Promo,0.0,Pos Indonesia,2024,May,5,2024-05,0,0,0,0
ORD002738,CUST0460,2023-08-22,263822,Jakarta,Dki Jakarta,8193,GoPay,delivered,NEWUSER,15178.0,JNE,2023,August,8,2023-08,0,0,1,1
ORD002739,CUST0643,2022-03-29,1098000,Surabaya,Jawa Timur,17302,OVO,delivered,No Promo,0.0,J&T,2022,March,3,2022-03,0,0,1,0
ORD002740,CUST0632,2024-01-20,367000,Depok,Jawa Barat,12300,Kartu Kredit,delivered,No Promo,0.0,SiCepat,2024,January,1,2024-01,0,0,1,0
ORD002741,CUST0515,2023-04-12,119000,Medan,Sumatera Utara,28890,Transfer Bank,delivered,No Promo,0.0,JNE,2023,April,4,2023-04,0,0,1,0
ORD002742,CUST0593,2024-03-17,24717,Bekasi,Jawa Barat,12342,QRIS,delivered,WEEKEND25,24283.0,SiCepat,2024,March,3,2024-03,0,0,1,1
ORD002743,CUST0257,2025-02-26,998000,Depok,Jawa Barat,12129,QRIS,shipped,No Promo,0.0,JNE,2025,February,2,2025-02,0,0,0,0
ORD002744,CUST0157,2023-06-17,471357,Yogyakarta,Di Yogyakarta,13446,Transfer Bank,processing,NEWUSER,26643.0,J&T,2023,June,6,2023-06,0,0,0,1
ORD002745,CUST0763,2023-02-24,636000,Surabaya,Jawa Timur,16152,GoPay,processing,No Promo,0.0,JNE,2023,February,2,2023-02,0,0,0,0
ORD002746,CUST0191,2023-03-30,197000,Denpasar,Bali,27249,GoPay,delivered,No Promo,0.0,JNE,2023,March,3,2023-03,0,0,1,0
ORD002747,CUST0092,2023-08-03,897000,Pekanbaru,Riau,29404,OVO,delivered,No Promo,0.0,JNE,2023,August,8,2023-08,0,0,1,0
ORD002748,CUST0225,2023-08-10,129000,Bekasi,Jawa Barat,11143,Transfer Bank,shipped,No Promo,0.0,JNE,2023,August,8,2023-08,0,0,0,0
ORD002749,CUST0029,2024-02-08,133778,Yogyakarta,Di Yogyakarta,19828,Kartu Kredit,shipped,HARBOLNAS22,15222.0,SiCepat,2024,February,2,2024-02,0,0,0,1
ORD002750,CUST0096,2024-04-27,1007000,Pontianak,Kalimantan Barat,38527,OVO,delivered,No Promo,0.0,SiCepat,2024,April,4,2024-04,0,0,1,0
ORD002751,CUST0273,2023-11-15,523477,Yogyakarta,Di Yogyakarta,15367,GoPay,delivered,NEWUSER,23523.0,SiCepat,2023,November,11,2023-11,0,0,1,1
ORD002752,CUST0407,2025-02-10,199000,Pontianak,Kalimantan Barat,28729,QRIS,shipped,No Promo,0.0,J&T,2025,February,2,2025-02,0,0,0,0
ORD002753,CUST0618,2023-11-20,133959,Manado,Sulawesi Utara,40370,Kartu Kredit,delivered,HARI BELANJA,45041.0,J&T,2023,November,11,2023-11,0,0,1,1
ORD002754,CUST0651,2024-10-13,756000,Pontianak,Kalimantan Barat,29154,Transfer Bank,delivered,No Promo,0.0,SiCepat,2024,October,10,2024-10,0,0,1,0
ORD002755,CUST0469,2024-11-01,118000,Surabaya,Jawa Timur,16115,Kartu Kredit,delivered,No Promo,0.0,SiCepat,2024,November,11,2024-11,0,0,1,0
ORD002756,CUST0381,2024-08-15,79000,Malang,Jawa Timur,16619,OVO,cancelled,No Promo,0.0,J&T,2024,August,8,2024-08,1,0,0,0
ORD002757,CUST0326,2022-07-17,697000,Balikpapan,Kalimantan Timur,40742,OVO,processing,No Promo,0.0,JNE,2022,July,7,2022-07,0,0,0,0
ORD002758,CUST0180,2023-09-17,927000,Tangerang,Banten,11767,GoPay,delivered,No Promo,0.0,SiCepat,2023,September,9,2023-09,0,0,1,0
ORD002759,CUST0369,2023-08-29,848000,Makassar,Sulawesi Selatan,31092,Transfer Bank,delivered,No Promo,0.0,J&T,2023,August,8,2023-08,0,0,1,0
ORD002760,CUST0016,2025-01-19,249000,Depok,Jawa Barat,11838,GoPay,processing,No Promo,0.0,SiCepat,2025,January,1,2025-01,0,0,0,0
ORD002761,CUST0221,2023-11-02,668000,Balikpapan,Kalimantan Timur,41991,OVO,delivered,No Promo,0.0,SiCepat,2023,November,11,2023-11,0,0,1,0
ORD002762,CUST0355,2024-04-25,907000,Medan,Sumatera Utara,35234,Transfer Bank,processing,No Promo,0.0,J&T,2024,April,4,2024-04,0,0,0,0
ORD002763,CUST0773,2024-05-20,157742,Bogor,Jawa Barat,12590,Kartu Kredit,delivered,WEEKEND25,19258.0,JNE,2024,May,5,2024-05,0,0,1,1
ORD002764,CUST0647,2024-12-25,399000,Bogor,Jawa Barat,13728,Transfer Bank,delivered,No Promo,0.0,SiCepat,2024,December,12,2024-12,0,0,1,0
ORD002765,CUST0253,2022-02-12,147137,Depok,Jawa Barat,12472,GoPay,delivered,MEMBER10,31863.0,Anteraja,2022,February,2,2022-02,0,0,1,1
ORD002766,CUST0733,2024-10-06,928000,Makassar,Sulawesi Selatan,30738,GoPay,delivered,No Promo,0.0,J&T,2024,October,10,2024-10,0,0,1,0
ORD002767,CUST0597,2024-01-11,59000,Bogor,Jawa Barat,12559,GoPay,cancelled,No Promo,0.0,SiCepat,2024,January,1,2024-01,1,0,0,0
ORD002768,CUST0724,2023-02-09,398000,Surabaya,Jawa Timur,14829,GoPay,delivered,No Promo,0.0,SiCepat,2023,February,2,2023-02,0,0,1,0
ORD002769,CUST0349,2023-02-14,105411,Bogor,Jawa Barat,12471,OVO,delivered,NEWUSER,43589.0,SiCepat,2023,February,2,2023-02,0,0,1,1
ORD002770,CUST0422,2024-09-13,200920,Makassar,Sulawesi Selatan,30893,GoPay,delivered,RAMADAN23,37080.0,JNE,2024,September,9,2024-09,0,0,1,1
ORD002771,CUST0375,2023-05-15,848000,Medan,Sumatera Utara,31436,OVO,shipped,No Promo,0.0,SiCepat,2023,May,5,2023-05,0,0,0,0
ORD002772,CUST0272,2022-06-05,119000,Denpasar,Bali,24513,GoPay,delivered,No Promo,0.0,SiCepat,2022,June,6,2022-06,0,0,1,0
ORD002773,CUST0585,2022-05-07,465146,Bandung,Jawa Barat,14265,Transfer Bank,cancelled,WEEKEND25,33854.0,J&T,2022,May,5,2022-05,1,0,0,1
ORD002774,CUST0101,2024-04-05,1087261,Bandung,Jawa Barat,10402,Transfer Bank,shipped,RAMADAN23,47739.0,J&T,2024,April,4,2024-04,0,0,0,1
ORD002775,CUST0163,2024-06-02,985000,Medan,Sumatera Utara,31278,Kartu Kredit,delivered,No Promo,0.0,SiCepat,2024,June,6,2024-06,0,0,1,0
ORD002776,CUST0370,2023-02-04,573338,Pontianak,Kalimantan Barat,30766,OVO,returned,SALE2024,25662.0,SiCepat,2023,February,2,2023-02,0,1,0,1
ORD002777,CUST0777,2024-09-07,179000,Pontianak,Kalimantan Barat,30784,Transfer Bank,delivered,No Promo,0.0,J&T,2024,September,9,2024-09,0,0,1,0
ORD002778,CUST0587,2023-08-20,45317,Medan,Sumatera Utara,32738,Transfer Bank,cancelled,NEWUSER,33683.0,Anteraja,2023,August,8,2023-08,1,0,0,1
ORD002779,CUST0212,2022-06-08,237000,Semarang,Jawa Tengah,13372,OVO,delivered,No Promo,0.0,J&T,2022,June,6,2022-06,0,0,1,0
ORD002780,CUST0649,2022-05-23,329000,Jakarta,Dki Jakarta,10353,Transfer Bank,delivered,No Promo,0.0,J&T,2022,May,5,2022-05,0,0,1,0
ORD002781,CUST0625,2024-02-18,79000,Jakarta,Dki Jakarta,9188,Transfer Bank,delivered,No Promo,0.0,SiCepat,2024,February,2,2024-02,0,0,1,0
ORD002782,CUST0005,2023-07-28,363896,Bekasi,Jawa Barat,12597,Kartu Kredit,delivered,WEEKEND25,23104.0,SiCepat,2023,July,7,2023-07,0,0,1,1
ORD002783,CUST0464,2025-01-13,991084,Banjarmasin,Kalimantan Selatan,29287,Transfer Bank,delivered,MEMBER10,15916.0,JNE,2025,January,1,2025-01,0,0,1,1
ORD002784,CUST0454,2023-04-09,81053,Makassar,Sulawesi Selatan,30057,GoPay,delivered,SALE2024,47947.0,SiCepat,2023,April,4,2023-04,0,0,1,1
ORD002785,CUST0253,2024-05-10,1196000,Balikpapan,Kalimantan Timur,42366,Transfer Bank,shipped,No Promo,0.0,JNE,2024,May,5,2024-05,0,0,0,0
ORD002786,CUST0271,2023-12-18,476644,Balikpapan,Kalimantan Timur,42187,GoPay,delivered,WEEKEND25,21356.0,Anteraja,2023,December,12,2023-12,0,0,1,1
ORD002787,CUST0192,2022-04-22,229000,Padang,Sumatera Barat,26046,Transfer Bank,cancelled,No Promo,0.0,J&T,2022,April,4,2022-04,1,0,0,0
ORD002788,CUST0133,2023-06-06,898000,Palembang,Sumatera Selatan,22095,GoPay,delivered,No Promo,0.0,JNE,2023,June,6,2023-06,0,0,1,0
ORD002789,CUST0022,2024-11-17,668000,Pontianak,Kalimantan Barat,36217,GoPay,delivered,No Promo,0.0,Pos Indonesia,2024,November,11,2024-11,0,0,1,0
ORD002790,CUST0608,2023-03-07,687000,Manado,Sulawesi Utara,43120,Transfer Bank,delivered,No Promo,0.0,JNE,2023,March,3,2023-03,0,0,1,0
ORD002791,CUST0172,2023-01-01,1198000,Padang,Sumatera Barat,26749,Transfer Bank,delivered,No Promo,0.0,Anteraja,2023,January,1,2023-01,0,0,1,0
ORD002792,CUST0585,2024-09-08,208363,Makassar,Sulawesi Selatan,40032,OVO,shipped,SALE2024,29637.0,JNE,2024,September,9,2024-09,0,0,0,1
ORD002793,CUST0051,2024-11-15,229274,Yogyakarta,Di Yogyakarta,13263,Transfer Bank,delivered,FLASHSALE,19726.0,J&T,2024,November,11,2024-11,0,0,1,1
ORD002794,CUST0301,2023-09-17,578000,Balikpapan,Kalimantan Timur,43044,OVO,processing,No Promo,0.0,JNE,2023,September,9,2023-09,0,0,0,0
ORD002795,CUST0144,2024-09-14,1280619,Surabaya,Jawa Timur,12176,QRIS,delivered,HARBOLNAS22,25381.0,SiCepat,2024,September,9,2024-09,0,0,1,1
ORD002796,CUST0416,2023-09-24,278000,Jakarta,Dki Jakarta,9930,Transfer Bank,delivered,No Promo,0.0,SiCepat,2023,September,9,2023-09,0,0,1,0
ORD002797,CUST0286,2024-04-09,278000,Bogor,Jawa Barat,11108,QRIS,cancelled,No Promo,0.0,SiCepat,2024,April,4,2024-04,1,0,0,0
ORD002798,CUST0673,2024-12-27,998000,Makassar,Sulawesi Selatan,42495,Kartu Kredit,shipped,No Promo,0.0,Anteraja,2024,December,12,2024-12,0,0,0,0
ORD002799,CUST0671,2023-01-15,69000,Pontianak,Kalimantan Barat,41308,Transfer Bank,shipped,No Promo,0.0,SiCepat,2023,January,1,2023-01,0,0,0,0
ORD002800,CUST0229,2025-01-04,196000,Padang,Sumatera Barat,31703,Transfer Bank,delivered,No Promo,0.0,Pos Indonesia,2025,January,1,2025-01,0,0,1,0
ORD002801,CUST0662,2025-02-08,281633,Medan,Sumatera Utara,35790,OVO,shipped,RAMADAN23,17367.0,J&T,2025,February,2,2025-02,0,0,0,1
ORD002802,CUST0714,2024-09-20,298000,Pontianak,Kalimantan Barat,32207,OVO,cancelled,No Promo,0.0,SiCepat,2024,September,9,2024-09,1,0,0,0
ORD002803,CUST0239,2023-07-14,1240746,Jakarta,Dki Jakarta,8491,Transfer Bank,delivered,WEEKEND25,26254.0,SiCepat,2023,July,7,2023-07,0,0,1,1
ORD002804,CUST0569,2023-05-27,628000,Pekanbaru,Riau,24603,GoPay,processing,No Promo,0.0,Pos Indonesia,2023,May,5,2023-05,0,0,0,0
ORD002805,CUST0124,2024-08-17,658000,Manado,Sulawesi Utara,37412,Kartu Kredit,delivered,No Promo,0.0,J&T,2024,August,8,2024-08,0,0,1,0
ORD002806,CUST0572,2025-01-29,977000,Semarang,Jawa Tengah,13749,Transfer Bank,shipped,No Promo,0.0,JNE,2025,January,1,2025-01,0,0,0,0
ORD002807,CUST0035,2025-02-19,1205000,Bogor,Jawa Barat,14431,Transfer Bank,delivered,No Promo,0.0,JNE,2025,February,2,2025-02,0,0,1,0
ORD002808,CUST0295,2022-12-08,434240,Manado,Sulawesi Utara,39322,GoPay,delivered,RAMADAN23,13760.0,SiCepat,2022,December,12,2022-12,0,0,1,1
ORD002809,CUST0590,2022-10-13,578000,Bandung,Jawa Barat,10144,Kartu Kredit,returned,No Promo,0.0,SiCepat,2022,October,10,2022-10,0,1,0,0
ORD002810,CUST0594,2023-12-12,777000,Malang,Jawa Timur,15603,OVO,delivered,No Promo,0.0,J&T,2023,December,12,2023-12,0,0,1,0
ORD002811,CUST0523,2022-03-25,317000,Banjarmasin,Kalimantan Selatan,36983,GoPay,delivered,No Promo,0.0,J&T,2022,March,3,2022-03,0,0,1,0
ORD002812,CUST0224,2022-11-25,118000,Depok,Jawa Barat,12803,OVO,delivered,No Promo,0.0,Pos Indonesia,2022,November,11,2022-11,0,0,1,0
ORD002813,CUST0087,2024-12-27,376310,Malang,Jawa Timur,14952,Transfer Bank,delivered,WEEKEND25,40690.0,J&T,2024,December,12,2024-12,0,0,1,1
ORD002814,CUST0446,2024-01-02,302182,Padang,Sumatera Barat,34788,QRIS,processing,FLASHSALE,26818.0,J&T,2024,January,1,2024-01,0,0,0,1
ORD002815,CUST0306,2024-09-10,369657,Tangerang,Banten,12608,OVO,returned,RAMADAN23,27343.0,J&T,2024,September,9,2024-09,0,1,0,1
ORD002816,CUST0029,2024-10-31,202868,Yogyakarta,Di Yogyakarta,15486,QRIS,delivered,FLASHSALE,26132.0,Anteraja,2024,October,10,2024-10,0,0,1,1
ORD002817,CUST0565,2025-02-27,177000,Banjarmasin,Kalimantan Selatan,41310,OVO,processing,No Promo,0.0,Pos Indonesia,2025,February,2,2025-02,0,0,0,0
ORD002818,CUST0366,2024-05-21,960285,Depok,Jawa Barat,9115,QRIS,delivered,RAMADAN23,16715.0,SiCepat,2024,May,5,2024-05,0,0,1,1
ORD002819,CUST0135,2023-01-26,257885,Makassar,Sulawesi Selatan,39022,Transfer Bank,delivered,SALE2024,40115.0,JNE,2023,January,1,2023-01,0,0,1,1
ORD002820,CUST0123,2024-07-14,2833000,Balikpapan,Kalimantan Timur,44033,QRIS,shipped,No Promo,0.0,J&T,2024,July,7,2024-07,0,0,0,0
ORD002821,CUST0344,2024-04-05,1375309,Bekasi,Jawa Barat,12560,Transfer Bank,delivered,NEWUSER,18691.0,SiCepat,2024,April,4,2024-04,0,0,1,1
ORD002822,CUST0660,2024-01-02,538000,Pontianak,Kalimantan Barat,39207,Transfer Bank,delivered,No Promo,0.0,Pos Indonesia,2024,January,1,2024-01,0,0,1,0
ORD002823,CUST0790,2025-02-08,199000,Balikpapan,Kalimantan Timur,42454,Transfer Bank,delivered,No Promo,0.0,SiCepat,2025,February,2,2025-02,0,0,1,0
ORD002824,CUST0757,2024-08-11,687000,Pontianak,Kalimantan Barat,29744,Kartu Kredit,delivered,No Promo,0.0,Anteraja,2024,August,8,2024-08,0,0,1,0
ORD002825,CUST0602,2023-06-17,528000,Bekasi,Jawa Barat,9517,GoPay,delivered,No Promo,0.0,SiCepat,2023,June,6,2023-06,0,0,1,0
ORD002826,CUST0731,2024-01-15,806000,Balikpapan,Kalimantan Timur,38386,Transfer Bank,returned,No Promo,0.0,SiCepat,2024,January,1,2024-01,0,1,0,0
ORD002827,CUST0090,2024-06-04,449000,Bandung,Jawa Barat,14462,GoPay,returned,No Promo,0.0,SiCepat,2024,June,6,2024-06,0,1,0,0
ORD002828,CUST0608,2025-02-23,534786,Manado,Sulawesi Utara,42313,GoPay,delivered,FLASHSALE,23214.0,J&T,2025,February,2,2025-02,0,0,1,1
ORD002829,CUST0421,2023-02-04,636000,Jakarta,Dki Jakarta,11071,Transfer Bank,delivered,No Promo,0.0,Pos Indonesia,2023,February,2,2023-02,0,0,1,0
ORD002830,CUST0390,2023-10-24,837000,Semarang,Jawa Tengah,12047,Transfer Bank,delivered,No Promo,0.0,JNE,2023,October,10,2023-10,0,0,1,0
ORD002831,CUST0413,2025-02-08,508000,Semarang,Jawa Tengah,17683,GoPay,delivered,No Promo,0.0,J&T,2025,February,2,2025-02,0,0,1,0
ORD002832,CUST0629,2023-01-27,431358,Padang,Sumatera Barat,34084,QRIS,delivered,HARBOLNAS22,17642.0,SiCepat,2023,January,1,2023-01,0,0,1,1
ORD002833,CUST0746,2024-08-30,399000,Pekanbaru,Riau,33360,Kartu Kredit,delivered,No Promo,0.0,JNE,2024,August,8,2024-08,0,0,1,0
ORD002834,CUST0269,2023-01-27,13067,Tangerang,Banten,9383,GoPay,delivered,NEWUSER,45933.0,J&T,2023,January,1,2023-01,0,0,1,1
ORD002835,CUST0612,2023-08-22,1242345,Pekanbaru,Riau,24219,GoPay,shipped,MEMBER10,44655.0,J&T,2023,August,8,2023-08,0,0,0,1
ORD002836,CUST0557,2024-01-16,69933,Tangerang,Banten,12352,OVO,shipped,FLASHSALE,49067.0,J&T,2024,January,1,2024-01,0,0,0,1
ORD002837,CUST0169,2024-02-09,448000,Tangerang,Banten,9597,Transfer Bank,shipped,No Promo,0.0,JNE,2024,February,2,2024-02,0,0,0,0
ORD002838,CUST0068,2025-02-02,201239,Makassar,Sulawesi Selatan,34347,OVO,delivered,MEMBER10,27761.0,SiCepat,2025,February,2,2025-02,0,0,1,1
ORD002839,CUST0650,2024-05-09,118000,Yogyakarta,Di Yogyakarta,19589,OVO,delivered,No Promo,0.0,J&T,2024,May,5,2024-05,0,0,1,0
ORD002840,CUST0753,2023-06-03,298000,Surabaya,Jawa Timur,13450,Transfer Bank,delivered,No Promo,0.0,JNE,2023,June,6,2023-06,0,0,1,0
ORD002841,CUST0225,2023-10-03,129000,Bekasi,Jawa Barat,13383,Transfer Bank,delivered,No Promo,0.0,JNE,2023,October,10,2023-10,0,0,1,0
ORD002842,CUST0331,2023-12-30,257291,Makassar,Sulawesi Selatan,44685,GoPay,delivered,WEEKEND25,40709.0,JNE,2023,December,12,2023-12,0,0,1,1
ORD002843,CUST0452,2024-11-07,370093,Semarang,Jawa Tengah,17080,QRIS,delivered,NEWUSER,46907.0,JNE,2024,November,11,2024-11,0,0,1,1
ORD002844,CUST0119,2024-02-25,228000,Makassar,Sulawesi Selatan,40495,OVO,delivered,No Promo,0.0,Anteraja,2024,February,2,2024-02,0,0,1,0
ORD002845,CUST0741,2023-08-08,91625,Pekanbaru,Riau,26970,GoPay,cancelled,RAMADAN23,27375.0,J&T,2023,August,8,2023-08,1,0,0,1
ORD002846,CUST0425,2022-09-11,303879,Manado,Sulawesi Utara,42397,GoPay,delivered,NEWUSER,43121.0,Anteraja,2022,September,9,2022-09,0,0,1,1
ORD002847,CUST0127,2025-02-09,772002,Bogor,Jawa Barat,12874,Transfer Bank,processing,NEWUSER,25998.0,JNE,2025,February,2,2025-02,0,0,0,1
ORD002848,CUST0558,2023-06-10,317244,Denpasar,Bali,20054,Transfer Bank,shipped,FLASHSALE,49756.0,JNE,2023,June,6,2023-06,0,0,0,1
ORD002849,CUST0251,2022-10-17,1455000,Surabaya,Jawa Timur,13918,Transfer Bank,delivered,No Promo,0.0,JNE,2022,October,10,2022-10,0,0,1,0
ORD002850,CUST0437,2023-10-15,129000,Pekanbaru,Riau,33136,GoPay,delivered,No Promo,0.0,SiCepat,2023,October,10,2023-10,0,0,1,0
ORD002851,CUST0297,2022-01-22,249000,Banjarmasin,Kalimantan Selatan,38866,GoPay,delivered,No Promo,0.0,SiCepat,2022,January,1,2022-01,0,0,1,0
ORD002852,CUST0613,2023-01-24,69000,Yogyakarta,Di Yogyakarta,13743,Transfer Bank,delivered,No Promo,0.0,JNE,2023,January,1,2023-01,0,0,1,0
ORD002853,CUST0204,2023-05-13,1299937,Manado,Sulawesi Utara,35647,GoPay,delivered,RAMADAN23,27063.0,SiCepat,2023,May,5,2023-05,0,0,1,1
ORD002854,CUST0339,2025-02-06,498000,Semarang,Jawa Tengah,14842,GoPay,returned,No Promo,0.0,JNE,2025,February,2,2025-02,0,1,0,0
ORD002855,CUST0361,2023-03-13,418000,Pontianak,Kalimantan Barat,32671,Kartu Kredit,delivered,No Promo,0.0,Pos Indonesia,2023,March,3,2023-03,0,0,1,0
ORD002856,CUST0289,2024-10-07,285684,Manado,Sulawesi Utara,34454,Kartu Kredit,processing,WEEKEND25,32316.0,SiCepat,2024,October,10,2024-10,0,0,0,1
ORD002857,CUST0788,2024-12-06,599000,Semarang,Jawa Tengah,14335,QRIS,shipped,No Promo,0.0,JNE,2024,December,12,2024-12,0,0,0,0
ORD002858,CUST0261,2024-02-14,1005000,Palembang,Sumatera Selatan,32692,GoPay,delivered,No Promo,0.0,JNE,2024,February,2,2024-02,0,0,1,0
ORD002859,CUST0055,2023-10-10,334720,Jakarta,Dki Jakarta,11631,QRIS,delivered,MEMBER10,43280.0,Pos Indonesia,2023,October,10,2023-10,0,0,1,1
ORD002860,CUST0379,2024-06-25,79000,Pontianak,Kalimantan Barat,40143,GoPay,delivered,No Promo,0.0,Anteraja,2024,June,6,2024-06,0,0,1,0
ORD002861,CUST0316,2022-05-16,546032,Denpasar,Bali,20103,OVO,cancelled,WEEKEND25,49968.0,Anteraja,2022,May,5,2022-05,1,0,0,1
ORD002862,CUST0603,2024-03-19,431538,Padang,Sumatera Barat,34580,Transfer Bank,shipped,HARI BELANJA,36462.0,J&T,2024,March,3,2024-03,0,0,0,1
ORD002863,CUST0707,2023-01-25,179000,Medan,Sumatera Utara,34532,GoPay,processing,No Promo,0.0,J&T,2023,January,1,2023-01,0,0,0,0
ORD002864,CUST0191,2024-09-10,323420,Denpasar,Bali,26226,GoPay,processing,WEEKEND25,34580.0,JNE,2024,September,9,2024-09,0,0,0,1
ORD002865,CUST0782,2025-02-27,399000,Denpasar,Bali,31204,GoPay,delivered,No Promo,0.0,JNE,2025,February,2,2025-02,0,0,1,0
ORD002866,CUST0531,2023-06-29,149000,Banjarmasin,Kalimantan Selatan,29161,QRIS,delivered,No Promo,0.0,J&T,2023,June,6,2023-06,0,0,1,0
ORD002867,CUST0254,2023-12-07,620315,Balikpapan,Kalimantan Timur,31438,Transfer Bank,cancelled,RAMADAN23,27685.0,JNE,2023,December,12,2023-12,1,0,0,1
ORD002868,CUST0079,2022-02-24,401733,Pontianak,Kalimantan Barat,41215,Transfer Bank,delivered,HARI BELANJA,47267.0,J&T,2022,February,2,2022-02,0,0,1,1
ORD002869,CUST0447,2022-10-28,258000,Makassar,Sulawesi Selatan,33093,Kartu Kredit,delivered,No Promo,0.0,SiCepat,2022,October,10,2022-10,0,0,1,0
ORD002870,CUST0269,2024-08-24,258000,Tangerang,Banten,9205,OVO,delivered,No Promo,0.0,JNE,2024,August,8,2024-08,0,0,1,0
ORD002871,CUST0168,2023-03-22,98000,Banjarmasin,Kalimantan Selatan,35566,Transfer Bank,delivered,No Promo,0.0,SiCepat,2023,March,3,2023-03,0,0,1,0
ORD002872,CUST0409,2023-10-21,89000,Bekasi,Jawa Barat,9012,GoPay,shipped,No Promo,0.0,J&T,2023,October,10,2023-10,0,0,0,0
ORD002873,CUST0536,2024-01-17,353025,Palembang,Sumatera Selatan,25409,Kartu Kredit,delivered,HARBOLNAS22,45975.0,SiCepat,2024,January,1,2024-01,0,0,1,1
ORD002874,CUST0177,2024-11-01,248000,Bekasi,Jawa Barat,13207,OVO,delivered,No Promo,0.0,SiCepat,2024,November,11,2024-11,0,0,1,0
ORD002875,CUST0158,2023-04-14,238714,Bandung,Jawa Barat,13100,OVO,cancelled,HARI BELANJA,49286.0,Anteraja,2023,April,4,2023-04,1,0,0,1
ORD002876,CUST0057,2023-08-11,723255,Semarang,Jawa Tengah,13920,Kartu Kredit,shipped,SALE2024,10745.0,JNE,2023,August,8,2023-08,0,0,0,1
ORD002877,CUST0700,2022-11-21,188220,Banjarmasin,Kalimantan Selatan,35742,GoPay,delivered,SALE2024,19780.0,J&T,2022,November,11,2022-11,0,0,1,1
ORD002878,CUST0186,2025-01-05,658000,Semarang,Jawa Tengah,12847,GoPay,delivered,No Promo,0.0,SiCepat,2025,January,1,2025-01,0,0,1,0
ORD002879,CUST0179,2024-03-08,601484,Medan,Sumatera Utara,27353,Transfer Bank,delivered,MEMBER10,45516.0,JNE,2024,March,3,2024-03,0,0,1,1
ORD002880,CUST0686,2023-11-06,59000,Semarang,Jawa Tengah,13569,Transfer Bank,delivered,No Promo,0.0,SiCepat,2023,November,11,2023-11,0,0,1,0
ORD002881,CUST0456,2022-09-23,49000,Makassar,Sulawesi Selatan,38339,GoPay,delivered,No Promo,0.0,Anteraja,2022,September,9,2022-09,0,0,1,0
ORD002882,CUST0326,2024-11-28,101690,Balikpapan,Kalimantan Timur,42765,Transfer Bank,shipped,HARBOLNAS22,27310.0,SiCepat,2024,November,11,2024-11,0,0,0,1
ORD002883,CUST0529,2025-02-26,548000,Makassar,Sulawesi Selatan,34165,Transfer Bank,delivered,No Promo,0.0,J&T,2025,February,2,2025-02,0,0,1,0
ORD002884,CUST0374,2024-09-07,218871,Pontianak,Kalimantan Barat,35175,Kartu Kredit,processing,NEWUSER,10129.0,JNE,2024,September,9,2024-09,0,0,0,1
ORD002885,CUST0655,2025-02-08,262171,Depok,Jawa Barat,12956,Kartu Kredit,returned,NEWUSER,24829.0,J&T,2025,February,2,2025-02,0,1,0,1
ORD002886,CUST0239,2023-04-17,553109,Jakarta,Dki Jakarta,11136,QRIS,returned,HARI BELANJA,34891.0,JNE,2023,April,4,2023-04,0,1,0,1
ORD002887,CUST0781,2022-10-06,587000,Yogyakarta,Di Yogyakarta,19048,Kartu Kredit,delivered,No Promo,0.0,SiCepat,2022,October,10,2022-10,0,0,1,0
ORD002888,CUST0163,2023-11-05,576000,Bandung,Jawa Barat,12684,GoPay,cancelled,No Promo,0.0,SiCepat,2023,November,11,2023-11,1,0,0,0
ORD002889,CUST0066,2022-06-21,299000,Malang,Jawa Timur,19681,GoPay,delivered,No Promo,0.0,JNE,2022,June,6,2022-06,0,0,1,0
ORD002890,CUST0733,2023-05-09,498000,Makassar,Sulawesi Selatan,42935,OVO,delivered,No Promo,0.0,Pos Indonesia,2023,May,5,2023-05,0,0,1,0
ORD002891,CUST0757,2024-01-08,1772297,Pontianak,Kalimantan Barat,30714,QRIS,returned,NEWUSER,24703.0,J&T,2024,January,1,2024-01,0,1,0,1
ORD002892,CUST0310,2022-09-16,1635000,Medan,Sumatera Utara,37769,GoPay,delivered,No Promo,0.0,SiCepat,2022,September,9,2022-09,0,0,1,0
ORD002893,CUST0195,2024-05-07,707000,Bekasi,Jawa Barat,11042,GoPay,delivered,No Promo,0.0,JNE,2024,May,5,2024-05,0,0,1,0
ORD002894,CUST0642,2024-12-18,347000,Palembang,Sumatera Selatan,32099,GoPay,shipped,No Promo,0.0,J&T,2024,December,12,2024-12,0,0,0,0
ORD002895,CUST0538,2022-10-05,247000,Palembang,Sumatera Selatan,33477,OVO,processing,No Promo,0.0,J&T,2022,October,10,2022-10,0,0,0,0
ORD002896,CUST0425,2025-01-25,451197,Manado,Sulawesi Utara,33041,Kartu Kredit,delivered,WEEKEND25,26803.0,Anteraja,2025,January,1,2025-01,0,0,1,1
ORD002897,CUST0280,2024-10-03,49000,Depok,Jawa Barat,11875,Transfer Bank,delivered,No Promo,0.0,JNE,2024,October,10,2024-10,0,0,1,0
ORD002898,CUST0235,2022-02-17,775000,Tangerang,Banten,13304,GoPay,delivered,No Promo,0.0,J&T,2022,February,2,2022-02,0,0,1,0
ORD002899,CUST0497,2024-06-06,363558,Makassar,Sulawesi Selatan,35633,Kartu Kredit,delivered,MEMBER10,14442.0,SiCepat,2024,June,6,2024-06,0,0,1,1
ORD002900,CUST0746,2023-04-18,449000,Pekanbaru,Riau,29569,GoPay,delivered,No Promo,0.0,J&T,2023,April,4,2023-04,0,0,1,0
ORD002901,CUST0522,2024-07-01,449000,Jakarta,Dki Jakarta,10877,QRIS,returned,No Promo,0.0,Anteraja,2024,July,7,2024-07,0,1,0,0
ORD002902,CUST0063,2024-09-08,557000,Pekanbaru,Riau,32596,GoPay,delivered,No Promo,0.0,SiCepat,2024,September,9,2024-09,0,0,1,0
ORD002903,CUST0163,2024-10-03,658000,Bandung,Jawa Barat,13934,Kartu Kredit,delivered,No Promo,0.0,JNE,2024,October,10,2024-10,0,0,1,0
ORD002904,CUST0066,2022-01-01,574673,Malang,Jawa Timur,20960,OVO,delivered,WEEKEND25,23327.0,Pos Indonesia,2022,January,1,2022-01,0,0,1,1
ORD002905,CUST0489,2024-02-19,228923,Depok,Jawa Barat,9390,Transfer Bank,delivered,MEMBER10,29077.0,J&T,2024,February,2,2024-02,0,0,1,1
ORD002906,CUST0379,2023-12-12,299000,Pontianak,Kalimantan Barat,32646,Kartu Kredit,cancelled,No Promo,0.0,Anteraja,2023,December,12,2023-12,1,0,0,0
ORD002907,CUST0298,2023-08-27,119000,Pontianak,Kalimantan Barat,39240,GoPay,processing,No Promo,0.0,J&T,2023,August,8,2023-08,0,0,0,0
ORD002908,CUST0790,2024-05-05,527000,Depok,Jawa Barat,9988,Transfer Bank,delivered,No Promo,0.0,Pos Indonesia,2024,May,5,2024-05,0,0,1,0
ORD002909,CUST0210,2025-02-17,298000,Pekanbaru,Riau,31236,Transfer Bank,delivered,No Promo,0.0,J&T,2025,February,2,2025-02,0,0,1,0
ORD002910,CUST0223,2023-12-26,397000,Bekasi,Jawa Barat,11992,GoPay,delivered,No Promo,0.0,JNE,2023,December,12,2023-12,0,0,1,0
ORD002911,CUST0792,2024-05-10,1297000,Palembang,Sumatera Selatan,33017,Transfer Bank,delivered,No Promo,0.0,Anteraja,2024,May,5,2024-05,0,0,1,0
ORD002912,CUST0060,2022-04-06,319752,Pekanbaru,Riau,23139,GoPay,delivered,WEEKEND25,38248.0,SiCepat,2022,April,4,2022-04,0,0,1,1
ORD002913,CUST0677,2023-04-01,498000,Surabaya,Jawa Timur,12798,GoPay,delivered,No Promo,0.0,JNE,2023,April,4,2023-04,0,0,1,0
ORD002914,CUST0699,2024-05-17,399000,Medan,Sumatera Utara,37071,OVO,shipped,No Promo,0.0,SiCepat,2024,May,5,2024-05,0,0,0,0
ORD002915,CUST0070,2024-01-17,781639,Balikpapan,Kalimantan Timur,34453,QRIS,shipped,WEEKEND25,45361.0,J&T,2024,January,1,2024-01,0,0,0,1
ORD002916,CUST0297,2024-06-21,149130,Manado,Sulawesi Utara,35507,OVO,delivered,HARI BELANJA,49870.0,Anteraja,2024,June,6,2024-06,0,0,1,1
ORD002917,CUST0633,2023-03-28,28744,Bekasi,Jawa Barat,12871,Kartu Kredit,shipped,RAMADAN23,20256.0,J&T,2023,March,3,2023-03,0,0,0,1
ORD002918,CUST0784,2023-08-06,73227,Tangerang,Banten,11338,OVO,delivered,FLASHSALE,45773.0,J&T,2023,August,8,2023-08,0,0,1,1
ORD002919,CUST0136,2023-07-16,320320,Makassar,Sulawesi Selatan,33894,OVO,delivered,RAMADAN23,36680.0,J&T,2023,July,7,2023-07,0,0,1,1
ORD002920,CUST0207,2024-07-14,75263,Surabaya,Jawa Timur,15955,OVO,delivered,RAMADAN23,42737.0,SiCepat,2024,July,7,2024-07,0,0,1,1
ORD002921,CUST0400,2023-01-07,89000,Manado,Sulawesi Utara,36681,OVO,processing,No Promo,0.0,J&T,2023,January,1,2023-01,0,0,0,0
ORD002922,CUST0627,2023-06-01,1585000,Balikpapan,Kalimantan Timur,35323,OVO,delivered,No Promo,0.0,J&T,2023,June,6,2023-06,0,0,1,0
ORD002923,CUST0035,2024-03-27,53590,Bogor,Jawa Barat,12920,QRIS,delivered,NEWUSER,45410.0,J&T,2024,March,3,2024-03,0,0,1,1
ORD002924,CUST0753,2022-09-09,199270,Surabaya,Jawa Timur,12272,GoPay,shipped,FLASHSALE,49730.0,SiCepat,2022,September,9,2022-09,0,0,0,1
ORD002925,CUST0197,2022-03-14,881186,Bandung,Jawa Barat,10273,GoPay,processing,WEEKEND25,16814.0,J&T,2022,March,3,2022-03,0,0,0,1
ORD002926,CUST0785,2023-06-02,177000,Balikpapan,Kalimantan Timur,41656,OVO,delivered,No Promo,0.0,Pos Indonesia,2023,June,6,2023-06,0,0,1,0
ORD002927,CUST0552,2025-01-14,447000,Padang,Sumatera Barat,32437,OVO,shipped,No Promo,0.0,J&T,2025,January,1,2025-01,0,0,0,0
ORD002928,CUST0567,2023-11-10,1285000,Pekanbaru,Riau,25180,Kartu Kredit,delivered,No Promo,0.0,SiCepat,2023,November,11,2023-11,0,0,1,0
ORD002929,CUST0407,2022-11-26,586434,Pontianak,Kalimantan Barat,33558,OVO,delivered,SALE2024,40566.0,JNE,2022,November,11,2022-11,0,0,1,1
ORD002930,CUST0723,2023-02-03,896000,Medan,Sumatera Utara,30271,GoPay,delivered,No Promo,0.0,J&T,2023,February,2,2023-02,0,0,1,0
ORD002931,CUST0553,2022-06-05,238000,Malang,Jawa Timur,20617,OVO,delivered,No Promo,0.0,J&T,2022,June,6,2022-06,0,0,1,0
ORD002932,CUST0780,2024-12-30,138000,Medan,Sumatera Utara,31549,QRIS,delivered,No Promo,0.0,J&T,2024,December,12,2024-12,0,0,1,0
ORD002933,CUST0216,2024-04-24,349000,Palembang,Sumatera Selatan,32713,Transfer Bank,delivered,No Promo,0.0,SiCepat,2024,April,4,2024-04,0,0,1,0
ORD002934,CUST0703,2023-11-06,348000,Semarang,Jawa Tengah,15226,GoPay,delivered,No Promo,0.0,JNE,2023,November,11,2023-11,0,0,1,0
ORD002935,CUST0085,2022-01-07,527000,Bogor,Jawa Barat,13270,GoPay,delivered,No Promo,0.0,J&T,2022,January,1,2022-01,0,0,1,0
ORD002936,CUST0722,2024-02-13,102425,Makassar,Sulawesi Selatan,38096,OVO,processing,HARBOLNAS22,15575.0,J&T,2024,February,2,2024-02,0,0,0,1
ORD002937,CUST0158,2022-10-04,1130361,Bandung,Jawa Barat,11649,GoPay,delivered,RAMADAN23,34639.0,Pos Indonesia,2022,October,10,2022-10,0,0,1,1
ORD002938,CUST0172,2023-10-25,428000,Padang,Sumatera Barat,27483,GoPay,delivered,No Promo,0.0,SiCepat,2023,October,10,2023-10,0,0,1,0
ORD002939,CUST0301,2023-01-18,973570,Tangerang,Banten,13580,QRIS,delivered,SALE2024,23430.0,JNE,2023,January,1,2023-01,0,0,1,1
ORD002940,CUST0228,2022-06-28,149000,Malang,Jawa Timur,16234,OVO,delivered,No Promo,0.0,JNE,2022,June,6,2022-06,0,0,1,0
ORD002941,CUST0653,2023-06-04,149000,Denpasar,Bali,26222,Transfer Bank,shipped,No Promo,0.0,J&T,2023,June,6,2023-06,0,0,0,0
ORD002942,CUST0195,2024-08-22,1048000,Semarang,Jawa Tengah,17306,Transfer Bank,delivered,No Promo,0.0,JNE,2024,August,8,2024-08,0,0,1,0
ORD002943,CUST0672,2024-01-03,351206,Malang,Jawa Timur,19387,OVO,processing,FLASHSALE,47794.0,SiCepat,2024,January,1,2024-01,0,0,0,1
ORD002944,CUST0375,2023-01-03,1619975,Medan,Sumatera Utara,31351,GoPay,delivered,RAMADAN23,27025.0,J&T,2023,January,1,2023-01,0,0,1,1
ORD002945,CUST0321,2022-02-01,49000,Makassar,Sulawesi Selatan,40484,Kartu Kredit,delivered,No Promo,0.0,SiCepat,2022,February,2,2022-02,0,0,1,0
ORD002946,CUST0651,2023-05-31,249000,Pontianak,Kalimantan Barat,30313,QRIS,delivered,No Promo,0.0,Anteraja,2023,May,5,2023-05,0,0,1,0
ORD002947,CUST0363,2022-01-29,877000,Surabaya,Jawa Timur,14329,OVO,delivered,No Promo,0.0,JNE,2022,January,1,2022-01,0,0,1,0
ORD002948,CUST0188,2023-01-31,697642,Padang,Sumatera Barat,29279,Kartu Kredit,delivered,NEWUSER,49358.0,JNE,2023,January,1,2023-01,0,0,1,1
ORD002949,CUST0750,2022-04-23,297084,Bogor,Jawa Barat,14697,Kartu Kredit,delivered,NEWUSER,31916.0,JNE,2022,April,4,2022-04,0,0,1,1
ORD002950,CUST0777,2024-12-07,487728,Manado,Sulawesi Utara,42926,Kartu Kredit,cancelled,HARBOLNAS22,39272.0,JNE,2024,December,12,2024-12,1,0,0,1
ORD002951,CUST0401,2022-04-29,49000,Denpasar,Bali,25617,Transfer Bank,delivered,No Promo,0.0,SiCepat,2022,April,4,2022-04,0,0,1,0
ORD002952,CUST0405,2024-03-28,178000,Denpasar,Bali,20956,GoPay,processing,No Promo,0.0,J&T,2024,March,3,2024-03,0,0,0,0
ORD002953,CUST0141,2024-04-28,59658,Malang,Jawa Timur,16130,Kartu Kredit,delivered,FLASHSALE,29342.0,J&T,2024,April,4,2024-04,0,0,1,1
ORD002954,CUST0088,2024-12-06,136651,Jakarta,Dki Jakarta,10395,GoPay,processing,NEWUSER,12349.0,SiCepat,2024,December,12,2024-12,0,0,0,1
ORD002955,CUST0373,2024-10-18,698000,Semarang,Jawa Tengah,16758,OVO,processing,No Promo,0.0,SiCepat,2024,October,10,2024-10,0,0,0,0
ORD002956,CUST0057,2024-08-29,467000,Banjarmasin,Kalimantan Selatan,32779,OVO,delivered,No Promo,0.0,J&T,2024,August,8,2024-08,0,0,1,0
ORD002957,CUST0536,2023-06-12,679449,Medan,Sumatera Utara,38786,Kartu Kredit,delivered,FLASHSALE,18551.0,Pos Indonesia,2023,June,6,2023-06,0,0,1,1
ORD002958,CUST0725,2023-08-10,199000,Makassar,Sulawesi Selatan,32254,Kartu Kredit,processing,No Promo,0.0,JNE,2023,August,8,2023-08,0,0,0,0
ORD002959,CUST0179,2023-02-09,318000,Medan,Sumatera Utara,32374,Transfer Bank,delivered,No Promo,0.0,SiCepat,2023,February,2,2023-02,0,0,1,0
ORD002960,CUST0124,2023-01-10,424887,Manado,Sulawesi Utara,40476,GoPay,returned,HARI BELANJA,23113.0,J&T,2023,January,1,2023-01,0,1,0,1
ORD002961,CUST0647,2023-08-15,295657,Bogor,Jawa Barat,11783,Transfer Bank,processing,WEEKEND25,33343.0,Pos Indonesia,2023,August,8,2023-08,0,0,0,1
ORD002962,CUST0308,2025-02-28,628000,Pontianak,Kalimantan Barat,37613,QRIS,delivered,No Promo,0.0,SiCepat,2025,February,2,2025-02,0,0,1,0
ORD002963,CUST0772,2024-06-17,748000,Denpasar,Bali,30966,Kartu Kredit,shipped,No Promo,0.0,SiCepat,2024,June,6,2024-06,0,0,0,0
ORD002964,CUST0479,2023-10-01,249404,Padang,Sumatera Barat,24386,GoPay,delivered,HARI BELANJA,29596.0,Anteraja,2023,October,10,2023-10,0,0,1,1
ORD002965,CUST0610,2024-02-18,648000,Depok,Jawa Barat,13962,Kartu Kredit,cancelled,No Promo,0.0,JNE,2024,February,2,2024-02,1,0,0,0
ORD002966,CUST0130,2024-01-27,329000,Manado,Sulawesi Utara,35049,Kartu Kredit,delivered,No Promo,0.0,SiCepat,2024,January,1,2024-01,0,0,1,0
ORD002967,CUST0191,2022-01-12,82428,Denpasar,Bali,21133,Kartu Kredit,delivered,SALE2024,36572.0,SiCepat,2022,January,1,2022-01,0,0,1,1
ORD002968,CUST0565,2024-12-31,728000,Banjarmasin,Kalimantan Selatan,37906,Kartu Kredit,delivered,No Promo,0.0,J&T,2024,December,12,2024-12,0,0,1,0
ORD002969,CUST0033,2025-02-26,249385,Balikpapan,Kalimantan Timur,35572,QRIS,delivered,NEWUSER,29615.0,SiCepat,2025,February,2,2025-02,0,0,1,1
ORD002970,CUST0521,2024-11-02,397000,Palembang,Sumatera Selatan,33678,Transfer Bank,processing,No Promo,0.0,Pos Indonesia,2024,November,11,2024-11,0,0,0,0
ORD002971,CUST0215,2024-02-26,399000,Banjarmasin,Kalimantan Selatan,39336,GoPay,cancelled,No Promo,0.0,J&T,2024,February,2,2024-02,1,0,0,0
ORD002972,CUST0215,2023-11-11,88767,Banjarmasin,Kalimantan Selatan,32836,GoPay,delivered,HARI BELANJA,10233.0,J&T,2023,November,11,2023-11,0,0,1,1
ORD002973,CUST0592,2024-04-09,199000,Palembang,Sumatera Selatan,27863,OVO,processing,No Promo,0.0,Anteraja,2024,April,4,2024-04,0,0,0,0
ORD002974,CUST0261,2024-08-04,219629,Banjarmasin,Kalimantan Selatan,41698,OVO,shipped,RAMADAN23,29371.0,SiCepat,2024,August,8,2024-08,0,0,0,1
ORD002975,CUST0342,2025-01-25,1045422,Pontianak,Kalimantan Barat,37057,OVO,processing,MEMBER10,31578.0,SiCepat,2025,January,1,2025-01,0,0,0,1
ORD002976,CUST0549,2023-03-05,816593,Bekasi,Jawa Barat,12960,QRIS,shipped,SALE2024,39407.0,JNE,2023,March,3,2023-03,0,0,0,1
ORD002977,CUST0605,2023-12-24,731518,Denpasar,Bali,24440,GoPay,cancelled,HARBOLNAS22,46482.0,SiCepat,2023,December,12,2023-12,1,0,0,1
ORD002978,CUST0197,2022-04-24,887000,Depok,Jawa Barat,10637,Kartu Kredit,delivered,No Promo,0.0,JNE,2022,April,4,2022-04,0,0,1,0
ORD002979,CUST0277,2023-04-15,865000,Bekasi,Jawa Barat,10726,OVO,delivered,No Promo,0.0,J&T,2023,April,4,2023-04,0,0,1,0
ORD002980,CUST0199,2023-06-28,537000,Palembang,Sumatera Selatan,27515,Transfer Bank,returned,No Promo,0.0,JNE,2023,June,6,2023-06,0,1,0,0
ORD002981,CUST0225,2025-01-11,178000,Bekasi,Jawa Barat,13047,Kartu Kredit,shipped,No Promo,0.0,SiCepat,2025,January,1,2025-01,0,0,0,0
ORD002982,CUST0642,2024-12-30,361560,Palembang,Sumatera Selatan,34024,GoPay,shipped,MEMBER10,34440.0,JNE,2024,December,12,2024-12,0,0,0,1
ORD002983,CUST0787,2024-06-27,59000,Tangerang,Banten,9445,Transfer Bank,delivered,No Promo,0.0,SiCepat,2024,June,6,2024-06,0,0,1,0
ORD002984,CUST0287,2024-04-14,898000,Banjarmasin,Kalimantan Selatan,34148,OVO,cancelled,No Promo,0.0,SiCepat,2024,April,4,2024-04,1,0,0,0
ORD002985,CUST0226,2024-05-10,119000,Bekasi,Jawa Barat,11028,OVO,delivered,No Promo,0.0,J&T,2024,May,5,2024-05,0,0,1,0
ORD002986,CUST0160,2024-02-17,508468,Pontianak,Kalimantan Barat,36607,OVO,delivered,HARBOLNAS22,49532.0,Pos Indonesia,2024,February,2,2024-02,0,0,1,1
ORD002987,CUST0084,2022-05-24,104370,Jakarta,Dki Jakarta,10091,Transfer Bank,shipped,RAMADAN23,14630.0,J&T,2022,May,5,2022-05,0,0,0,1
ORD002988,CUST0691,2025-02-02,558000,Bogor,Jawa Barat,13041,OVO,returned,No Promo,0.0,J&T,2025,February,2,2025-02,0,1,0,0
ORD002989,CUST0701,2024-11-24,461919,Pontianak,Kalimantan Barat,37783,Kartu Kredit,delivered,FLASHSALE,37081.0,SiCepat,2024,November,11,2024-11,0,0,1,1
ORD002990,CUST0169,2024-04-08,1157000,Tangerang,Banten,13920,GoPay,processing,No Promo,0.0,JNE,2024,April,4,2024-04,0,0,0,0
ORD002991,CUST0609,2024-05-16,328000,Bekasi,Jawa Barat,11802,OVO,delivered,No Promo,0.0,Pos Indonesia,2024,May,5,2024-05,0,0,1,0
ORD002992,CUST0224,2023-05-09,449240,Depok,Jawa Barat,12128,GoPay,delivered,RAMADAN23,28760.0,J&T,2023,May,5,2023-05,0,0,1,1
ORD002993,CUST0659,2024-08-31,837661,Palembang,Sumatera Selatan,27551,OVO,shipped,WEEKEND25,39339.0,SiCepat,2024,August,8,2024-08,0,0,0,1
ORD002994,CUST0707,2023-05-25,199000,Banjarmasin,Kalimantan Selatan,35157,Kartu Kredit,cancelled,No Promo,0.0,JNE,2023,May,5,2023-05,1,0,0,0
ORD002995,CUST0414,2024-05-27,817000,Surabaya,Jawa Timur,16493,QRIS,delivered,No Promo,0.0,SiCepat,2024,May,5,2024-05,0,0,1,0
ORD002996,CUST0570,2024-05-31,518000,Tangerang,Banten,11227,Transfer Bank,delivered,No Promo,0.0,SiCepat,2024,May,5,2024-05,0,0,1,0
ORD002997,CUST0327,2024-02-28,378002,Denpasar,Bali,27881,Transfer Bank,delivered,RAMADAN23,20998.0,J&T,2024,February,2,2024-02,0,0,1,1
ORD002998,CUST0171,2024-06-28,520907,Banjarmasin,Kalimantan Selatan,37268,OVO,cancelled,HARI BELANJA,28093.0,SiCepat,2024,June,6,2024-06,1,0,0,1
ORD002999,CUST0230,2025-01-02,258000,Banjarmasin,Kalimantan Selatan,38583,Kartu Kredit,cancelled,No Promo,0.0,JNE,2025,January,1,2025-01,1,0,0,0
ORD003000,CUST0556,2024-05-22,38484,Depok,Jawa Barat,13709,OVO,returned,RAMADAN23,10516.0,J&T,2024,May,5,2024-05,0,1,0,1
